scenario,seed,method,duration_s,weight,bursts,connection_prob,inhibitory_fraction,seconds,spikes,n_tested,n_true,tp,fp,fn,fp_indirect,precision,precision_functional,recall,false_positive_rate,auc,delay_error_ms,n_true_inh,inh_tp,inh_fp,inh_fn,inh_fp_reverse,inh_precision,inh_recall,inh_auc
no-bursts T=120s w=0.03,0,cch_hollow,120,0.03,False,0.1,0.0,0.01,all,72,7,6,0,1,0,1.0,1.0,0.8571428571428571,0.0,1.0,0.11014909935892092,0,nan,nan,nan,nan,nan,nan,nan
no-bursts T=120s w=0.03,0,cch_hollow,120,0.03,False,0.1,0.0,0.01,no_bursts,72,7,6,0,1,0,1.0,1.0,0.8571428571428571,0.0,1.0,0.11014909935892092,0,nan,nan,nan,nan,nan,nan,nan
no-bursts T=120s w=0.03,0,cch_hollow,120,0.03,False,0.1,0.0,0.01,robust,72,7,6,0,1,0,1.0,1.0,0.8571428571428571,0.0,1.0,0.11014909935892092,0,nan,nan,nan,nan,nan,nan,nan
no-bursts T=120s w=0.03,0,cch_jitter,120,0.03,False,0.1,0.0,1.03,all,72,7,5,0,2,0,1.0,1.0,0.7142857142857143,0.0,1.0,0.10507848487365479,0,nan,nan,nan,nan,nan,nan,nan
no-bursts T=120s w=0.03,0,cch_jitter,120,0.03,False,0.1,0.0,1.03,no_bursts,72,7,5,0,2,0,1.0,1.0,0.7142857142857143,0.0,1.0,0.10507848487365479,0,nan,nan,nan,nan,nan,nan,nan
no-bursts T=120s w=0.03,0,cch_jitter,120,0.03,False,0.1,0.0,1.03,robust,72,7,5,0,2,0,1.0,1.0,0.7142857142857143,0.0,1.0,0.10507848487365479,0,nan,nan,nan,nan,nan,nan,nan
no-bursts T=120s w=0.03,0,sttc,120,0.03,False,0.1,0.0,2.09,all,36,7,0,0,7,0,nan,nan,0.0,0.0,0.8866995073891626,nan,0,nan,nan,nan,nan,nan,nan,nan
no-bursts T=120s w=0.03,0,sttc,120,0.03,False,0.1,0.0,2.09,no_bursts,36,7,0,0,7,0,nan,nan,0.0,0.0,0.8866995073891626,nan,0,nan,nan,nan,nan,nan,nan,nan
no-bursts T=120s w=0.03,0,sttc,120,0.03,False,0.1,0.0,2.09,robust,36,7,0,0,7,0,nan,nan,0.0,0.0,0.8866995073891626,nan,0,nan,nan,nan,nan,nan,nan,nan
no-bursts T=120s w=0.03,0,tspe,120,0.03,False,0.1,0.0,8.74,all,72,7,4,0,3,0,1.0,1.0,0.5714285714285714,0.0,0.9956043956043956,0.1769584612087196,0,0,1,0,0,0.0,nan,nan
no-bursts T=120s w=0.03,0,tspe,120,0.03,False,0.1,0.0,8.74,no_bursts,72,7,4,0,3,0,1.0,1.0,0.5714285714285714,0.0,0.9956043956043956,0.1769584612087196,0,0,1,0,0,0.0,nan,nan
no-bursts T=120s w=0.03,0,tspe,120,0.03,False,0.1,0.0,8.74,robust,72,7,4,0,3,0,1.0,1.0,0.5714285714285714,0.0,0.9956043956043956,0.1769584612087196,0,0,1,0,0,0.0,nan,nan
no-bursts T=120s w=0.03,0,tspe_noreverse,120,0.03,False,0.1,0.0,8.74,all,72,7,4,0,3,0,1.0,1.0,0.5714285714285714,0.0,0.9956043956043956,0.1769584612087196,0,0,1,0,0,0.0,nan,nan
no-bursts T=120s w=0.03,0,tspe_noreverse,120,0.03,False,0.1,0.0,8.74,no_bursts,72,7,4,0,3,0,1.0,1.0,0.5714285714285714,0.0,0.9956043956043956,0.1769584612087196,0,0,1,0,0,0.0,nan,nan
no-bursts T=120s w=0.03,0,tspe_noreverse,120,0.03,False,0.1,0.0,8.74,robust,72,7,4,0,3,0,1.0,1.0,0.5714285714285714,0.0,0.9956043956043956,0.1769584612087196,0,0,1,0,0,0.0,nan,nan
no-bursts T=120s w=0.03,0,cfp,120,0.03,False,0.1,0.0,7.45,all,72,7,0,0,7,0,nan,nan,0.0,0.0,0.9582417582417583,nan,0,nan,nan,nan,nan,nan,nan,nan
no-bursts T=120s w=0.03,0,cfp,120,0.03,False,0.1,0.0,7.45,no_bursts,72,7,0,0,7,0,nan,nan,0.0,0.0,0.9582417582417583,nan,0,nan,nan,nan,nan,nan,nan,nan
no-bursts T=120s w=0.03,0,cfp,120,0.03,False,0.1,0.0,7.45,robust,72,7,0,0,7,0,nan,nan,0.0,0.0,0.9582417582417583,nan,0,nan,nan,nan,nan,nan,nan,nan
no-bursts T=120s w=0.03,0,cfp_narrow,120,0.03,False,0.1,0.0,7.45,all,72,7,4,0,3,0,1.0,1.0,0.5714285714285714,0.0,0.9582417582417583,0.28198804647049736,0,nan,nan,nan,nan,nan,nan,nan
no-bursts T=120s w=0.03,0,cfp_narrow,120,0.03,False,0.1,0.0,7.45,no_bursts,72,7,4,0,3,0,1.0,1.0,0.5714285714285714,0.0,0.9582417582417583,0.28198804647049736,0,nan,nan,nan,nan,nan,nan,nan
no-bursts T=120s w=0.03,0,cfp_narrow,120,0.03,False,0.1,0.0,7.45,robust,72,7,4,0,3,0,1.0,1.0,0.5714285714285714,0.0,0.9582417582417583,0.28198804647049736,0,nan,nan,nan,nan,nan,nan,nan
no-bursts T=120s w=0.03,1,cch_hollow,120,0.03,False,0.1,0.0,0.0,all,20,2,1,0,1,0,1.0,1.0,0.5,0.0,0.8333333333333334,0.03483908049197826,0,nan,nan,nan,nan,nan,nan,nan
no-bursts T=120s w=0.03,1,cch_hollow,120,0.03,False,0.1,0.0,0.0,no_bursts,20,2,1,0,1,0,1.0,1.0,0.5,0.0,0.8333333333333334,0.03483908049197826,0,nan,nan,nan,nan,nan,nan,nan
no-bursts T=120s w=0.03,1,cch_hollow,120,0.03,False,0.1,0.0,0.0,robust,20,2,1,0,1,0,1.0,1.0,0.5,0.0,0.8333333333333334,0.03483908049197826,0,nan,nan,nan,nan,nan,nan,nan
no-bursts T=120s w=0.03,1,cch_jitter,120,0.03,False,0.1,0.0,0.34,all,20,2,0,0,2,0,nan,nan,0.0,0.0,1.0,nan,0,nan,nan,nan,nan,nan,nan,nan
no-bursts T=120s w=0.03,1,cch_jitter,120,0.03,False,0.1,0.0,0.34,no_bursts,20,2,0,0,2,0,nan,nan,0.0,0.0,1.0,nan,0,nan,nan,nan,nan,nan,nan,nan
no-bursts T=120s w=0.03,1,cch_jitter,120,0.03,False,0.1,0.0,0.34,robust,20,2,0,0,2,0,nan,nan,0.0,0.0,1.0,nan,0,nan,nan,nan,nan,nan,nan,nan
no-bursts T=120s w=0.03,1,sttc,120,0.03,False,0.1,0.0,0.61,all,10,2,0,0,2,0,nan,nan,0.0,0.0,1.0,nan,0,nan,nan,nan,nan,nan,nan,nan
no-bursts T=120s w=0.03,1,sttc,120,0.03,False,0.1,0.0,0.61,no_bursts,10,2,0,0,2,0,nan,nan,0.0,0.0,1.0,nan,0,nan,nan,nan,nan,nan,nan,nan
no-bursts T=120s w=0.03,1,sttc,120,0.03,False,0.1,0.0,0.61,robust,10,2,0,0,2,0,nan,nan,0.0,0.0,1.0,nan,0,nan,nan,nan,nan,nan,nan,nan
no-bursts T=120s w=0.03,1,tspe,120,0.03,False,0.1,0.0,8.71,all,20,2,0,0,2,0,nan,nan,0.0,0.0,0.8333333333333334,nan,0,0,0,0,0,nan,nan,nan
no-bursts T=120s w=0.03,1,tspe,120,0.03,False,0.1,0.0,8.71,no_bursts,20,2,0,0,2,0,nan,nan,0.0,0.0,0.8333333333333334,nan,0,0,0,0,0,nan,nan,nan
no-bursts T=120s w=0.03,1,tspe,120,0.03,False,0.1,0.0,8.71,robust,20,2,0,0,2,0,nan,nan,0.0,0.0,0.8333333333333334,nan,0,0,0,0,0,nan,nan,nan
no-bursts T=120s w=0.03,1,tspe_noreverse,120,0.03,False,0.1,0.0,8.71,all,20,2,0,0,2,0,nan,nan,0.0,0.0,0.8333333333333334,nan,0,0,0,0,0,nan,nan,nan
no-bursts T=120s w=0.03,1,tspe_noreverse,120,0.03,False,0.1,0.0,8.71,no_bursts,20,2,0,0,2,0,nan,nan,0.0,0.0,0.8333333333333334,nan,0,0,0,0,0,nan,nan,nan
no-bursts T=120s w=0.03,1,tspe_noreverse,120,0.03,False,0.1,0.0,8.71,robust,20,2,0,0,2,0,nan,nan,0.0,0.0,0.8333333333333334,nan,0,0,0,0,0,nan,nan,nan
no-bursts T=120s w=0.03,1,cfp,120,0.03,False,0.1,0.0,2.66,all,20,2,0,0,2,0,nan,nan,0.0,0.0,0.8055555555555556,nan,0,nan,nan,nan,nan,nan,nan,nan
no-bursts T=120s w=0.03,1,cfp,120,0.03,False,0.1,0.0,2.66,no_bursts,20,2,0,0,2,0,nan,nan,0.0,0.0,0.8055555555555556,nan,0,nan,nan,nan,nan,nan,nan,nan
no-bursts T=120s w=0.03,1,cfp,120,0.03,False,0.1,0.0,2.66,robust,20,2,0,0,2,0,nan,nan,0.0,0.0,0.8055555555555556,nan,0,nan,nan,nan,nan,nan,nan,nan
no-bursts T=120s w=0.03,1,cfp_narrow,120,0.03,False,0.1,0.0,2.66,all,20,2,0,0,2,0,nan,nan,0.0,0.0,0.8055555555555556,nan,0,nan,nan,nan,nan,nan,nan,nan
no-bursts T=120s w=0.03,1,cfp_narrow,120,0.03,False,0.1,0.0,2.66,no_bursts,20,2,0,0,2,0,nan,nan,0.0,0.0,0.8055555555555556,nan,0,nan,nan,nan,nan,nan,nan,nan
no-bursts T=120s w=0.03,1,cfp_narrow,120,0.03,False,0.1,0.0,2.66,robust,20,2,0,0,2,0,nan,nan,0.0,0.0,0.8055555555555556,nan,0,nan,nan,nan,nan,nan,nan,nan
no-bursts T=120s w=0.03,2,cch_hollow,120,0.03,False,0.1,0.0,0.01,all,42,3,2,0,1,0,1.0,1.0,0.6666666666666666,0.0,0.8803418803418803,0.09099272410749293,0,nan,nan,nan,nan,nan,nan,nan
no-bursts T=120s w=0.03,2,cch_hollow,120,0.03,False,0.1,0.0,0.01,no_bursts,42,3,2,0,1,0,1.0,1.0,0.6666666666666666,0.0,0.8803418803418803,0.09099272410749293,0,nan,nan,nan,nan,nan,nan,nan
no-bursts T=120s w=0.03,2,cch_hollow,120,0.03,False,0.1,0.0,0.01,robust,42,3,2,0,1,0,1.0,1.0,0.6666666666666666,0.0,0.8803418803418803,0.09099272410749293,0,nan,nan,nan,nan,nan,nan,nan
no-bursts T=120s w=0.03,2,cch_jitter,120,0.03,False,0.1,0.0,0.63,all,42,3,0,0,3,0,nan,nan,0.0,0.0,0.8376068376068376,nan,0,nan,nan,nan,nan,nan,nan,nan
no-bursts T=120s w=0.03,2,cch_jitter,120,0.03,False,0.1,0.0,0.63,no_bursts,42,3,0,0,3,0,nan,nan,0.0,0.0,0.8376068376068376,nan,0,nan,nan,nan,nan,nan,nan,nan
no-bursts T=120s w=0.03,2,cch_jitter,120,0.03,False,0.1,0.0,0.63,robust,42,3,0,0,3,0,nan,nan,0.0,0.0,0.8376068376068376,nan,0,nan,nan,nan,nan,nan,nan,nan
no-bursts T=120s w=0.03,2,sttc,120,0.03,False,0.1,0.0,1.21,all,21,2,0,0,2,0,nan,nan,0.0,0.0,0.7894736842105263,nan,0,nan,nan,nan,nan,nan,nan,nan
no-bursts T=120s w=0.03,2,sttc,120,0.03,False,0.1,0.0,1.21,no_bursts,21,2,0,0,2,0,nan,nan,0.0,0.0,0.7894736842105263,nan,0,nan,nan,nan,nan,nan,nan,nan
no-bursts T=120s w=0.03,2,sttc,120,0.03,False,0.1,0.0,1.21,robust,21,2,0,0,2,0,nan,nan,0.0,0.0,0.7894736842105263,nan,0,nan,nan,nan,nan,nan,nan,nan
no-bursts T=120s w=0.03,2,tspe,120,0.03,False,0.1,0.0,8.74,all,42,3,0,0,3,0,nan,nan,0.0,0.0,0.5982905982905983,nan,0,0,0,0,0,nan,nan,nan
no-bursts T=120s w=0.03,2,tspe,120,0.03,False,0.1,0.0,8.74,no_bursts,42,3,0,0,3,0,nan,nan,0.0,0.0,0.5982905982905983,nan,0,0,0,0,0,nan,nan,nan
no-bursts T=120s w=0.03,2,tspe,120,0.03,False,0.1,0.0,8.74,robust,42,3,0,0,3,0,nan,nan,0.0,0.0,0.5982905982905983,nan,0,0,0,0,0,nan,nan,nan
no-bursts T=120s w=0.03,2,tspe_noreverse,120,0.03,False,0.1,0.0,8.74,all,42,3,0,0,3,0,nan,nan,0.0,0.0,0.5982905982905983,nan,0,0,0,0,0,nan,nan,nan
no-bursts T=120s w=0.03,2,tspe_noreverse,120,0.03,False,0.1,0.0,8.74,no_bursts,42,3,0,0,3,0,nan,nan,0.0,0.0,0.5982905982905983,nan,0,0,0,0,0,nan,nan,nan
no-bursts T=120s w=0.03,2,tspe_noreverse,120,0.03,False,0.1,0.0,8.74,robust,42,3,0,0,3,0,nan,nan,0.0,0.0,0.5982905982905983,nan,0,0,0,0,0,nan,nan,nan
no-bursts T=120s w=0.03,2,cfp,120,0.03,False,0.1,0.0,3.01,all,42,3,0,0,3,0,nan,nan,0.0,0.0,0.9230769230769231,nan,0,nan,nan,nan,nan,nan,nan,nan
no-bursts T=120s w=0.03,2,cfp,120,0.03,False,0.1,0.0,3.01,no_bursts,42,3,0,0,3,0,nan,nan,0.0,0.0,0.9230769230769231,nan,0,nan,nan,nan,nan,nan,nan,nan
no-bursts T=120s w=0.03,2,cfp,120,0.03,False,0.1,0.0,3.01,robust,42,3,0,0,3,0,nan,nan,0.0,0.0,0.9230769230769231,nan,0,nan,nan,nan,nan,nan,nan,nan
no-bursts T=120s w=0.03,2,cfp_narrow,120,0.03,False,0.1,0.0,3.01,all,42,3,1,1,2,0,0.5,0.5,0.3333333333333333,0.02564102564102564,0.9230769230769231,0.27998530492264884,0,nan,nan,nan,nan,nan,nan,nan
no-bursts T=120s w=0.03,2,cfp_narrow,120,0.03,False,0.1,0.0,3.01,no_bursts,42,3,1,1,2,0,0.5,0.5,0.3333333333333333,0.02564102564102564,0.9230769230769231,0.27998530492264884,0,nan,nan,nan,nan,nan,nan,nan
no-bursts T=120s w=0.03,2,cfp_narrow,120,0.03,False,0.1,0.0,3.01,robust,42,3,1,1,2,0,0.5,0.5,0.3333333333333333,0.02564102564102564,0.9230769230769231,0.27998530492264884,0,nan,nan,nan,nan,nan,nan,nan
no-bursts T=120s w=0.06,0,cch_hollow,120,0.06,False,0.1,0.0,0.01,all,90,12,10,0,2,0,1.0,1.0,0.8333333333333334,0.0,1.0,0.19694284879124657,0,nan,nan,nan,nan,nan,nan,nan
no-bursts T=120s w=0.06,0,cch_hollow,120,0.06,False,0.1,0.0,0.01,no_bursts,90,12,10,0,2,0,1.0,1.0,0.8333333333333334,0.0,1.0,0.19694284879124657,0,nan,nan,nan,nan,nan,nan,nan
no-bursts T=120s w=0.06,0,cch_hollow,120,0.06,False,0.1,0.0,0.01,robust,90,12,10,0,2,0,1.0,1.0,0.8333333333333334,0.0,1.0,0.19694284879124657,0,nan,nan,nan,nan,nan,nan,nan
no-bursts T=120s w=0.06,0,cch_jitter,120,0.06,False,0.1,0.0,1.29,all,90,12,8,0,4,0,1.0,1.0,0.6666666666666666,0.0,1.0,0.19694284879124657,0,nan,nan,nan,nan,nan,nan,nan
no-bursts T=120s w=0.06,0,cch_jitter,120,0.06,False,0.1,0.0,1.29,no_bursts,90,12,8,0,4,0,1.0,1.0,0.6666666666666666,0.0,1.0,0.19694284879124657,0,nan,nan,nan,nan,nan,nan,nan
no-bursts T=120s w=0.06,0,cch_jitter,120,0.06,False,0.1,0.0,1.29,robust,90,12,8,0,4,0,1.0,1.0,0.6666666666666666,0.0,1.0,0.19694284879124657,0,nan,nan,nan,nan,nan,nan,nan
no-bursts T=120s w=0.06,0,sttc,120,0.06,False,0.1,0.0,2.61,all,45,11,5,2,6,1,0.7142857142857143,0.8571428571428571,0.45454545454545453,0.058823529411764705,0.93048128342246,nan,0,nan,nan,nan,nan,nan,nan,nan
no-bursts T=120s w=0.06,0,sttc,120,0.06,False,0.1,0.0,2.61,no_bursts,45,11,5,1,6,0,0.8333333333333334,0.8333333333333334,0.45454545454545453,0.029411764705882353,0.9411764705882353,nan,0,nan,nan,nan,nan,nan,nan,nan
no-bursts T=120s w=0.06,0,sttc,120,0.06,False,0.1,0.0,2.61,robust,45,11,5,1,6,0,0.8333333333333334,0.8333333333333334,0.45454545454545453,0.029411764705882353,0.93048128342246,nan,0,nan,nan,nan,nan,nan,nan,nan
no-bursts T=120s w=0.06,0,tspe,120,0.06,False,0.1,0.0,8.82,all,90,12,8,0,4,0,1.0,1.0,0.6666666666666666,0.0,0.9273504273504274,0.22462417887241237,0,0,3,0,1,0.0,nan,nan
no-bursts T=120s w=0.06,0,tspe,120,0.06,False,0.1,0.0,8.82,no_bursts,90,12,7,0,5,0,1.0,1.0,0.5833333333333334,0.0,0.9978632478632479,0.208995407291094,0,0,0,0,0,nan,nan,nan
no-bursts T=120s w=0.06,0,tspe,120,0.06,False,0.1,0.0,8.82,robust,90,12,7,0,5,0,1.0,1.0,0.5833333333333334,0.0,0.9273504273504274,0.208995407291094,0,0,0,0,0,nan,nan,nan
no-bursts T=120s w=0.06,0,tspe_noreverse,120,0.06,False,0.1,0.0,8.82,all,90,12,8,0,4,0,1.0,1.0,0.6666666666666666,0.0,0.9273504273504274,0.22462417887241237,0,0,3,0,1,0.0,nan,nan
no-bursts T=120s w=0.06,0,tspe_noreverse,120,0.06,False,0.1,0.0,8.82,no_bursts,90,12,7,0,5,0,1.0,1.0,0.5833333333333334,0.0,0.9978632478632479,0.208995407291094,0,0,0,0,0,nan,nan,nan
no-bursts T=120s w=0.06,0,tspe_noreverse,120,0.06,False,0.1,0.0,8.82,robust,90,12,7,0,5,0,1.0,1.0,0.5833333333333334,0.0,0.9273504273504274,0.208995407291094,0,0,0,0,0,nan,nan,nan
no-bursts T=120s w=0.06,0,cfp,120,0.06,False,0.1,0.0,6.36,all,90,12,0,0,12,0,nan,nan,0.0,0.0,0.9412393162393162,nan,0,nan,nan,nan,nan,nan,nan,nan
no-bursts T=120s w=0.06,0,cfp,120,0.06,False,0.1,0.0,6.36,no_bursts,90,12,0,0,12,0,nan,nan,0.0,0.0,0.9465811965811965,nan,0,nan,nan,nan,nan,nan,nan,nan
no-bursts T=120s w=0.06,0,cfp,120,0.06,False,0.1,0.0,6.36,robust,90,12,0,0,12,0,nan,nan,0.0,0.0,0.9412393162393162,nan,0,nan,nan,nan,nan,nan,nan,nan
no-bursts T=120s w=0.06,0,cfp_narrow,120,0.06,False,0.1,0.0,6.36,all,90,12,9,0,3,0,1.0,1.0,0.75,0.0,0.9412393162393162,0.17797752080098683,0,nan,nan,nan,nan,nan,nan,nan
no-bursts T=120s w=0.06,0,cfp_narrow,120,0.06,False,0.1,0.0,6.36,no_bursts,90,12,9,0,3,0,1.0,1.0,0.75,0.0,0.9465811965811965,0.10906944459386692,0,nan,nan,nan,nan,nan,nan,nan
no-bursts T=120s w=0.06,0,cfp_narrow,120,0.06,False,0.1,0.0,6.36,robust,90,12,9,0,3,0,1.0,1.0,0.75,0.0,0.9412393162393162,0.17797752080098683,0,nan,nan,nan,nan,nan,nan,nan
no-bursts T=120s w=0.06,1,cch_hollow,120,0.06,False,0.1,0.0,0.0,all,20,2,2,0,0,0,1.0,1.0,1.0,0.0,1.0,0.20979408758724016,0,nan,nan,nan,nan,nan,nan,nan
no-bursts T=120s w=0.06,1,cch_hollow,120,0.06,False,0.1,0.0,0.0,no_bursts,20,2,2,0,0,0,1.0,1.0,1.0,0.0,1.0,0.20979408758724016,0,nan,nan,nan,nan,nan,nan,nan
no-bursts T=120s w=0.06,1,cch_hollow,120,0.06,False,0.1,0.0,0.0,robust,20,2,2,0,0,0,1.0,1.0,1.0,0.0,1.0,0.20979408758724016,0,nan,nan,nan,nan,nan,nan,nan
no-bursts T=120s w=0.06,1,cch_jitter,120,0.06,False,0.1,0.0,0.34,all,20,2,1,0,1,0,1.0,1.0,0.5,0.0,1.0,0.03483908049197826,0,nan,nan,nan,nan,nan,nan,nan
no-bursts T=120s w=0.06,1,cch_jitter,120,0.06,False,0.1,0.0,0.34,no_bursts,20,2,1,0,1,0,1.0,1.0,0.5,0.0,1.0,0.03483908049197826,0,nan,nan,nan,nan,nan,nan,nan
no-bursts T=120s w=0.06,1,cch_jitter,120,0.06,False,0.1,0.0,0.34,robust,20,2,1,0,1,0,1.0,1.0,0.5,0.0,1.0,0.03483908049197826,0,nan,nan,nan,nan,nan,nan,nan
no-bursts T=120s w=0.06,1,sttc,120,0.06,False,0.1,0.0,0.63,all,10,2,0,0,2,0,nan,nan,0.0,0.0,1.0,nan,0,nan,nan,nan,nan,nan,nan,nan
no-bursts T=120s w=0.06,1,sttc,120,0.06,False,0.1,0.0,0.63,no_bursts,10,2,0,0,2,0,nan,nan,0.0,0.0,1.0,nan,0,nan,nan,nan,nan,nan,nan,nan
no-bursts T=120s w=0.06,1,sttc,120,0.06,False,0.1,0.0,0.63,robust,10,2,0,0,2,0,nan,nan,0.0,0.0,1.0,nan,0,nan,nan,nan,nan,nan,nan,nan
no-bursts T=120s w=0.06,1,tspe,120,0.06,False,0.1,0.0,8.7,all,20,2,0,0,2,0,nan,nan,0.0,0.0,1.0,nan,0,0,0,0,0,nan,nan,nan
no-bursts T=120s w=0.06,1,tspe,120,0.06,False,0.1,0.0,8.7,no_bursts,20,2,0,0,2,0,nan,nan,0.0,0.0,1.0,nan,0,0,0,0,0,nan,nan,nan
no-bursts T=120s w=0.06,1,tspe,120,0.06,False,0.1,0.0,8.7,robust,20,2,0,0,2,0,nan,nan,0.0,0.0,1.0,nan,0,0,0,0,0,nan,nan,nan
no-bursts T=120s w=0.06,1,tspe_noreverse,120,0.06,False,0.1,0.0,8.7,all,20,2,0,0,2,0,nan,nan,0.0,0.0,1.0,nan,0,0,0,0,0,nan,nan,nan
no-bursts T=120s w=0.06,1,tspe_noreverse,120,0.06,False,0.1,0.0,8.7,no_bursts,20,2,0,0,2,0,nan,nan,0.0,0.0,1.0,nan,0,0,0,0,0,nan,nan,nan
no-bursts T=120s w=0.06,1,tspe_noreverse,120,0.06,False,0.1,0.0,8.7,robust,20,2,0,0,2,0,nan,nan,0.0,0.0,1.0,nan,0,0,0,0,0,nan,nan,nan
no-bursts T=120s w=0.06,1,cfp,120,0.06,False,0.1,0.0,2.87,all,20,2,0,0,2,0,nan,nan,0.0,0.0,1.0,nan,0,nan,nan,nan,nan,nan,nan,nan
no-bursts T=120s w=0.06,1,cfp,120,0.06,False,0.1,0.0,2.87,no_bursts,20,2,0,0,2,0,nan,nan,0.0,0.0,1.0,nan,0,nan,nan,nan,nan,nan,nan,nan
no-bursts T=120s w=0.06,1,cfp,120,0.06,False,0.1,0.0,2.87,robust,20,2,0,0,2,0,nan,nan,0.0,0.0,1.0,nan,0,nan,nan,nan,nan,nan,nan,nan
no-bursts T=120s w=0.06,1,cfp_narrow,120,0.06,False,0.1,0.0,2.87,all,20,2,2,0,0,0,1.0,1.0,1.0,0.0,1.0,0.10299564116202498,0,nan,nan,nan,nan,nan,nan,nan
no-bursts T=120s w=0.06,1,cfp_narrow,120,0.06,False,0.1,0.0,2.87,no_bursts,20,2,2,0,0,0,1.0,1.0,1.0,0.0,1.0,0.10299564116202498,0,nan,nan,nan,nan,nan,nan,nan
no-bursts T=120s w=0.06,1,cfp_narrow,120,0.06,False,0.1,0.0,2.87,robust,20,2,2,0,0,0,1.0,1.0,1.0,0.0,1.0,0.10299564116202498,0,nan,nan,nan,nan,nan,nan,nan
no-bursts T=120s w=0.06,2,cch_hollow,120,0.06,False,0.1,0.0,0.0,all,42,3,3,0,0,0,1.0,1.0,1.0,0.0,1.0,0.09959124763770966,0,nan,nan,nan,nan,nan,nan,nan
no-bursts T=120s w=0.06,2,cch_hollow,120,0.06,False,0.1,0.0,0.0,no_bursts,42,3,3,0,0,0,1.0,1.0,1.0,0.0,1.0,0.09959124763770966,0,nan,nan,nan,nan,nan,nan,nan
no-bursts T=120s w=0.06,2,cch_hollow,120,0.06,False,0.1,0.0,0.0,robust,42,3,3,0,0,0,1.0,1.0,1.0,0.0,1.0,0.09959124763770966,0,nan,nan,nan,nan,nan,nan,nan
no-bursts T=120s w=0.06,2,cch_jitter,120,0.06,False,0.1,0.0,0.66,all,42,3,2,0,1,0,1.0,1.0,0.6666666666666666,0.0,0.9914529914529915,0.09099272410749293,0,nan,nan,nan,nan,nan,nan,nan
no-bursts T=120s w=0.06,2,cch_jitter,120,0.06,False,0.1,0.0,0.66,no_bursts,42,3,2,0,1,0,1.0,1.0,0.6666666666666666,0.0,0.9487179487179487,0.09099272410749293,0,nan,nan,nan,nan,nan,nan,nan
no-bursts T=120s w=0.06,2,cch_jitter,120,0.06,False,0.1,0.0,0.66,robust,42,3,2,0,1,0,1.0,1.0,0.6666666666666666,0.0,0.9914529914529915,0.09099272410749293,0,nan,nan,nan,nan,nan,nan,nan
no-bursts T=120s w=0.06,2,sttc,120,0.06,False,0.1,0.0,1.29,all,21,2,1,0,1,0,1.0,1.0,0.5,0.0,0.9736842105263158,nan,0,nan,nan,nan,nan,nan,nan,nan
no-bursts T=120s w=0.06,2,sttc,120,0.06,False,0.1,0.0,1.29,no_bursts,21,2,1,1,1,0,0.5,0.5,0.5,0.05263157894736842,0.9736842105263158,nan,0,nan,nan,nan,nan,nan,nan,nan
no-bursts T=120s w=0.06,2,sttc,120,0.06,False,0.1,0.0,1.29,robust,21,2,1,0,1,0,1.0,1.0,0.5,0.0,0.9736842105263158,nan,0,nan,nan,nan,nan,nan,nan,nan
no-bursts T=120s w=0.06,2,tspe,120,0.06,False,0.1,0.0,8.77,all,42,3,1,0,2,0,1.0,1.0,0.3333333333333333,0.0,0.9658119658119658,0.10308225935428994,0,0,1,0,0,0.0,nan,nan
no-bursts T=120s w=0.06,2,tspe,120,0.06,False,0.1,0.0,8.77,no_bursts,42,3,1,0,2,0,1.0,1.0,0.3333333333333333,0.0,0.9743589743589743,0.10308225935428994,0,0,1,0,0,0.0,nan,nan
no-bursts T=120s w=0.06,2,tspe,120,0.06,False,0.1,0.0,8.77,robust,42,3,1,0,2,0,1.0,1.0,0.3333333333333333,0.0,0.9658119658119658,0.10308225935428994,0,0,1,0,0,0.0,nan,nan
no-bursts T=120s w=0.06,2,tspe_noreverse,120,0.06,False,0.1,0.0,8.77,all,42,3,1,0,2,0,1.0,1.0,0.3333333333333333,0.0,0.9658119658119658,0.10308225935428994,0,0,1,0,0,0.0,nan,nan
no-bursts T=120s w=0.06,2,tspe_noreverse,120,0.06,False,0.1,0.0,8.77,no_bursts,42,3,1,0,2,0,1.0,1.0,0.3333333333333333,0.0,0.9743589743589743,0.10308225935428994,0,0,1,0,0,0.0,nan,nan
no-bursts T=120s w=0.06,2,tspe_noreverse,120,0.06,False,0.1,0.0,8.77,robust,42,3,1,0,2,0,1.0,1.0,0.3333333333333333,0.0,0.9658119658119658,0.10308225935428994,0,0,1,0,0,0.0,nan,nan
no-bursts T=120s w=0.06,2,cfp,120,0.06,False,0.1,0.0,3.4,all,42,3,0,0,3,0,nan,nan,0.0,0.0,1.0,nan,0,nan,nan,nan,nan,nan,nan,nan
no-bursts T=120s w=0.06,2,cfp,120,0.06,False,0.1,0.0,3.4,no_bursts,42,3,0,0,3,0,nan,nan,0.0,0.0,1.0,nan,0,nan,nan,nan,nan,nan,nan,nan
no-bursts T=120s w=0.06,2,cfp,120,0.06,False,0.1,0.0,3.4,robust,42,3,0,0,3,0,nan,nan,0.0,0.0,1.0,nan,0,nan,nan,nan,nan,nan,nan,nan
no-bursts T=120s w=0.06,2,cfp_narrow,120,0.06,False,0.1,0.0,3.4,all,42,3,3,1,0,0,0.75,0.75,1.0,0.02564102564102564,1.0,0.15146286423239785,0,nan,nan,nan,nan,nan,nan,nan
no-bursts T=120s w=0.06,2,cfp_narrow,120,0.06,False,0.1,0.0,3.4,no_bursts,42,3,3,1,0,0,0.75,0.75,1.0,0.02564102564102564,1.0,0.16126181711598697,0,nan,nan,nan,nan,nan,nan,nan
no-bursts T=120s w=0.06,2,cfp_narrow,120,0.06,False,0.1,0.0,3.4,robust,42,3,3,1,0,0,0.75,0.75,1.0,0.02564102564102564,1.0,0.15146286423239785,0,nan,nan,nan,nan,nan,nan,nan
no-bursts T=120s w=0.12,0,cch_hollow,120,0.12,False,0.1,0.0,0.0,all,110,15,12,0,3,0,1.0,1.0,0.8,0.0,0.9985964912280701,0.11014909935892092,0,nan,nan,nan,nan,nan,nan,nan
no-bursts T=120s w=0.12,0,cch_hollow,120,0.12,False,0.1,0.0,0.0,no_bursts,110,15,12,0,3,0,1.0,1.0,0.8,0.0,0.9992982456140351,0.11014909935892092,0,nan,nan,nan,nan,nan,nan,nan
no-bursts T=120s w=0.12,0,cch_hollow,120,0.12,False,0.1,0.0,0.0,robust,110,15,12,0,3,0,1.0,1.0,0.8,0.0,0.9985964912280701,0.11014909935892092,0,nan,nan,nan,nan,nan,nan,nan
no-bursts T=120s w=0.12,0,cch_jitter,120,0.12,False,0.1,0.0,1.66,all,110,15,13,0,2,0,1.0,1.0,0.8666666666666667,0.0,0.9919298245614036,0.11521971384418705,0,nan,nan,nan,nan,nan,nan,nan
no-bursts T=120s w=0.12,0,cch_jitter,120,0.12,False,0.1,0.0,1.66,no_bursts,110,15,13,0,2,0,1.0,1.0,0.8666666666666667,0.0,0.9950877192982456,0.11521971384418705,0,nan,nan,nan,nan,nan,nan,nan
no-bursts T=120s w=0.12,0,cch_jitter,120,0.12,False,0.1,0.0,1.66,robust,110,15,13,0,2,0,1.0,1.0,0.8666666666666667,0.0,0.9919298245614036,0.11521971384418705,0,nan,nan,nan,nan,nan,nan,nan
no-bursts T=120s w=0.12,0,sttc,120,0.12,False,0.1,0.0,3.27,all,55,14,12,0,2,0,1.0,1.0,0.8571428571428571,0.0,0.9634146341463414,nan,0,nan,nan,nan,nan,nan,nan,nan
no-bursts T=120s w=0.12,0,sttc,120,0.12,False,0.1,0.0,3.27,no_bursts,55,14,13,1,1,1,0.9285714285714286,1.0,0.9285714285714286,0.024390243902439025,0.9668989547038328,nan,0,nan,nan,nan,nan,nan,nan,nan
no-bursts T=120s w=0.12,0,sttc,120,0.12,False,0.1,0.0,3.27,robust,55,14,12,0,2,0,1.0,1.0,0.8571428571428571,0.0,0.9634146341463414,nan,0,nan,nan,nan,nan,nan,nan,nan
no-bursts T=120s w=0.12,0,tspe,120,0.12,False,0.1,0.0,8.93,all,110,15,13,2,2,1,0.8666666666666667,0.9333333333333333,0.8666666666666667,0.021052631578947368,0.9080701754385965,0.24025295045373074,0,0,2,0,1,0.0,nan,nan
no-bursts T=120s w=0.12,0,tspe,120,0.12,False,0.1,0.0,8.93,no_bursts,110,15,13,1,2,0,0.9285714285714286,0.9285714285714286,0.8666666666666667,0.010526315789473684,0.9249122807017544,0.24025295045373074,0,0,1,0,0,0.0,nan,nan
no-bursts T=120s w=0.12,0,tspe,120,0.12,False,0.1,0.0,8.93,robust,110,15,13,1,2,0,0.9285714285714286,0.9285714285714286,0.8666666666666667,0.010526315789473684,0.9080701754385965,0.24025295045373074,0,0,1,0,0,0.0,nan,nan
no-bursts T=120s w=0.12,0,tspe_noreverse,120,0.12,False,0.1,0.0,8.93,all,110,15,13,2,2,1,0.8666666666666667,0.9333333333333333,0.8666666666666667,0.021052631578947368,0.9080701754385965,0.24025295045373074,0,0,1,0,0,0.0,nan,nan
no-bursts T=120s w=0.12,0,tspe_noreverse,120,0.12,False,0.1,0.0,8.93,no_bursts,110,15,13,1,2,0,0.9285714285714286,0.9285714285714286,0.8666666666666667,0.010526315789473684,0.9249122807017544,0.24025295045373074,0,0,1,0,0,0.0,nan,nan
no-bursts T=120s w=0.12,0,tspe_noreverse,120,0.12,False,0.1,0.0,8.93,robust,110,15,13,1,2,0,0.9285714285714286,0.9285714285714286,0.8666666666666667,0.010526315789473684,0.9080701754385965,0.24025295045373074,0,0,1,0,0,0.0,nan,nan
no-bursts T=120s w=0.12,0,cfp,120,0.12,False,0.1,0.0,6.65,all,110,15,0,0,15,0,nan,nan,0.0,0.0,0.9431578947368421,nan,0,nan,nan,nan,nan,nan,nan,nan
no-bursts T=120s w=0.12,0,cfp,120,0.12,False,0.1,0.0,6.65,no_bursts,110,15,0,0,15,0,nan,nan,0.0,0.0,0.9501754385964912,nan,0,nan,nan,nan,nan,nan,nan,nan
no-bursts T=120s w=0.12,0,cfp,120,0.12,False,0.1,0.0,6.65,robust,110,15,0,0,15,0,nan,nan,0.0,0.0,0.9431578947368421,nan,0,nan,nan,nan,nan,nan,nan,nan
no-bursts T=120s w=0.12,0,cfp_narrow,120,0.12,False,0.1,0.0,6.65,all,110,15,14,3,1,1,0.8235294117647058,0.8823529411764706,0.9333333333333333,0.031578947368421054,0.9431578947368421,0.11578563830350175,0,nan,nan,nan,nan,nan,nan,nan
no-bursts T=120s w=0.12,0,cfp_narrow,120,0.12,False,0.1,0.0,6.65,no_bursts,110,15,14,3,1,1,0.8235294117647058,0.8823529411764706,0.9333333333333333,0.031578947368421054,0.9501754385964912,0.1314941602838683,0,nan,nan,nan,nan,nan,nan,nan
no-bursts T=120s w=0.12,0,cfp_narrow,120,0.12,False,0.1,0.0,6.65,robust,110,15,14,3,1,1,0.8235294117647058,0.8823529411764706,0.9333333333333333,0.031578947368421054,0.9431578947368421,0.11578563830350175,0,nan,nan,nan,nan,nan,nan,nan
no-bursts T=120s w=0.12,1,cch_hollow,120,0.12,False,0.1,0.0,0.0,all,30,3,3,0,0,0,1.0,1.0,1.0,0.0,1.0,0.11525090531749793,0,nan,nan,nan,nan,nan,nan,nan
no-bursts T=120s w=0.12,1,cch_hollow,120,0.12,False,0.1,0.0,0.0,no_bursts,30,3,3,0,0,0,1.0,1.0,1.0,0.0,1.0,0.11525090531749793,0,nan,nan,nan,nan,nan,nan,nan
no-bursts T=120s w=0.12,1,cch_hollow,120,0.12,False,0.1,0.0,0.0,robust,30,3,3,0,0,0,1.0,1.0,1.0,0.0,1.0,0.11525090531749793,0,nan,nan,nan,nan,nan,nan,nan
no-bursts T=120s w=0.12,1,cch_jitter,120,0.12,False,0.1,0.0,0.53,all,30,3,3,0,0,0,1.0,1.0,1.0,0.0,1.0,0.11525090531749793,0,nan,nan,nan,nan,nan,nan,nan
no-bursts T=120s w=0.12,1,cch_jitter,120,0.12,False,0.1,0.0,0.53,no_bursts,30,3,3,0,0,0,1.0,1.0,1.0,0.0,1.0,0.11525090531749793,0,nan,nan,nan,nan,nan,nan,nan
no-bursts T=120s w=0.12,1,cch_jitter,120,0.12,False,0.1,0.0,0.53,robust,30,3,3,0,0,0,1.0,1.0,1.0,0.0,1.0,0.11525090531749793,0,nan,nan,nan,nan,nan,nan,nan
no-bursts T=120s w=0.12,1,sttc,120,0.12,False,0.1,0.0,0.94,all,15,3,2,0,1,0,1.0,1.0,0.6666666666666666,0.0,1.0,nan,0,nan,nan,nan,nan,nan,nan,nan
no-bursts T=120s w=0.12,1,sttc,120,0.12,False,0.1,0.0,0.94,no_bursts,15,3,2,0,1,0,1.0,1.0,0.6666666666666666,0.0,1.0,nan,0,nan,nan,nan,nan,nan,nan,nan
no-bursts T=120s w=0.12,1,sttc,120,0.12,False,0.1,0.0,0.94,robust,15,3,2,0,1,0,1.0,1.0,0.6666666666666666,0.0,1.0,nan,0,nan,nan,nan,nan,nan,nan,nan
no-bursts T=120s w=0.12,1,tspe,120,0.12,False,0.1,0.0,8.76,all,30,3,3,0,0,0,1.0,1.0,1.0,0.0,1.0,0.3522885089158203,0,0,1,0,0,0.0,nan,nan
no-bursts T=120s w=0.12,1,tspe,120,0.12,False,0.1,0.0,8.76,no_bursts,30,3,3,0,0,0,1.0,1.0,1.0,0.0,1.0,0.3522885089158203,0,0,0,0,0,nan,nan,nan
no-bursts T=120s w=0.12,1,tspe,120,0.12,False,0.1,0.0,8.76,robust,30,3,3,0,0,0,1.0,1.0,1.0,0.0,1.0,0.3522885089158203,0,0,0,0,0,nan,nan,nan
no-bursts T=120s w=0.12,1,tspe_noreverse,120,0.12,False,0.1,0.0,8.76,all,30,3,3,0,0,0,1.0,1.0,1.0,0.0,1.0,0.3522885089158203,0,0,1,0,0,0.0,nan,nan
no-bursts T=120s w=0.12,1,tspe_noreverse,120,0.12,False,0.1,0.0,8.76,no_bursts,30,3,3,0,0,0,1.0,1.0,1.0,0.0,1.0,0.3522885089158203,0,0,0,0,0,nan,nan,nan
no-bursts T=120s w=0.12,1,tspe_noreverse,120,0.12,False,0.1,0.0,8.76,robust,30,3,3,0,0,0,1.0,1.0,1.0,0.0,1.0,0.3522885089158203,0,0,0,0,0,nan,nan,nan
no-bursts T=120s w=0.12,1,cfp,120,0.12,False,0.1,0.0,3.49,all,30,3,0,0,3,0,nan,nan,0.0,0.0,1.0,nan,0,nan,nan,nan,nan,nan,nan,nan
no-bursts T=120s w=0.12,1,cfp,120,0.12,False,0.1,0.0,3.49,no_bursts,30,3,0,0,3,0,nan,nan,0.0,0.0,1.0,nan,0,nan,nan,nan,nan,nan,nan,nan
no-bursts T=120s w=0.12,1,cfp,120,0.12,False,0.1,0.0,3.49,robust,30,3,0,0,3,0,nan,nan,0.0,0.0,1.0,nan,0,nan,nan,nan,nan,nan,nan,nan
no-bursts T=120s w=0.12,1,cfp_narrow,120,0.12,False,0.1,0.0,3.49,all,30,3,3,1,0,1,0.75,1.0,1.0,0.037037037037037035,1.0,0.1551480213948615,0,nan,nan,nan,nan,nan,nan,nan
no-bursts T=120s w=0.12,1,cfp_narrow,120,0.12,False,0.1,0.0,3.49,no_bursts,30,3,3,0,0,0,1.0,1.0,1.0,0.0,1.0,0.1551480213948615,0,nan,nan,nan,nan,nan,nan,nan
no-bursts T=120s w=0.12,1,cfp_narrow,120,0.12,False,0.1,0.0,3.49,robust,30,3,3,0,0,0,1.0,1.0,1.0,0.0,1.0,0.1551480213948615,0,nan,nan,nan,nan,nan,nan,nan
no-bursts T=120s w=0.12,2,cch_hollow,120,0.12,False,0.1,0.0,0.0,all,56,4,4,0,0,0,1.0,1.0,1.0,0.0,1.0,0.09862093421063267,0,nan,nan,nan,nan,nan,nan,nan
no-bursts T=120s w=0.12,2,cch_hollow,120,0.12,False,0.1,0.0,0.0,no_bursts,56,4,4,0,0,0,1.0,1.0,1.0,0.0,1.0,0.09862093421063267,0,nan,nan,nan,nan,nan,nan,nan
no-bursts T=120s w=0.12,2,cch_hollow,120,0.12,False,0.1,0.0,0.0,robust,56,4,4,0,0,0,1.0,1.0,1.0,0.0,1.0,0.09862093421063267,0,nan,nan,nan,nan,nan,nan,nan
no-bursts T=120s w=0.12,2,cch_jitter,120,0.12,False,0.1,0.0,0.88,all,56,4,4,0,0,0,1.0,1.0,1.0,0.0,1.0,0.09862093421063267,0,nan,nan,nan,nan,nan,nan,nan
no-bursts T=120s w=0.12,2,cch_jitter,120,0.12,False,0.1,0.0,0.88,no_bursts,56,4,4,0,0,0,1.0,1.0,1.0,0.0,1.0,0.09862093421063267,0,nan,nan,nan,nan,nan,nan,nan
no-bursts T=120s w=0.12,2,cch_jitter,120,0.12,False,0.1,0.0,0.88,robust,56,4,4,0,0,0,1.0,1.0,1.0,0.0,1.0,0.09862093421063267,0,nan,nan,nan,nan,nan,nan,nan
no-bursts T=120s w=0.12,2,sttc,120,0.12,False,0.1,0.0,1.65,all,28,3,2,0,1,0,1.0,1.0,0.6666666666666666,0.0,0.9866666666666667,nan,0,nan,nan,nan,nan,nan,nan,nan
no-bursts T=120s w=0.12,2,sttc,120,0.12,False,0.1,0.0,1.65,no_bursts,28,3,2,0,1,0,1.0,1.0,0.6666666666666666,0.0,0.9866666666666667,nan,0,nan,nan,nan,nan,nan,nan,nan
no-bursts T=120s w=0.12,2,sttc,120,0.12,False,0.1,0.0,1.65,robust,28,3,2,0,1,0,1.0,1.0,0.6666666666666666,0.0,0.9866666666666667,nan,0,nan,nan,nan,nan,nan,nan,nan
no-bursts T=120s w=0.12,2,tspe,120,0.12,False,0.1,0.0,8.82,all,56,4,3,0,1,0,1.0,1.0,0.75,0.0,0.9951923076923077,0.19967587222444472,0,0,1,0,0,0.0,nan,nan
no-bursts T=120s w=0.12,2,tspe,120,0.12,False,0.1,0.0,8.82,no_bursts,56,4,3,0,1,0,1.0,1.0,0.75,0.0,0.9951923076923077,0.19967587222444472,0,0,1,0,0,0.0,nan,nan
no-bursts T=120s w=0.12,2,tspe,120,0.12,False,0.1,0.0,8.82,robust,56,4,3,0,1,0,1.0,1.0,0.75,0.0,0.9951923076923077,0.19967587222444472,0,0,1,0,0,0.0,nan,nan
no-bursts T=120s w=0.12,2,tspe_noreverse,120,0.12,False,0.1,0.0,8.82,all,56,4,3,0,1,0,1.0,1.0,0.75,0.0,0.9951923076923077,0.19967587222444472,0,0,1,0,0,0.0,nan,nan
no-bursts T=120s w=0.12,2,tspe_noreverse,120,0.12,False,0.1,0.0,8.82,no_bursts,56,4,3,0,1,0,1.0,1.0,0.75,0.0,0.9951923076923077,0.19967587222444472,0,0,1,0,0,0.0,nan,nan
no-bursts T=120s w=0.12,2,tspe_noreverse,120,0.12,False,0.1,0.0,8.82,robust,56,4,3,0,1,0,1.0,1.0,0.75,0.0,0.9951923076923077,0.19967587222444472,0,0,1,0,0,0.0,nan,nan
no-bursts T=120s w=0.12,2,cfp,120,0.12,False,0.1,0.0,3.96,all,56,4,0,0,4,0,nan,nan,0.0,0.0,1.0,nan,0,nan,nan,nan,nan,nan,nan,nan
no-bursts T=120s w=0.12,2,cfp,120,0.12,False,0.1,0.0,3.96,no_bursts,56,4,0,0,4,0,nan,nan,0.0,0.0,1.0,nan,0,nan,nan,nan,nan,nan,nan,nan
no-bursts T=120s w=0.12,2,cfp,120,0.12,False,0.1,0.0,3.96,robust,56,4,0,0,4,0,nan,nan,0.0,0.0,1.0,nan,0,nan,nan,nan,nan,nan,nan,nan
no-bursts T=120s w=0.12,2,cfp_narrow,120,0.12,False,0.1,0.0,3.96,all,56,4,4,2,0,1,0.6666666666666666,0.8333333333333334,1.0,0.038461538461538464,1.0,0.18330315357643667,0,nan,nan,nan,nan,nan,nan,nan
no-bursts T=120s w=0.12,2,cfp_narrow,120,0.12,False,0.1,0.0,3.96,no_bursts,56,4,4,2,0,1,0.6666666666666666,0.8333333333333334,1.0,0.038461538461538464,1.0,0.18330315357643667,0,nan,nan,nan,nan,nan,nan,nan
no-bursts T=120s w=0.12,2,cfp_narrow,120,0.12,False,0.1,0.0,3.96,robust,56,4,4,2,0,1,0.6666666666666666,0.8333333333333334,1.0,0.038461538461538464,1.0,0.18330315357643667,0,nan,nan,nan,nan,nan,nan,nan
no-bursts T=300s w=0.03,0,cch_hollow,300,0.03,False,0.1,0.0,0.01,all,182,17,15,0,2,0,1.0,1.0,0.8823529411764706,0.0,1.0,0.14765160073115768,0,nan,nan,nan,nan,nan,nan,nan
no-bursts T=300s w=0.03,0,cch_hollow,300,0.03,False,0.1,0.0,0.01,no_bursts,182,17,15,0,2,0,1.0,1.0,0.8823529411764706,0.0,1.0,0.14765160073115768,0,nan,nan,nan,nan,nan,nan,nan
no-bursts T=300s w=0.03,0,cch_hollow,300,0.03,False,0.1,0.0,0.01,robust,182,17,15,0,2,0,1.0,1.0,0.8823529411764706,0.0,1.0,0.14765160073115768,0,nan,nan,nan,nan,nan,nan,nan
no-bursts T=300s w=0.03,0,cch_jitter,300,0.03,False,0.1,0.0,3.72,all,182,17,13,0,4,0,1.0,1.0,0.7647058823529411,0.0,0.9989304812834224,0.14765160073115768,0,nan,nan,nan,nan,nan,nan,nan
no-bursts T=300s w=0.03,0,cch_jitter,300,0.03,False,0.1,0.0,3.72,no_bursts,182,17,13,0,4,0,1.0,1.0,0.7647058823529411,0.0,0.9989304812834224,0.14765160073115768,0,nan,nan,nan,nan,nan,nan,nan
no-bursts T=300s w=0.03,0,cch_jitter,300,0.03,False,0.1,0.0,3.72,robust,182,17,13,0,4,0,1.0,1.0,0.7647058823529411,0.0,0.9989304812834224,0.14765160073115768,0,nan,nan,nan,nan,nan,nan,nan
no-bursts T=300s w=0.03,0,sttc,300,0.03,False,0.1,0.0,6.62,all,91,16,8,0,8,0,1.0,1.0,0.5,0.0,0.9658333333333333,nan,0,nan,nan,nan,nan,nan,nan,nan
no-bursts T=300s w=0.03,0,sttc,300,0.03,False,0.1,0.0,6.62,no_bursts,91,16,8,0,8,0,1.0,1.0,0.5,0.0,0.9658333333333333,nan,0,nan,nan,nan,nan,nan,nan,nan
no-bursts T=300s w=0.03,0,sttc,300,0.03,False,0.1,0.0,6.62,robust,91,16,8,0,8,0,1.0,1.0,0.5,0.0,0.9658333333333333,nan,0,nan,nan,nan,nan,nan,nan,nan
no-bursts T=300s w=0.03,0,tspe,300,0.03,False,0.1,0.0,12.2,all,182,17,10,0,7,0,1.0,1.0,0.5882352941176471,0.0,0.9429590017825312,0.23213015705004025,0,0,1,0,1,0.0,nan,nan
no-bursts T=300s w=0.03,0,tspe,300,0.03,False,0.1,0.0,12.2,no_bursts,182,17,10,0,7,0,1.0,1.0,0.5882352941176471,0.0,0.9429590017825312,0.23213015705004025,0,0,1,0,1,0.0,nan,nan
no-bursts T=300s w=0.03,0,tspe,300,0.03,False,0.1,0.0,12.2,robust,182,17,10,0,7,0,1.0,1.0,0.5882352941176471,0.0,0.9429590017825312,0.23213015705004025,0,0,1,0,1,0.0,nan,nan
no-bursts T=300s w=0.03,0,tspe_noreverse,300,0.03,False,0.1,0.0,12.2,all,182,17,10,0,7,0,1.0,1.0,0.5882352941176471,0.0,0.9429590017825312,0.23213015705004025,0,0,0,0,0,nan,nan,nan
no-bursts T=300s w=0.03,0,tspe_noreverse,300,0.03,False,0.1,0.0,12.2,no_bursts,182,17,10,0,7,0,1.0,1.0,0.5882352941176471,0.0,0.9429590017825312,0.23213015705004025,0,0,0,0,0,nan,nan,nan
no-bursts T=300s w=0.03,0,tspe_noreverse,300,0.03,False,0.1,0.0,12.2,robust,182,17,10,0,7,0,1.0,1.0,0.5882352941176471,0.0,0.9429590017825312,0.23213015705004025,0,0,0,0,0,nan,nan,nan
no-bursts T=300s w=0.03,0,cfp,300,0.03,False,0.1,0.0,8.0,all,182,17,0,0,17,0,nan,nan,0.0,0.0,0.996078431372549,nan,0,nan,nan,nan,nan,nan,nan,nan
no-bursts T=300s w=0.03,0,cfp,300,0.03,False,0.1,0.0,8.0,no_bursts,182,17,0,0,17,0,nan,nan,0.0,0.0,0.996078431372549,nan,0,nan,nan,nan,nan,nan,nan,nan
no-bursts T=300s w=0.03,0,cfp,300,0.03,False,0.1,0.0,8.0,robust,182,17,0,0,17,0,nan,nan,0.0,0.0,0.996078431372549,nan,0,nan,nan,nan,nan,nan,nan,nan
no-bursts T=300s w=0.03,0,cfp_narrow,300,0.03,False,0.1,0.0,8.0,all,182,17,15,1,2,0,0.9375,0.9375,0.8823529411764706,0.006060606060606061,0.996078431372549,0.16141954589077967,0,nan,nan,nan,nan,nan,nan,nan
no-bursts T=300s w=0.03,0,cfp_narrow,300,0.03,False,0.1,0.0,8.0,no_bursts,182,17,15,1,2,0,0.9375,0.9375,0.8823529411764706,0.006060606060606061,0.996078431372549,0.16141954589077967,0,nan,nan,nan,nan,nan,nan,nan
no-bursts T=300s w=0.03,0,cfp_narrow,300,0.03,False,0.1,0.0,8.0,robust,182,17,15,1,2,0,0.9375,0.9375,0.8823529411764706,0.006060606060606061,0.996078431372549,0.16141954589077967,0,nan,nan,nan,nan,nan,nan,nan
no-bursts T=300s w=0.03,1,cch_hollow,300,0.03,False,0.1,0.0,0.01,all,156,16,11,0,5,0,1.0,1.0,0.6875,0.0,0.9368303571428571,0.10228850891582031,0,nan,nan,nan,nan,nan,nan,nan
no-bursts T=300s w=0.03,1,cch_hollow,300,0.03,False,0.1,0.0,0.01,no_bursts,156,16,11,0,5,0,1.0,1.0,0.6875,0.0,0.9368303571428571,0.10228850891582031,0,nan,nan,nan,nan,nan,nan,nan
no-bursts T=300s w=0.03,1,cch_hollow,300,0.03,False,0.1,0.0,0.01,robust,156,16,11,0,5,0,1.0,1.0,0.6875,0.0,0.9368303571428571,0.10228850891582031,0,nan,nan,nan,nan,nan,nan,nan
no-bursts T=300s w=0.03,1,cch_jitter,300,0.03,False,0.1,0.0,3.06,all,156,16,6,0,10,0,1.0,1.0,0.375,0.0,0.971875,0.09730246387031993,0,nan,nan,nan,nan,nan,nan,nan
no-bursts T=300s w=0.03,1,cch_jitter,300,0.03,False,0.1,0.0,3.06,no_bursts,156,16,6,0,10,0,1.0,1.0,0.375,0.0,0.971875,0.09730246387031993,0,nan,nan,nan,nan,nan,nan,nan
no-bursts T=300s w=0.03,1,cch_jitter,300,0.03,False,0.1,0.0,3.06,robust,156,16,6,0,10,0,1.0,1.0,0.375,0.0,0.971875,0.09730246387031993,0,nan,nan,nan,nan,nan,nan,nan
no-bursts T=300s w=0.03,1,sttc,300,0.03,False,0.1,0.0,5.47,all,78,15,3,0,12,0,1.0,1.0,0.2,0.0,0.8624338624338624,nan,0,nan,nan,nan,nan,nan,nan,nan
no-bursts T=300s w=0.03,1,sttc,300,0.03,False,0.1,0.0,5.47,no_bursts,78,15,3,0,12,0,1.0,1.0,0.2,0.0,0.8624338624338624,nan,0,nan,nan,nan,nan,nan,nan,nan
no-bursts T=300s w=0.03,1,sttc,300,0.03,False,0.1,0.0,5.47,robust,78,15,3,0,12,0,1.0,1.0,0.2,0.0,0.8624338624338624,nan,0,nan,nan,nan,nan,nan,nan,nan
no-bursts T=300s w=0.03,1,tspe,300,0.03,False,0.1,0.0,12.19,all,156,16,3,0,13,0,1.0,1.0,0.1875,0.0,0.890625,0.3485946503462971,0,0,0,0,0,nan,nan,nan
no-bursts T=300s w=0.03,1,tspe,300,0.03,False,0.1,0.0,12.19,no_bursts,156,16,3,0,13,0,1.0,1.0,0.1875,0.0,0.890625,0.3485946503462971,0,0,0,0,0,nan,nan,nan
no-bursts T=300s w=0.03,1,tspe,300,0.03,False,0.1,0.0,12.19,robust,156,16,3,0,13,0,1.0,1.0,0.1875,0.0,0.890625,0.3485946503462971,0,0,0,0,0,nan,nan,nan
no-bursts T=300s w=0.03,1,tspe_noreverse,300,0.03,False,0.1,0.0,12.19,all,156,16,3,0,13,0,1.0,1.0,0.1875,0.0,0.890625,0.3485946503462971,0,0,0,0,0,nan,nan,nan
no-bursts T=300s w=0.03,1,tspe_noreverse,300,0.03,False,0.1,0.0,12.19,no_bursts,156,16,3,0,13,0,1.0,1.0,0.1875,0.0,0.890625,0.3485946503462971,0,0,0,0,0,nan,nan,nan
no-bursts T=300s w=0.03,1,tspe_noreverse,300,0.03,False,0.1,0.0,12.19,robust,156,16,3,0,13,0,1.0,1.0,0.1875,0.0,0.890625,0.3485946503462971,0,0,0,0,0,nan,nan,nan
no-bursts T=300s w=0.03,1,cfp,300,0.03,False,0.1,0.0,8.19,all,156,16,0,0,16,0,nan,nan,0.0,0.0,0.8964285714285715,nan,0,nan,nan,nan,nan,nan,nan,nan
no-bursts T=300s w=0.03,1,cfp,300,0.03,False,0.1,0.0,8.19,no_bursts,156,16,0,0,16,0,nan,nan,0.0,0.0,0.8964285714285715,nan,0,nan,nan,nan,nan,nan,nan,nan
no-bursts T=300s w=0.03,1,cfp,300,0.03,False,0.1,0.0,8.19,robust,156,16,0,0,16,0,nan,nan,0.0,0.0,0.8964285714285715,nan,0,nan,nan,nan,nan,nan,nan,nan
no-bursts T=300s w=0.03,1,cfp_narrow,300,0.03,False,0.1,0.0,8.19,all,156,16,8,2,8,0,0.8,0.8,0.5,0.014285714285714285,0.8964285714285715,0.08176172517078939,0,nan,nan,nan,nan,nan,nan,nan
no-bursts T=300s w=0.03,1,cfp_narrow,300,0.03,False,0.1,0.0,8.19,no_bursts,156,16,8,2,8,0,0.8,0.8,0.5,0.014285714285714285,0.8964285714285715,0.08176172517078939,0,nan,nan,nan,nan,nan,nan,nan
no-bursts T=300s w=0.03,1,cfp_narrow,300,0.03,False,0.1,0.0,8.19,robust,156,16,8,2,8,0,0.8,0.8,0.5,0.014285714285714285,0.8964285714285715,0.08176172517078939,0,nan,nan,nan,nan,nan,nan,nan
no-bursts T=300s w=0.03,2,cch_hollow,300,0.03,False,0.1,0.0,0.01,all,210,19,9,0,10,0,1.0,1.0,0.47368421052631576,0.0,0.9743731055387159,0.11996953058302084,0,nan,nan,nan,nan,nan,nan,nan
no-bursts T=300s w=0.03,2,cch_hollow,300,0.03,False,0.1,0.0,0.01,no_bursts,210,19,9,0,10,0,1.0,1.0,0.47368421052631576,0.0,0.9743731055387159,0.11996953058302084,0,nan,nan,nan,nan,nan,nan,nan
no-bursts T=300s w=0.03,2,cch_hollow,300,0.03,False,0.1,0.0,0.01,robust,210,19,9,0,10,0,1.0,1.0,0.47368421052631576,0.0,0.9743731055387159,0.11996953058302084,0,nan,nan,nan,nan,nan,nan,nan
no-bursts T=300s w=0.03,2,cch_jitter,300,0.03,False,0.1,0.0,4.01,all,210,19,7,0,12,0,1.0,1.0,0.3684210526315789,0.0,0.9709286304767153,0.058434479002265505,0,nan,nan,nan,nan,nan,nan,nan
no-bursts T=300s w=0.03,2,cch_jitter,300,0.03,False,0.1,0.0,4.01,no_bursts,210,19,7,0,12,0,1.0,1.0,0.3684210526315789,0.0,0.9709286304767153,0.058434479002265505,0,nan,nan,nan,nan,nan,nan,nan
no-bursts T=300s w=0.03,2,cch_jitter,300,0.03,False,0.1,0.0,4.01,robust,210,19,7,0,12,0,1.0,1.0,0.3684210526315789,0.0,0.9709286304767153,0.058434479002265505,0,nan,nan,nan,nan,nan,nan,nan
no-bursts T=300s w=0.03,2,sttc,300,0.03,False,0.1,0.0,7.01,all,105,17,6,0,11,0,1.0,1.0,0.35294117647058826,0.0,0.9050802139037433,nan,0,nan,nan,nan,nan,nan,nan,nan
no-bursts T=300s w=0.03,2,sttc,300,0.03,False,0.1,0.0,7.01,no_bursts,105,17,6,0,11,0,1.0,1.0,0.35294117647058826,0.0,0.9050802139037433,nan,0,nan,nan,nan,nan,nan,nan,nan
no-bursts T=300s w=0.03,2,sttc,300,0.03,False,0.1,0.0,7.01,robust,105,17,6,0,11,0,1.0,1.0,0.35294117647058826,0.0,0.9050802139037433,nan,0,nan,nan,nan,nan,nan,nan,nan
no-bursts T=300s w=0.03,2,tspe,300,0.03,False,0.1,0.0,12.3,all,210,19,9,1,10,0,0.9,0.9,0.47368421052631576,0.005235602094240838,0.8746211077431799,0.19967587222444472,0,0,4,0,1,0.0,nan,nan
no-bursts T=300s w=0.03,2,tspe,300,0.03,False,0.1,0.0,12.3,no_bursts,210,19,9,1,10,0,0.9,0.9,0.47368421052631576,0.005235602094240838,0.8746211077431799,0.19967587222444472,0,0,4,0,1,0.0,nan,nan
no-bursts T=300s w=0.03,2,tspe,300,0.03,False,0.1,0.0,12.3,robust,210,19,9,1,10,0,0.9,0.9,0.47368421052631576,0.005235602094240838,0.8746211077431799,0.19967587222444472,0,0,4,0,1,0.0,nan,nan
no-bursts T=300s w=0.03,2,tspe_noreverse,300,0.03,False,0.1,0.0,12.3,all,210,19,9,1,10,0,0.9,0.9,0.47368421052631576,0.005235602094240838,0.8746211077431799,0.19967587222444472,0,0,3,0,0,0.0,nan,nan
no-bursts T=300s w=0.03,2,tspe_noreverse,300,0.03,False,0.1,0.0,12.3,no_bursts,210,19,9,1,10,0,0.9,0.9,0.47368421052631576,0.005235602094240838,0.8746211077431799,0.19967587222444472,0,0,3,0,0,0.0,nan,nan
no-bursts T=300s w=0.03,2,tspe_noreverse,300,0.03,False,0.1,0.0,12.3,robust,210,19,9,1,10,0,0.9,0.9,0.47368421052631576,0.005235602094240838,0.8746211077431799,0.19967587222444472,0,0,3,0,0,0.0,nan,nan
no-bursts T=300s w=0.03,2,cfp,300,0.03,False,0.1,0.0,10.31,all,210,19,0,0,19,0,nan,nan,0.0,0.0,0.8837145219068614,nan,0,nan,nan,nan,nan,nan,nan,nan
no-bursts T=300s w=0.03,2,cfp,300,0.03,False,0.1,0.0,10.31,no_bursts,210,19,0,0,19,0,nan,nan,0.0,0.0,0.8837145219068614,nan,0,nan,nan,nan,nan,nan,nan,nan
no-bursts T=300s w=0.03,2,cfp,300,0.03,False,0.1,0.0,10.31,robust,210,19,0,0,19,0,nan,nan,0.0,0.0,0.8837145219068614,nan,0,nan,nan,nan,nan,nan,nan,nan
no-bursts T=300s w=0.03,2,cfp_narrow,300,0.03,False,0.1,0.0,10.31,all,210,19,12,0,7,0,1.0,1.0,0.631578947368421,0.0,0.8837145219068614,0.09168405135595914,0,nan,nan,nan,nan,nan,nan,nan
no-bursts T=300s w=0.03,2,cfp_narrow,300,0.03,False,0.1,0.0,10.31,no_bursts,210,19,12,0,7,0,1.0,1.0,0.631578947368421,0.0,0.8837145219068614,0.09168405135595914,0,nan,nan,nan,nan,nan,nan,nan
no-bursts T=300s w=0.03,2,cfp_narrow,300,0.03,False,0.1,0.0,10.31,robust,210,19,12,0,7,0,1.0,1.0,0.631578947368421,0.0,0.8837145219068614,0.09168405135595914,0,nan,nan,nan,nan,nan,nan,nan
no-bursts T=300s w=0.06,0,cch_hollow,300,0.06,False,0.1,0.0,0.01,all,210,21,18,1,3,1,0.9473684210526315,1.0,0.8571428571428571,0.005291005291005291,0.999748047367095,0.12002485923542006,0,nan,nan,nan,nan,nan,nan,nan
no-bursts T=300s w=0.06,0,cch_hollow,300,0.06,False,0.1,0.0,0.01,no_bursts,210,21,18,1,3,1,0.9473684210526315,1.0,0.8571428571428571,0.005291005291005291,0.999748047367095,0.12002485923542006,0,nan,nan,nan,nan,nan,nan,nan
no-bursts T=300s w=0.06,0,cch_hollow,300,0.06,False,0.1,0.0,0.01,robust,210,21,18,1,3,1,0.9473684210526315,1.0,0.8571428571428571,0.005291005291005291,0.999748047367095,0.12002485923542006,0,nan,nan,nan,nan,nan,nan,nan
no-bursts T=300s w=0.06,0,cch_jitter,300,0.06,False,0.1,0.0,4.33,all,210,21,19,0,2,0,1.0,1.0,0.9047619047619048,0.0,0.99949609473419,0.12483000462665306,0,nan,nan,nan,nan,nan,nan,nan
no-bursts T=300s w=0.06,0,cch_jitter,300,0.06,False,0.1,0.0,4.33,no_bursts,210,21,19,0,2,0,1.0,1.0,0.9047619047619048,0.0,0.99949609473419,0.12483000462665306,0,nan,nan,nan,nan,nan,nan,nan
no-bursts T=300s w=0.06,0,cch_jitter,300,0.06,False,0.1,0.0,4.33,robust,210,21,19,0,2,0,1.0,1.0,0.9047619047619048,0.0,0.99949609473419,0.12483000462665306,0,nan,nan,nan,nan,nan,nan,nan
no-bursts T=300s w=0.06,0,sttc,300,0.06,False,0.1,0.0,7.49,all,105,20,14,0,6,0,1.0,1.0,0.7,0.0,1.0,nan,0,nan,nan,nan,nan,nan,nan,nan
no-bursts T=300s w=0.06,0,sttc,300,0.06,False,0.1,0.0,7.49,no_bursts,105,20,13,0,7,0,1.0,1.0,0.65,0.0,0.9976470588235294,nan,0,nan,nan,nan,nan,nan,nan,nan
no-bursts T=300s w=0.06,0,sttc,300,0.06,False,0.1,0.0,7.49,robust,105,20,13,0,7,0,1.0,1.0,0.65,0.0,1.0,nan,0,nan,nan,nan,nan,nan,nan,nan
no-bursts T=300s w=0.06,0,tspe,300,0.06,False,0.1,0.0,12.35,all,210,21,17,2,4,2,0.8947368421052632,1.0,0.8095238095238095,0.010582010582010581,0.9551524313429075,0.208995407291094,0,0,5,0,2,0.0,nan,nan
no-bursts T=300s w=0.06,0,tspe,300,0.06,False,0.1,0.0,12.35,no_bursts,210,21,17,2,4,2,0.8947368421052632,1.0,0.8095238095238095,0.010582010582010581,0.9526329050138574,0.208995407291094,0,0,6,0,3,0.0,nan,nan
no-bursts T=300s w=0.06,0,tspe,300,0.06,False,0.1,0.0,12.35,robust,210,21,17,2,4,2,0.8947368421052632,1.0,0.8095238095238095,0.010582010582010581,0.9551524313429075,0.208995407291094,0,0,3,0,2,0.0,nan,nan
no-bursts T=300s w=0.06,0,tspe_noreverse,300,0.06,False,0.1,0.0,12.35,all,210,21,17,2,4,2,0.8947368421052632,1.0,0.8095238095238095,0.010582010582010581,0.9551524313429075,0.208995407291094,0,0,2,0,0,0.0,nan,nan
no-bursts T=300s w=0.06,0,tspe_noreverse,300,0.06,False,0.1,0.0,12.35,no_bursts,210,21,17,2,4,2,0.8947368421052632,1.0,0.8095238095238095,0.010582010582010581,0.9526329050138574,0.208995407291094,0,0,3,0,0,0.0,nan,nan
no-bursts T=300s w=0.06,0,tspe_noreverse,300,0.06,False,0.1,0.0,12.35,robust,210,21,17,2,4,2,0.8947368421052632,1.0,0.8095238095238095,0.010582010582010581,0.9551524313429075,0.208995407291094,0,0,1,0,0,0.0,nan,nan
no-bursts T=300s w=0.06,0,cfp,300,0.06,False,0.1,0.0,8.15,all,210,21,0,0,21,0,nan,nan,0.0,0.0,1.0,nan,0,nan,nan,nan,nan,nan,nan,nan
no-bursts T=300s w=0.06,0,cfp,300,0.06,False,0.1,0.0,8.15,no_bursts,210,21,0,0,21,0,nan,nan,0.0,0.0,0.9974804736709498,nan,0,nan,nan,nan,nan,nan,nan,nan
no-bursts T=300s w=0.06,0,cfp,300,0.06,False,0.1,0.0,8.15,robust,210,21,0,0,21,0,nan,nan,0.0,0.0,1.0,nan,0,nan,nan,nan,nan,nan,nan,nan
no-bursts T=300s w=0.06,0,cfp_narrow,300,0.06,False,0.1,0.0,8.15,all,210,21,21,2,0,1,0.9130434782608695,0.9565217391304348,1.0,0.010582010582010581,1.0,0.12620090641036397,0,nan,nan,nan,nan,nan,nan,nan
no-bursts T=300s w=0.06,0,cfp_narrow,300,0.06,False,0.1,0.0,8.15,no_bursts,210,21,20,1,1,1,0.9523809523809523,1.0,0.9523809523809523,0.005291005291005291,0.9974804736709498,0.1209863722652057,0,nan,nan,nan,nan,nan,nan,nan
no-bursts T=300s w=0.06,0,cfp_narrow,300,0.06,False,0.1,0.0,8.15,robust,210,21,20,1,1,1,0.9523809523809523,1.0,0.9523809523809523,0.005291005291005291,1.0,0.11583957211002471,0,nan,nan,nan,nan,nan,nan,nan
no-bursts T=300s w=0.06,1,cch_hollow,300,0.06,False,0.1,0.0,0.01,all,240,27,23,0,4,0,1.0,1.0,0.8518518518518519,0.0,0.9994783515910276,0.1413842381896071,0,nan,nan,nan,nan,nan,nan,nan
no-bursts T=300s w=0.06,1,cch_hollow,300,0.06,False,0.1,0.0,0.01,no_bursts,240,27,23,0,4,0,1.0,1.0,0.8518518518518519,0.0,0.9994783515910276,0.1413842381896071,0,nan,nan,nan,nan,nan,nan,nan
no-bursts T=300s w=0.06,1,cch_hollow,300,0.06,False,0.1,0.0,0.01,robust,240,27,23,0,4,0,1.0,1.0,0.8518518518518519,0.0,0.9994783515910276,0.1413842381896071,0,nan,nan,nan,nan,nan,nan,nan
no-bursts T=300s w=0.06,1,cch_jitter,300,0.06,False,0.1,0.0,4.33,all,240,27,22,0,5,0,1.0,1.0,0.8148148148148148,0.0,0.9986089375760737,0.15080182567297118,0,nan,nan,nan,nan,nan,nan,nan
no-bursts T=300s w=0.06,1,cch_jitter,300,0.06,False,0.1,0.0,4.33,no_bursts,240,27,22,0,5,0,1.0,1.0,0.8148148148148148,0.0,0.9987828203790645,0.15080182567297118,0,nan,nan,nan,nan,nan,nan,nan
no-bursts T=300s w=0.06,1,cch_jitter,300,0.06,False,0.1,0.0,4.33,robust,240,27,22,0,5,0,1.0,1.0,0.8148148148148148,0.0,0.9986089375760737,0.15080182567297118,0,nan,nan,nan,nan,nan,nan,nan
no-bursts T=300s w=0.06,1,sttc,300,0.06,False,0.1,0.0,7.85,all,120,25,17,2,8,2,0.8947368421052632,1.0,0.68,0.021052631578947368,0.9663157894736842,nan,0,nan,nan,nan,nan,nan,nan,nan
no-bursts T=300s w=0.06,1,sttc,300,0.06,False,0.1,0.0,7.85,no_bursts,120,25,18,2,7,2,0.9,1.0,0.72,0.021052631578947368,0.9692631578947368,nan,0,nan,nan,nan,nan,nan,nan,nan
no-bursts T=300s w=0.06,1,sttc,300,0.06,False,0.1,0.0,7.85,robust,120,25,17,2,8,2,0.8947368421052632,1.0,0.68,0.021052631578947368,0.9663157894736842,nan,0,nan,nan,nan,nan,nan,nan,nan
no-bursts T=300s w=0.06,1,tspe,300,0.06,False,0.1,0.0,11.92,all,240,27,20,2,7,0,0.9090909090909091,0.9090909090909091,0.7407407407407407,0.009389671361502348,0.9680055642496957,0.22961622777867374,0,0,7,0,2,0.0,nan,nan
no-bursts T=300s w=0.06,1,tspe,300,0.06,False,0.1,0.0,11.92,no_bursts,240,27,20,2,7,0,0.9090909090909091,0.9090909090909091,0.7407407407407407,0.009389671361502348,0.96452790818988,0.22961622777867374,0,0,7,0,2,0.0,nan,nan
no-bursts T=300s w=0.06,1,tspe,300,0.06,False,0.1,0.0,11.92,robust,240,27,19,2,8,0,0.9047619047619048,0.9047619047619048,0.7037037037037037,0.009389671361502348,0.9680055642496957,0.24407153604932574,0,0,7,0,2,0.0,nan,nan
no-bursts T=300s w=0.06,1,tspe_noreverse,300,0.06,False,0.1,0.0,11.92,all,240,27,20,2,7,0,0.9090909090909091,0.9090909090909091,0.7407407407407407,0.009389671361502348,0.9680055642496957,0.22961622777867374,0,0,5,0,0,0.0,nan,nan
no-bursts T=300s w=0.06,1,tspe_noreverse,300,0.06,False,0.1,0.0,11.92,no_bursts,240,27,20,2,7,0,0.9090909090909091,0.9090909090909091,0.7407407407407407,0.009389671361502348,0.96452790818988,0.22961622777867374,0,0,5,0,0,0.0,nan,nan
no-bursts T=300s w=0.06,1,tspe_noreverse,300,0.06,False,0.1,0.0,11.92,robust,240,27,19,2,8,0,0.9047619047619048,0.9047619047619048,0.7037037037037037,0.009389671361502348,0.9680055642496957,0.24407153604932574,0,0,5,0,0,0.0,nan,nan
no-bursts T=300s w=0.06,1,cfp,300,0.06,False,0.1,0.0,12.18,all,240,27,0,0,27,0,nan,nan,0.0,0.0,0.9300991131977048,nan,0,nan,nan,nan,nan,nan,nan,nan
no-bursts T=300s w=0.06,1,cfp,300,0.06,False,0.1,0.0,12.18,no_bursts,240,27,0,0,27,0,nan,nan,0.0,0.0,0.9316640584246219,nan,0,nan,nan,nan,nan,nan,nan,nan
no-bursts T=300s w=0.06,1,cfp,300,0.06,False,0.1,0.0,12.18,robust,240,27,0,0,27,0,nan,nan,0.0,0.0,0.9300991131977048,nan,0,nan,nan,nan,nan,nan,nan,nan
no-bursts T=300s w=0.06,1,cfp_narrow,300,0.06,False,0.1,0.0,12.18,all,240,27,23,1,4,1,0.9583333333333334,1.0,0.8518518518518519,0.004694835680751174,0.9300991131977048,0.12198425164500293,0,nan,nan,nan,nan,nan,nan,nan
no-bursts T=300s w=0.06,1,cfp_narrow,300,0.06,False,0.1,0.0,12.18,no_bursts,240,27,23,0,4,0,1.0,1.0,0.8518518518518519,0.0,0.9316640584246219,0.12194418375464133,0,nan,nan,nan,nan,nan,nan,nan
no-bursts T=300s w=0.06,1,cfp_narrow,300,0.06,False,0.1,0.0,12.18,robust,240,27,23,0,4,0,1.0,1.0,0.8518518518518519,0.0,0.9300991131977048,0.12198425164500293,0,nan,nan,nan,nan,nan,nan,nan
no-bursts T=300s w=0.06,2,cch_hollow,300,0.06,False,0.1,0.0,0.01,all,210,19,16,0,3,0,1.0,1.0,0.8421052631578947,0.0,0.99972444199504,0.1187602978525657,0,nan,nan,nan,nan,nan,nan,nan
no-bursts T=300s w=0.06,2,cch_hollow,300,0.06,False,0.1,0.0,0.01,no_bursts,210,19,15,0,4,0,1.0,1.0,0.7894736842105263,0.0,0.9994488839900799,0.11755106512211055,0,nan,nan,nan,nan,nan,nan,nan
no-bursts T=300s w=0.06,2,cch_hollow,300,0.06,False,0.1,0.0,0.01,robust,210,19,15,0,4,0,1.0,1.0,0.7894736842105263,0.0,0.99972444199504,0.11755106512211055,0,nan,nan,nan,nan,nan,nan,nan
no-bursts T=300s w=0.06,2,cch_jitter,300,0.06,False,0.1,0.0,4.08,all,210,19,17,0,2,0,1.0,1.0,0.8947368421052632,0.0,0.99972444199504,0.06196901602543137,0,nan,nan,nan,nan,nan,nan,nan
no-bursts T=300s w=0.06,2,cch_jitter,300,0.06,False,0.1,0.0,4.08,no_bursts,210,19,17,0,2,0,1.0,1.0,0.8947368421052632,0.0,0.9991733259851199,0.06196901602543137,0,nan,nan,nan,nan,nan,nan,nan
no-bursts T=300s w=0.06,2,cch_jitter,300,0.06,False,0.1,0.0,4.08,robust,210,19,17,0,2,0,1.0,1.0,0.8947368421052632,0.0,0.99972444199504,0.06196901602543137,0,nan,nan,nan,nan,nan,nan,nan
no-bursts T=300s w=0.06,2,sttc,300,0.06,False,0.1,0.0,7.06,all,105,17,15,0,2,0,1.0,1.0,0.8823529411764706,0.0,0.9739304812834224,nan,0,nan,nan,nan,nan,nan,nan,nan
no-bursts T=300s w=0.06,2,sttc,300,0.06,False,0.1,0.0,7.06,no_bursts,105,17,15,0,2,0,1.0,1.0,0.8823529411764706,0.0,0.9692513368983957,nan,0,nan,nan,nan,nan,nan,nan,nan
no-bursts T=300s w=0.06,2,sttc,300,0.06,False,0.1,0.0,7.06,robust,105,17,15,0,2,0,1.0,1.0,0.8823529411764706,0.0,0.9739304812834224,nan,0,nan,nan,nan,nan,nan,nan,nan
no-bursts T=300s w=0.06,2,tspe,300,0.06,False,0.1,0.0,12.1,all,210,19,14,1,5,1,0.9333333333333333,1.0,0.7368421052631579,0.005235602094240838,0.9969688619454395,0.2140977433262583,0,0,4,0,1,0.0,nan,nan
no-bursts T=300s w=0.06,2,tspe,300,0.06,False,0.1,0.0,12.1,no_bursts,210,19,15,1,4,1,0.9375,1.0,0.7894736842105263,0.005235602094240838,0.9953155139156793,0.2171717352679825,0,0,3,0,1,0.0,nan,nan
no-bursts T=300s w=0.06,2,tspe,300,0.06,False,0.1,0.0,12.1,robust,210,19,14,1,5,1,0.9333333333333333,1.0,0.7368421052631579,0.005235602094240838,0.9969688619454395,0.2140977433262583,0,0,3,0,1,0.0,nan,nan
no-bursts T=300s w=0.06,2,tspe_noreverse,300,0.06,False,0.1,0.0,12.1,all,210,19,14,1,5,1,0.9333333333333333,1.0,0.7368421052631579,0.005235602094240838,0.9969688619454395,0.2140977433262583,0,0,3,0,0,0.0,nan,nan
no-bursts T=300s w=0.06,2,tspe_noreverse,300,0.06,False,0.1,0.0,12.1,no_bursts,210,19,15,1,4,1,0.9375,1.0,0.7894736842105263,0.005235602094240838,0.9953155139156793,0.2171717352679825,0,0,2,0,0,0.0,nan,nan
no-bursts T=300s w=0.06,2,tspe_noreverse,300,0.06,False,0.1,0.0,12.1,robust,210,19,14,1,5,1,0.9333333333333333,1.0,0.7368421052631579,0.005235602094240838,0.9969688619454395,0.2140977433262583,0,0,2,0,0,0.0,nan,nan
no-bursts T=300s w=0.06,2,cfp,300,0.06,False,0.1,0.0,9.59,all,210,19,0,0,19,0,nan,nan,0.0,0.0,1.0,nan,0,nan,nan,nan,nan,nan,nan,nan
no-bursts T=300s w=0.06,2,cfp,300,0.06,False,0.1,0.0,9.59,no_bursts,210,19,0,0,19,0,nan,nan,0.0,0.0,1.0,nan,0,nan,nan,nan,nan,nan,nan,nan
no-bursts T=300s w=0.06,2,cfp,300,0.06,False,0.1,0.0,9.59,robust,210,19,0,0,19,0,nan,nan,0.0,0.0,1.0,nan,0,nan,nan,nan,nan,nan,nan,nan
no-bursts T=300s w=0.06,2,cfp_narrow,300,0.06,False,0.1,0.0,9.59,all,210,19,19,0,0,0,1.0,1.0,1.0,0.0,1.0,0.18072291512919758,0,nan,nan,nan,nan,nan,nan,nan
no-bursts T=300s w=0.06,2,cfp_narrow,300,0.06,False,0.1,0.0,9.59,no_bursts,210,19,19,0,0,0,1.0,1.0,1.0,0.0,1.0,0.1807227498632371,0,nan,nan,nan,nan,nan,nan,nan
no-bursts T=300s w=0.06,2,cfp_narrow,300,0.06,False,0.1,0.0,9.59,robust,210,19,19,0,0,0,1.0,1.0,1.0,0.0,1.0,0.18072291512919758,0,nan,nan,nan,nan,nan,nan,nan
no-bursts T=300s w=0.12,0,cch_hollow,300,0.12,False,0.1,0.0,0.01,all,240,24,21,4,3,4,0.84,1.0,0.875,0.018518518518518517,0.9988425925925926,0.11521971384418705,0,nan,nan,nan,nan,nan,nan,nan
no-bursts T=300s w=0.12,0,cch_hollow,300,0.12,False,0.1,0.0,0.01,no_bursts,240,24,21,4,3,4,0.84,1.0,0.875,0.018518518518518517,0.9988425925925926,0.11521971384418705,0,nan,nan,nan,nan,nan,nan,nan
no-bursts T=300s w=0.12,0,cch_hollow,300,0.12,False,0.1,0.0,0.01,robust,240,24,21,4,3,4,0.84,1.0,0.875,0.018518518518518517,0.9988425925925926,0.11521971384418705,0,nan,nan,nan,nan,nan,nan,nan
no-bursts T=300s w=0.12,0,cch_jitter,300,0.12,False,0.1,0.0,5.01,all,240,24,23,2,1,2,0.92,1.0,0.9583333333333334,0.009259259259259259,0.9766589506172839,0.12483000462665306,0,nan,nan,nan,nan,nan,nan,nan
no-bursts T=300s w=0.12,0,cch_jitter,300,0.12,False,0.1,0.0,5.01,no_bursts,240,24,23,1,1,1,0.9583333333333334,1.0,0.9583333333333334,0.004629629629629629,0.9789737654320988,0.12483000462665306,0,nan,nan,nan,nan,nan,nan,nan
no-bursts T=300s w=0.12,0,cch_jitter,300,0.12,False,0.1,0.0,5.01,robust,240,24,23,1,1,1,0.9583333333333334,1.0,0.9583333333333334,0.004629629629629629,0.9766589506172839,0.12483000462665306,0,nan,nan,nan,nan,nan,nan,nan
no-bursts T=300s w=0.12,0,sttc,300,0.12,False,0.1,0.0,8.74,all,120,22,22,6,0,6,0.7857142857142857,1.0,1.0,0.061224489795918366,0.9990723562152134,nan,0,nan,nan,nan,nan,nan,nan,nan
no-bursts T=300s w=0.12,0,sttc,300,0.12,False,0.1,0.0,8.74,no_bursts,120,22,22,7,0,6,0.7586206896551724,0.9655172413793104,1.0,0.07142857142857142,0.99860853432282,nan,0,nan,nan,nan,nan,nan,nan,nan
no-bursts T=300s w=0.12,0,sttc,300,0.12,False,0.1,0.0,8.74,robust,120,22,22,6,0,6,0.7857142857142857,1.0,1.0,0.061224489795918366,0.9990723562152134,nan,0,nan,nan,nan,nan,nan,nan,nan
no-bursts T=300s w=0.12,0,tspe,300,0.12,False,0.1,0.0,12.64,all,240,24,22,4,2,4,0.8461538461538461,1.0,0.9166666666666666,0.018518518518518517,0.9211033950617284,0.22462417887241237,0,0,11,0,9,0.0,nan,nan
no-bursts T=300s w=0.12,0,tspe,300,0.12,False,0.1,0.0,12.64,no_bursts,240,24,22,4,2,4,0.8461538461538461,1.0,0.9166666666666666,0.018518518518518517,0.9197530864197531,0.22462417887241237,0,0,10,0,9,0.0,nan,nan
no-bursts T=300s w=0.12,0,tspe,300,0.12,False,0.1,0.0,12.64,robust,240,24,22,4,2,4,0.8461538461538461,1.0,0.9166666666666666,0.018518518518518517,0.9211033950617284,0.22462417887241237,0,0,10,0,9,0.0,nan,nan
no-bursts T=300s w=0.12,0,tspe_noreverse,300,0.12,False,0.1,0.0,12.64,all,240,24,22,4,2,4,0.8461538461538461,1.0,0.9166666666666666,0.018518518518518517,0.9211033950617284,0.22462417887241237,0,0,2,0,0,0.0,nan,nan
no-bursts T=300s w=0.12,0,tspe_noreverse,300,0.12,False,0.1,0.0,12.64,no_bursts,240,24,22,4,2,4,0.8461538461538461,1.0,0.9166666666666666,0.018518518518518517,0.9197530864197531,0.22462417887241237,0,0,1,0,0,0.0,nan,nan
no-bursts T=300s w=0.12,0,tspe_noreverse,300,0.12,False,0.1,0.0,12.64,robust,240,24,22,4,2,4,0.8461538461538461,1.0,0.9166666666666666,0.018518518518518517,0.9211033950617284,0.22462417887241237,0,0,1,0,0,0.0,nan,nan
no-bursts T=300s w=0.12,0,cfp,300,0.12,False,0.1,0.0,8.31,all,240,24,0,0,24,0,nan,nan,0.0,0.0,0.9963348765432098,nan,0,nan,nan,nan,nan,nan,nan,nan
no-bursts T=300s w=0.12,0,cfp,300,0.12,False,0.1,0.0,8.31,no_bursts,240,24,0,0,24,0,nan,nan,0.0,0.0,0.9967206790123457,nan,0,nan,nan,nan,nan,nan,nan,nan
no-bursts T=300s w=0.12,0,cfp,300,0.12,False,0.1,0.0,8.31,robust,240,24,0,0,24,0,nan,nan,0.0,0.0,0.9963348765432098,nan,0,nan,nan,nan,nan,nan,nan,nan
no-bursts T=300s w=0.12,0,cfp_narrow,300,0.12,False,0.1,0.0,8.31,all,240,24,24,15,0,14,0.6153846153846154,0.9743589743589743,1.0,0.06944444444444445,0.9963348765432098,0.12043473846866848,0,nan,nan,nan,nan,nan,nan,nan
no-bursts T=300s w=0.12,0,cfp_narrow,300,0.12,False,0.1,0.0,8.31,no_bursts,240,24,24,14,0,13,0.631578947368421,0.9736842105263158,1.0,0.06481481481481481,0.9967206790123457,0.12044339743851151,0,nan,nan,nan,nan,nan,nan,nan
no-bursts T=300s w=0.12,0,cfp_narrow,300,0.12,False,0.1,0.0,8.31,robust,240,24,24,14,0,13,0.631578947368421,0.9736842105263158,1.0,0.06481481481481481,0.9963348765432098,0.12043473846866848,0,nan,nan,nan,nan,nan,nan,nan
no-bursts T=300s w=0.12,1,cch_hollow,300,0.12,False,0.1,0.0,0.01,all,240,27,25,3,2,3,0.8928571428571429,1.0,0.9259259259259259,0.014084507042253521,0.9996522343940184,0.16021941315633526,0,nan,nan,nan,nan,nan,nan,nan
no-bursts T=300s w=0.12,1,cch_hollow,300,0.12,False,0.1,0.0,0.01,no_bursts,240,27,25,3,2,3,0.8928571428571429,1.0,0.9259259259259259,0.014084507042253521,0.9994783515910276,0.16021941315633526,0,nan,nan,nan,nan,nan,nan,nan
no-bursts T=300s w=0.12,1,cch_hollow,300,0.12,False,0.1,0.0,0.01,robust,240,27,25,3,2,3,0.8928571428571429,1.0,0.9259259259259259,0.014084507042253521,0.9996522343940184,0.16021941315633526,0,nan,nan,nan,nan,nan,nan,nan
no-bursts T=300s w=0.12,1,cch_jitter,300,0.12,False,0.1,0.0,4.56,all,240,27,26,0,1,0,1.0,1.0,0.9629629629629629,0.0,1.0,0.15080182567297118,0,nan,nan,nan,nan,nan,nan,nan
no-bursts T=300s w=0.12,1,cch_jitter,300,0.12,False,0.1,0.0,4.56,no_bursts,240,27,26,0,1,0,1.0,1.0,0.9629629629629629,0.0,0.9996522343940184,0.15080182567297118,0,nan,nan,nan,nan,nan,nan,nan
no-bursts T=300s w=0.12,1,cch_jitter,300,0.12,False,0.1,0.0,4.56,robust,240,27,26,0,1,0,1.0,1.0,0.9629629629629629,0.0,1.0,0.15080182567297118,0,nan,nan,nan,nan,nan,nan,nan
no-bursts T=300s w=0.12,1,sttc,300,0.12,False,0.1,0.0,8.24,all,120,25,24,6,1,5,0.8,0.9666666666666667,0.96,0.06315789473684211,0.9894736842105263,nan,0,nan,nan,nan,nan,nan,nan,nan
no-bursts T=300s w=0.12,1,sttc,300,0.12,False,0.1,0.0,8.24,no_bursts,120,25,23,3,2,3,0.8846153846153846,1.0,0.92,0.031578947368421054,0.9886315789473684,nan,0,nan,nan,nan,nan,nan,nan,nan
no-bursts T=300s w=0.12,1,sttc,300,0.12,False,0.1,0.0,8.24,robust,120,25,23,3,2,3,0.8846153846153846,1.0,0.92,0.031578947368421054,0.9894736842105263,nan,0,nan,nan,nan,nan,nan,nan,nan
no-bursts T=300s w=0.12,1,tspe,300,0.12,False,0.1,0.0,12.52,all,240,27,23,2,4,1,0.92,0.96,0.8518518518518519,0.009389671361502348,0.9951312815162581,0.21516091950802174,0,0,10,0,5,0.0,nan,nan
no-bursts T=300s w=0.12,1,tspe,300,0.12,False,0.1,0.0,12.52,no_bursts,240,27,23,2,4,1,0.92,0.96,0.8518518518518519,0.009389671361502348,0.9963484611371936,0.21516091950802174,0,0,13,0,8,0.0,nan,nan
no-bursts T=300s w=0.12,1,tspe,300,0.12,False,0.1,0.0,12.52,robust,240,27,23,2,4,1,0.92,0.96,0.8518518518518519,0.009389671361502348,0.9951312815162581,0.21516091950802174,0,0,10,0,5,0.0,nan,nan
no-bursts T=300s w=0.12,1,tspe_noreverse,300,0.12,False,0.1,0.0,12.52,all,240,27,23,2,4,1,0.92,0.96,0.8518518518518519,0.009389671361502348,0.9951312815162581,0.21516091950802174,0,0,5,0,0,0.0,nan,nan
no-bursts T=300s w=0.12,1,tspe_noreverse,300,0.12,False,0.1,0.0,12.52,no_bursts,240,27,23,2,4,1,0.92,0.96,0.8518518518518519,0.009389671361502348,0.9963484611371936,0.21516091950802174,0,0,5,0,0,0.0,nan,nan
no-bursts T=300s w=0.12,1,tspe_noreverse,300,0.12,False,0.1,0.0,12.52,robust,240,27,23,2,4,1,0.92,0.96,0.8518518518518519,0.009389671361502348,0.9951312815162581,0.21516091950802174,0,0,5,0,0,0.0,nan,nan
no-bursts T=300s w=0.12,1,cfp,300,0.12,False,0.1,0.0,11.86,all,240,27,0,0,27,0,nan,nan,0.0,0.0,0.9996522343940184,nan,0,nan,nan,nan,nan,nan,nan,nan
no-bursts T=300s w=0.12,1,cfp,300,0.12,False,0.1,0.0,11.86,no_bursts,240,27,0,0,27,0,nan,nan,0.0,0.0,0.9993044687880369,nan,0,nan,nan,nan,nan,nan,nan,nan
no-bursts T=300s w=0.12,1,cfp,300,0.12,False,0.1,0.0,11.86,robust,240,27,0,0,27,0,nan,nan,0.0,0.0,0.9996522343940184,nan,0,nan,nan,nan,nan,nan,nan,nan
no-bursts T=300s w=0.12,1,cfp_narrow,300,0.12,False,0.1,0.0,11.86,all,240,27,27,6,0,6,0.8181818181818182,1.0,1.0,0.028169014084507043,0.9996522343940184,0.1563305961257968,0,nan,nan,nan,nan,nan,nan,nan
no-bursts T=300s w=0.12,1,cfp_narrow,300,0.12,False,0.1,0.0,11.86,no_bursts,240,27,27,5,0,5,0.84375,1.0,1.0,0.023474178403755867,0.9993044687880369,0.15634924874156564,0,nan,nan,nan,nan,nan,nan,nan
no-bursts T=300s w=0.12,1,cfp_narrow,300,0.12,False,0.1,0.0,11.86,robust,240,27,27,4,0,4,0.8709677419354839,1.0,1.0,0.018779342723004695,0.9996522343940184,0.1563305961257968,0,nan,nan,nan,nan,nan,nan,nan
no-bursts T=300s w=0.12,2,cch_hollow,300,0.12,False,0.1,0.0,0.01,all,210,19,19,1,0,1,0.95,1.0,1.0,0.005235602094240838,1.0,0.058434479002265505,0,nan,nan,nan,nan,nan,nan,nan
no-bursts T=300s w=0.12,2,cch_hollow,300,0.12,False,0.1,0.0,0.01,no_bursts,210,19,19,1,0,1,0.95,1.0,1.0,0.005235602094240838,1.0,0.058434479002265505,0,nan,nan,nan,nan,nan,nan,nan
no-bursts T=300s w=0.12,2,cch_hollow,300,0.12,False,0.1,0.0,0.01,robust,210,19,19,1,0,1,0.95,1.0,1.0,0.005235602094240838,1.0,0.058434479002265505,0,nan,nan,nan,nan,nan,nan,nan
no-bursts T=300s w=0.12,2,cch_jitter,300,0.12,False,0.1,0.0,4.36,all,210,19,19,0,0,0,1.0,1.0,1.0,0.0,1.0,0.058434479002265505,0,nan,nan,nan,nan,nan,nan,nan
no-bursts T=300s w=0.12,2,cch_jitter,300,0.12,False,0.1,0.0,4.36,no_bursts,210,19,19,0,0,0,1.0,1.0,1.0,0.0,1.0,0.058434479002265505,0,nan,nan,nan,nan,nan,nan,nan
no-bursts T=300s w=0.12,2,cch_jitter,300,0.12,False,0.1,0.0,4.36,robust,210,19,19,0,0,0,1.0,1.0,1.0,0.0,1.0,0.058434479002265505,0,nan,nan,nan,nan,nan,nan,nan
no-bursts T=300s w=0.12,2,sttc,300,0.12,False,0.1,0.0,7.31,all,105,17,17,0,0,0,1.0,1.0,1.0,0.0,1.0,nan,0,nan,nan,nan,nan,nan,nan,nan
no-bursts T=300s w=0.12,2,sttc,300,0.12,False,0.1,0.0,7.31,no_bursts,105,17,16,0,1,0,1.0,1.0,0.9411764705882353,0.0,1.0,nan,0,nan,nan,nan,nan,nan,nan,nan
no-bursts T=300s w=0.12,2,sttc,300,0.12,False,0.1,0.0,7.31,robust,105,17,16,0,1,0,1.0,1.0,0.9411764705882353,0.0,1.0,nan,0,nan,nan,nan,nan,nan,nan,nan
no-bursts T=300s w=0.12,2,tspe,300,0.12,False,0.1,0.0,12.17,all,210,19,18,6,1,6,0.75,1.0,0.9473684210526315,0.031413612565445025,0.9958666299255994,0.2140977433262583,0,0,7,0,5,0.0,nan,nan
no-bursts T=300s w=0.12,2,tspe,300,0.12,False,0.1,0.0,12.17,no_bursts,210,19,18,4,1,4,0.8181818181818182,1.0,0.9473684210526315,0.020942408376963352,0.9947643979057592,0.2140977433262583,0,0,7,0,5,0.0,nan,nan
no-bursts T=300s w=0.12,2,tspe,300,0.12,False,0.1,0.0,12.17,robust,210,19,18,4,1,4,0.8181818181818182,1.0,0.9473684210526315,0.020942408376963352,0.9958666299255994,0.2140977433262583,0,0,6,0,5,0.0,nan,nan
no-bursts T=300s w=0.12,2,tspe_noreverse,300,0.12,False,0.1,0.0,12.17,all,210,19,18,6,1,6,0.75,1.0,0.9473684210526315,0.031413612565445025,0.9958666299255994,0.2140977433262583,0,0,2,0,0,0.0,nan,nan
no-bursts T=300s w=0.12,2,tspe_noreverse,300,0.12,False,0.1,0.0,12.17,no_bursts,210,19,18,4,1,4,0.8181818181818182,1.0,0.9473684210526315,0.020942408376963352,0.9947643979057592,0.2140977433262583,0,0,2,0,0,0.0,nan,nan
no-bursts T=300s w=0.12,2,tspe_noreverse,300,0.12,False,0.1,0.0,12.17,robust,210,19,18,4,1,4,0.8181818181818182,1.0,0.9473684210526315,0.020942408376963352,0.9958666299255994,0.2140977433262583,0,0,1,0,0,0.0,nan,nan
no-bursts T=300s w=0.12,2,cfp,300,0.12,False,0.1,0.0,12.03,all,210,19,0,0,19,0,nan,nan,0.0,0.0,1.0,nan,0,nan,nan,nan,nan,nan,nan,nan
no-bursts T=300s w=0.12,2,cfp,300,0.12,False,0.1,0.0,12.03,no_bursts,210,19,0,0,19,0,nan,nan,0.0,0.0,1.0,nan,0,nan,nan,nan,nan,nan,nan,nan
no-bursts T=300s w=0.12,2,cfp,300,0.12,False,0.1,0.0,12.03,robust,210,19,0,0,19,0,nan,nan,0.0,0.0,1.0,nan,0,nan,nan,nan,nan,nan,nan,nan
no-bursts T=300s w=0.12,2,cfp_narrow,300,0.12,False,0.1,0.0,12.03,all,210,19,19,5,0,5,0.7916666666666666,1.0,1.0,0.02617801047120419,1.0,0.2187741050186207,0,nan,nan,nan,nan,nan,nan,nan
no-bursts T=300s w=0.12,2,cfp_narrow,300,0.12,False,0.1,0.0,12.03,no_bursts,210,19,19,4,0,4,0.8260869565217391,1.0,1.0,0.020942408376963352,1.0,0.21181105967394664,0,nan,nan,nan,nan,nan,nan,nan
no-bursts T=300s w=0.12,2,cfp_narrow,300,0.12,False,0.1,0.0,12.03,robust,210,19,19,4,0,4,0.8260869565217391,1.0,1.0,0.020942408376963352,1.0,0.2187741050186207,0,nan,nan,nan,nan,nan,nan,nan
no-bursts T=600s w=0.03,0,cch_hollow,600,0.03,False,0.1,0.0,0.01,all,240,24,20,1,4,0,0.9523809523809523,0.9523809523809523,0.8333333333333334,0.004629629629629629,0.9990354938271605,0.12002485923542006,0,nan,nan,nan,nan,nan,nan,nan
no-bursts T=600s w=0.03,0,cch_hollow,600,0.03,False,0.1,0.0,0.01,no_bursts,240,24,20,1,4,0,0.9523809523809523,0.9523809523809523,0.8333333333333334,0.004629629629629629,0.9990354938271605,0.12002485923542006,0,nan,nan,nan,nan,nan,nan,nan
no-bursts T=600s w=0.03,0,cch_hollow,600,0.03,False,0.1,0.0,0.01,robust,240,24,20,1,4,0,0.9523809523809523,0.9523809523809523,0.8333333333333334,0.004629629629629629,0.9990354938271605,0.12002485923542006,0,nan,nan,nan,nan,nan,nan,nan
no-bursts T=600s w=0.03,0,cch_jitter,600,0.03,False,0.1,0.0,7.35,all,240,24,19,0,5,0,1.0,1.0,0.7916666666666666,0.0,0.998070987654321,0.12682659184971312,0,nan,nan,nan,nan,nan,nan,nan
no-bursts T=600s w=0.03,0,cch_jitter,600,0.03,False,0.1,0.0,7.35,no_bursts,240,24,19,0,5,0,1.0,1.0,0.7916666666666666,0.0,0.998070987654321,0.12682659184971312,0,nan,nan,nan,nan,nan,nan,nan
no-bursts T=600s w=0.03,0,cch_jitter,600,0.03,False,0.1,0.0,7.35,robust,240,24,19,0,5,0,1.0,1.0,0.7916666666666666,0.0,0.998070987654321,0.12682659184971312,0,nan,nan,nan,nan,nan,nan,nan
no-bursts T=600s w=0.03,0,sttc,600,0.03,False,0.1,0.0,11.02,all,120,22,16,1,6,1,0.9411764705882353,1.0,0.7272727272727273,0.01020408163265306,0.985621521335807,nan,0,nan,nan,nan,nan,nan,nan,nan
no-bursts T=600s w=0.03,0,sttc,600,0.03,False,0.1,0.0,11.02,no_bursts,120,22,16,1,6,1,0.9411764705882353,1.0,0.7272727272727273,0.01020408163265306,0.985621521335807,nan,0,nan,nan,nan,nan,nan,nan,nan
no-bursts T=600s w=0.03,0,sttc,600,0.03,False,0.1,0.0,11.02,robust,120,22,16,1,6,1,0.9411764705882353,1.0,0.7272727272727273,0.01020408163265306,0.985621521335807,nan,0,nan,nan,nan,nan,nan,nan,nan
no-bursts T=600s w=0.03,0,tspe,600,0.03,False,0.1,0.0,19.18,all,240,24,17,1,7,0,0.9444444444444444,0.9444444444444444,0.7083333333333334,0.004629629629629629,0.9226466049382716,0.24308240424218308,0,0,0,0,0,nan,nan,nan
no-bursts T=600s w=0.03,0,tspe,600,0.03,False,0.1,0.0,19.18,no_bursts,240,24,17,1,7,0,0.9444444444444444,0.9444444444444444,0.7083333333333334,0.004629629629629629,0.9226466049382716,0.24308240424218308,0,0,0,0,0,nan,nan,nan
no-bursts T=600s w=0.03,0,tspe,600,0.03,False,0.1,0.0,19.18,robust,240,24,17,1,7,0,0.9444444444444444,0.9444444444444444,0.7083333333333334,0.004629629629629629,0.9226466049382716,0.24308240424218308,0,0,0,0,0,nan,nan,nan
no-bursts T=600s w=0.03,0,tspe_noreverse,600,0.03,False,0.1,0.0,19.18,all,240,24,17,1,7,0,0.9444444444444444,0.9444444444444444,0.7083333333333334,0.004629629629629629,0.9226466049382716,0.24308240424218308,0,0,0,0,0,nan,nan,nan
no-bursts T=600s w=0.03,0,tspe_noreverse,600,0.03,False,0.1,0.0,19.18,no_bursts,240,24,17,1,7,0,0.9444444444444444,0.9444444444444444,0.7083333333333334,0.004629629629629629,0.9226466049382716,0.24308240424218308,0,0,0,0,0,nan,nan,nan
no-bursts T=600s w=0.03,0,tspe_noreverse,600,0.03,False,0.1,0.0,19.18,robust,240,24,17,1,7,0,0.9444444444444444,0.9444444444444444,0.7083333333333334,0.004629629629629629,0.9226466049382716,0.24308240424218308,0,0,0,0,0,nan,nan,nan
no-bursts T=600s w=0.03,0,cfp,600,0.03,False,0.1,0.0,10.56,all,240,24,0,0,24,0,nan,nan,0.0,0.0,0.9363425925925926,nan,0,nan,nan,nan,nan,nan,nan,nan
no-bursts T=600s w=0.03,0,cfp,600,0.03,False,0.1,0.0,10.56,no_bursts,240,24,0,0,24,0,nan,nan,0.0,0.0,0.9363425925925926,nan,0,nan,nan,nan,nan,nan,nan,nan
no-bursts T=600s w=0.03,0,cfp,600,0.03,False,0.1,0.0,10.56,robust,240,24,0,0,24,0,nan,nan,0.0,0.0,0.9363425925925926,nan,0,nan,nan,nan,nan,nan,nan,nan
no-bursts T=600s w=0.03,0,cfp_narrow,600,0.03,False,0.1,0.0,10.56,all,240,24,21,4,3,0,0.84,0.84,0.875,0.018518518518518517,0.9363425925925926,0.10766170554977461,0,nan,nan,nan,nan,nan,nan,nan
no-bursts T=600s w=0.03,0,cfp_narrow,600,0.03,False,0.1,0.0,10.56,no_bursts,240,24,21,4,3,0,0.84,0.84,0.875,0.018518518518518517,0.9363425925925926,0.10766170554977461,0,nan,nan,nan,nan,nan,nan,nan
no-bursts T=600s w=0.03,0,cfp_narrow,600,0.03,False,0.1,0.0,10.56,robust,240,24,21,4,3,0,0.84,0.84,0.875,0.018518518518518517,0.9363425925925926,0.10766170554977461,0,nan,nan,nan,nan,nan,nan,nan
no-bursts T=600s w=0.03,1,cch_hollow,600,0.03,False,0.1,0.0,0.01,all,240,27,24,0,3,0,1.0,1.0,0.8888888888888888,0.0,0.9989567031820553,0.13319635702923527,0,nan,nan,nan,nan,nan,nan,nan
no-bursts T=600s w=0.03,1,cch_hollow,600,0.03,False,0.1,0.0,0.01,no_bursts,240,27,24,0,3,0,1.0,1.0,0.8888888888888888,0.0,0.9989567031820553,0.13319635702923527,0,nan,nan,nan,nan,nan,nan,nan
no-bursts T=600s w=0.03,1,cch_hollow,600,0.03,False,0.1,0.0,0.01,robust,240,27,24,0,3,0,1.0,1.0,0.8888888888888888,0.0,0.9989567031820553,0.13319635702923527,0,nan,nan,nan,nan,nan,nan,nan
no-bursts T=600s w=0.03,1,cch_jitter,600,0.03,False,0.1,0.0,6.63,all,240,27,20,1,7,0,0.9523809523809523,0.9523809523809523,0.7407407407407407,0.004694835680751174,0.9926969222743871,0.15080182567297118,0,nan,nan,nan,nan,nan,nan,nan
no-bursts T=600s w=0.03,1,cch_jitter,600,0.03,False,0.1,0.0,6.63,no_bursts,240,27,20,1,7,0,0.9523809523809523,0.9523809523809523,0.7407407407407407,0.004694835680751174,0.9926969222743871,0.15080182567297118,0,nan,nan,nan,nan,nan,nan,nan
no-bursts T=600s w=0.03,1,cch_jitter,600,0.03,False,0.1,0.0,6.63,robust,240,27,20,1,7,0,0.9523809523809523,0.9523809523809523,0.7407407407407407,0.004694835680751174,0.9926969222743871,0.15080182567297118,0,nan,nan,nan,nan,nan,nan,nan
no-bursts T=600s w=0.03,1,sttc,600,0.03,False,0.1,0.0,10.47,all,120,25,12,2,13,0,0.8571428571428571,0.8571428571428571,0.48,0.021052631578947368,0.9465263157894737,nan,0,nan,nan,nan,nan,nan,nan,nan
no-bursts T=600s w=0.03,1,sttc,600,0.03,False,0.1,0.0,10.47,no_bursts,120,25,12,2,13,0,0.8571428571428571,0.8571428571428571,0.48,0.021052631578947368,0.9465263157894737,nan,0,nan,nan,nan,nan,nan,nan,nan
no-bursts T=600s w=0.03,1,sttc,600,0.03,False,0.1,0.0,10.47,robust,120,25,12,2,13,0,0.8571428571428571,0.8571428571428571,0.48,0.021052631578947368,0.9465263157894737,nan,0,nan,nan,nan,nan,nan,nan,nan
no-bursts T=600s w=0.03,1,tspe,600,0.03,False,0.1,0.0,20.92,all,240,27,12,1,15,0,0.9230769230769231,0.9230769230769231,0.4444444444444444,0.004694835680751174,0.978264649626152,0.24443143821413993,0,0,3,0,0,0.0,nan,nan
no-bursts T=600s w=0.03,1,tspe,600,0.03,False,0.1,0.0,20.92,no_bursts,240,27,12,1,15,0,0.9230769230769231,0.9230769230769231,0.4444444444444444,0.004694835680751174,0.978264649626152,0.24443143821413993,0,0,3,0,0,0.0,nan,nan
no-bursts T=600s w=0.03,1,tspe,600,0.03,False,0.1,0.0,20.92,robust,240,27,12,1,15,0,0.9230769230769231,0.9230769230769231,0.4444444444444444,0.004694835680751174,0.978264649626152,0.24443143821413993,0,0,3,0,0,0.0,nan,nan
no-bursts T=600s w=0.03,1,tspe_noreverse,600,0.03,False,0.1,0.0,20.92,all,240,27,12,1,15,0,0.9230769230769231,0.9230769230769231,0.4444444444444444,0.004694835680751174,0.978264649626152,0.24443143821413993,0,0,3,0,0,0.0,nan,nan
no-bursts T=600s w=0.03,1,tspe_noreverse,600,0.03,False,0.1,0.0,20.92,no_bursts,240,27,12,1,15,0,0.9230769230769231,0.9230769230769231,0.4444444444444444,0.004694835680751174,0.978264649626152,0.24443143821413993,0,0,3,0,0,0.0,nan,nan
no-bursts T=600s w=0.03,1,tspe_noreverse,600,0.03,False,0.1,0.0,20.92,robust,240,27,12,1,15,0,0.9230769230769231,0.9230769230769231,0.4444444444444444,0.004694835680751174,0.978264649626152,0.24443143821413993,0,0,3,0,0,0.0,nan,nan
no-bursts T=600s w=0.03,1,cfp,600,0.03,False,0.1,0.0,11.15,all,240,27,0,0,27,0,nan,nan,0.0,0.0,0.9680055642496957,nan,0,nan,nan,nan,nan,nan,nan,nan
no-bursts T=600s w=0.03,1,cfp,600,0.03,False,0.1,0.0,11.15,no_bursts,240,27,0,0,27,0,nan,nan,0.0,0.0,0.9680055642496957,nan,0,nan,nan,nan,nan,nan,nan,nan
no-bursts T=600s w=0.03,1,cfp,600,0.03,False,0.1,0.0,11.15,robust,240,27,0,0,27,0,nan,nan,0.0,0.0,0.9680055642496957,nan,0,nan,nan,nan,nan,nan,nan,nan
no-bursts T=600s w=0.03,1,cfp_narrow,600,0.03,False,0.1,0.0,11.15,all,240,27,21,1,6,0,0.9545454545454546,0.9545454545454546,0.7777777777777778,0.004694835680751174,0.9680055642496957,0.14125733051284683,0,nan,nan,nan,nan,nan,nan,nan
no-bursts T=600s w=0.03,1,cfp_narrow,600,0.03,False,0.1,0.0,11.15,no_bursts,240,27,21,1,6,0,0.9545454545454546,0.9545454545454546,0.7777777777777778,0.004694835680751174,0.9680055642496957,0.14125733051284683,0,nan,nan,nan,nan,nan,nan,nan
no-bursts T=600s w=0.03,1,cfp_narrow,600,0.03,False,0.1,0.0,11.15,robust,240,27,21,1,6,0,0.9545454545454546,0.9545454545454546,0.7777777777777778,0.004694835680751174,0.9680055642496957,0.14125733051284683,0,nan,nan,nan,nan,nan,nan,nan
no-bursts T=600s w=0.03,2,cch_hollow,600,0.03,False,0.1,0.0,0.01,all,240,24,21,1,3,0,0.9545454545454546,0.9545454545454546,0.875,0.004629629629629629,0.9723186728395061,0.058434479002265505,0,nan,nan,nan,nan,nan,nan,nan
no-bursts T=600s w=0.03,2,cch_hollow,600,0.03,False,0.1,0.0,0.01,no_bursts,240,24,21,1,3,0,0.9545454545454546,0.9545454545454546,0.875,0.004629629629629629,0.9722222222222222,0.058434479002265505,0,nan,nan,nan,nan,nan,nan,nan
no-bursts T=600s w=0.03,2,cch_hollow,600,0.03,False,0.1,0.0,0.01,robust,240,24,21,1,3,0,0.9545454545454546,0.9545454545454546,0.875,0.004629629629629629,0.9723186728395061,0.058434479002265505,0,nan,nan,nan,nan,nan,nan,nan
no-bursts T=600s w=0.03,2,cch_jitter,600,0.03,False,0.1,0.0,7.31,all,240,24,15,0,9,0,1.0,1.0,0.625,0.0,0.9972993827160493,0.05299370759583333,0,nan,nan,nan,nan,nan,nan,nan
no-bursts T=600s w=0.03,2,cch_jitter,600,0.03,False,0.1,0.0,7.31,no_bursts,240,24,18,0,6,0,1.0,1.0,0.75,0.0,0.9978780864197531,0.055229927995775085,0,nan,nan,nan,nan,nan,nan,nan
no-bursts T=600s w=0.03,2,cch_jitter,600,0.03,False,0.1,0.0,7.31,robust,240,24,15,0,9,0,1.0,1.0,0.625,0.0,0.9972993827160493,0.05299370759583333,0,nan,nan,nan,nan,nan,nan,nan
no-bursts T=600s w=0.03,2,sttc,600,0.03,False,0.1,0.0,11.25,all,120,22,11,0,11,0,1.0,1.0,0.5,0.0,0.936456400742115,nan,0,nan,nan,nan,nan,nan,nan,nan
no-bursts T=600s w=0.03,2,sttc,600,0.03,False,0.1,0.0,11.25,no_bursts,120,22,11,0,11,0,1.0,1.0,0.5,0.0,0.935064935064935,nan,0,nan,nan,nan,nan,nan,nan,nan
no-bursts T=600s w=0.03,2,sttc,600,0.03,False,0.1,0.0,11.25,robust,120,22,11,0,11,0,1.0,1.0,0.5,0.0,0.936456400742115,nan,0,nan,nan,nan,nan,nan,nan,nan
no-bursts T=600s w=0.03,2,tspe,600,0.03,False,0.1,0.0,20.86,all,240,24,11,0,13,0,1.0,1.0,0.4583333333333333,0.0,0.9347993827160493,0.2110237513845341,0,0,1,0,0,0.0,nan,nan
no-bursts T=600s w=0.03,2,tspe,600,0.03,False,0.1,0.0,20.86,no_bursts,240,24,10,1,14,0,0.9090909090909091,0.9090909090909091,0.4166666666666667,0.004629629629629629,0.9344135802469136,0.2053498118044894,0,0,3,0,0,0.0,nan,nan
no-bursts T=600s w=0.03,2,tspe,600,0.03,False,0.1,0.0,20.86,robust,240,24,10,0,14,0,1.0,1.0,0.4166666666666667,0.0,0.9347993827160493,0.2053498118044894,0,0,1,0,0,0.0,nan,nan
no-bursts T=600s w=0.03,2,tspe_noreverse,600,0.03,False,0.1,0.0,20.86,all,240,24,11,0,13,0,1.0,1.0,0.4583333333333333,0.0,0.9347993827160493,0.2110237513845341,0,0,1,0,0,0.0,nan,nan
no-bursts T=600s w=0.03,2,tspe_noreverse,600,0.03,False,0.1,0.0,20.86,no_bursts,240,24,10,1,14,0,0.9090909090909091,0.9090909090909091,0.4166666666666667,0.004629629629629629,0.9344135802469136,0.2053498118044894,0,0,3,0,0,0.0,nan,nan
no-bursts T=600s w=0.03,2,tspe_noreverse,600,0.03,False,0.1,0.0,20.86,robust,240,24,10,0,14,0,1.0,1.0,0.4166666666666667,0.0,0.9347993827160493,0.2053498118044894,0,0,1,0,0,0.0,nan,nan
no-bursts T=600s w=0.03,2,cfp,600,0.03,False,0.1,0.0,8.84,all,240,24,0,0,24,0,nan,nan,0.0,0.0,0.9859182098765432,nan,0,nan,nan,nan,nan,nan,nan,nan
no-bursts T=600s w=0.03,2,cfp,600,0.03,False,0.1,0.0,8.84,no_bursts,240,24,0,0,24,0,nan,nan,0.0,0.0,0.9859182098765432,nan,0,nan,nan,nan,nan,nan,nan,nan
no-bursts T=600s w=0.03,2,cfp,600,0.03,False,0.1,0.0,8.84,robust,240,24,0,0,24,0,nan,nan,0.0,0.0,0.9859182098765432,nan,0,nan,nan,nan,nan,nan,nan,nan
no-bursts T=600s w=0.03,2,cfp_narrow,600,0.03,False,0.1,0.0,8.84,all,240,24,22,1,2,0,0.9565217391304348,0.9565217391304348,0.9166666666666666,0.004629629629629629,0.9859182098765432,0.1490051080544188,0,nan,nan,nan,nan,nan,nan,nan
no-bursts T=600s w=0.03,2,cfp_narrow,600,0.03,False,0.1,0.0,8.84,no_bursts,240,24,22,1,2,0,0.9565217391304348,0.9565217391304348,0.9166666666666666,0.004629629629629629,0.9859182098765432,0.1490051080544188,0,nan,nan,nan,nan,nan,nan,nan
no-bursts T=600s w=0.03,2,cfp_narrow,600,0.03,False,0.1,0.0,8.84,robust,240,24,22,1,2,0,0.9565217391304348,0.9565217391304348,0.9166666666666666,0.004629629629629629,0.9859182098765432,0.1490051080544188,0,nan,nan,nan,nan,nan,nan,nan
no-bursts T=600s w=0.06,0,cch_hollow,600,0.06,False,0.1,0.0,0.01,all,240,24,20,1,4,1,0.9523809523809523,1.0,0.8333333333333334,0.004629629629629629,1.0,0.12002485923542006,0,nan,nan,nan,nan,nan,nan,nan
no-bursts T=600s w=0.06,0,cch_hollow,600,0.06,False,0.1,0.0,0.01,no_bursts,240,24,20,1,4,1,0.9523809523809523,1.0,0.8333333333333334,0.004629629629629629,1.0,0.12002485923542006,0,nan,nan,nan,nan,nan,nan,nan
no-bursts T=600s w=0.06,0,cch_hollow,600,0.06,False,0.1,0.0,0.01,robust,240,24,20,1,4,1,0.9523809523809523,1.0,0.8333333333333334,0.004629629629629629,1.0,0.12002485923542006,0,nan,nan,nan,nan,nan,nan,nan
no-bursts T=600s w=0.06,0,cch_jitter,600,0.06,False,0.1,0.0,8.06,all,240,24,23,1,1,1,0.9583333333333334,1.0,0.9583333333333334,0.004629629629629629,0.9998070987654321,0.12605263927560806,0,nan,nan,nan,nan,nan,nan,nan
no-bursts T=600s w=0.06,0,cch_jitter,600,0.06,False,0.1,0.0,8.06,no_bursts,240,24,23,0,1,0,1.0,1.0,0.9583333333333334,0.0,0.9998070987654321,0.12605263927560806,0,nan,nan,nan,nan,nan,nan,nan
no-bursts T=600s w=0.06,0,cch_jitter,600,0.06,False,0.1,0.0,8.06,robust,240,24,23,0,1,0,1.0,1.0,0.9583333333333334,0.0,0.9998070987654321,0.12605263927560806,0,nan,nan,nan,nan,nan,nan,nan
no-bursts T=600s w=0.06,0,sttc,600,0.06,False,0.1,0.0,12.62,all,120,22,22,2,0,2,0.9166666666666666,1.0,1.0,0.02040816326530612,0.99860853432282,nan,0,nan,nan,nan,nan,nan,nan,nan
no-bursts T=600s w=0.06,0,sttc,600,0.06,False,0.1,0.0,12.62,no_bursts,120,22,22,2,0,2,0.9166666666666666,1.0,1.0,0.02040816326530612,0.99860853432282,nan,0,nan,nan,nan,nan,nan,nan,nan
no-bursts T=600s w=0.06,0,sttc,600,0.06,False,0.1,0.0,12.62,robust,120,22,22,2,0,2,0.9166666666666666,1.0,1.0,0.02040816326530612,0.99860853432282,nan,0,nan,nan,nan,nan,nan,nan,nan
no-bursts T=600s w=0.06,0,tspe,600,0.06,False,0.1,0.0,18.72,all,240,24,22,1,2,0,0.9565217391304348,0.9565217391304348,0.9166666666666666,0.004629629629629629,0.9195601851851852,0.22462417887241237,0,0,7,0,5,0.0,nan,nan
no-bursts T=600s w=0.06,0,tspe,600,0.06,False,0.1,0.0,18.72,no_bursts,240,24,22,1,2,0,0.9565217391304348,0.9565217391304348,0.9166666666666666,0.004629629629629629,0.9209104938271605,0.22462417887241237,0,0,8,0,5,0.0,nan,nan
no-bursts T=600s w=0.06,0,tspe,600,0.06,False,0.1,0.0,18.72,robust,240,24,22,1,2,0,0.9565217391304348,0.9565217391304348,0.9166666666666666,0.004629629629629629,0.9195601851851852,0.22462417887241237,0,0,7,0,5,0.0,nan,nan
no-bursts T=600s w=0.06,0,tspe_noreverse,600,0.06,False,0.1,0.0,18.72,all,240,24,22,1,2,0,0.9565217391304348,0.9565217391304348,0.9166666666666666,0.004629629629629629,0.9195601851851852,0.22462417887241237,0,0,2,0,0,0.0,nan,nan
no-bursts T=600s w=0.06,0,tspe_noreverse,600,0.06,False,0.1,0.0,18.72,no_bursts,240,24,22,1,2,0,0.9565217391304348,0.9565217391304348,0.9166666666666666,0.004629629629629629,0.9209104938271605,0.22462417887241237,0,0,3,0,0,0.0,nan,nan
no-bursts T=600s w=0.06,0,tspe_noreverse,600,0.06,False,0.1,0.0,18.72,robust,240,24,22,1,2,0,0.9565217391304348,0.9565217391304348,0.9166666666666666,0.004629629629629629,0.9195601851851852,0.22462417887241237,0,0,2,0,0,0.0,nan,nan
no-bursts T=600s w=0.06,0,cfp,600,0.06,False,0.1,0.0,9.72,all,240,24,0,0,24,0,nan,nan,0.0,0.0,1.0,nan,0,nan,nan,nan,nan,nan,nan,nan
no-bursts T=600s w=0.06,0,cfp,600,0.06,False,0.1,0.0,9.72,no_bursts,240,24,0,0,24,0,nan,nan,0.0,0.0,0.9998070987654321,nan,0,nan,nan,nan,nan,nan,nan,nan
no-bursts T=600s w=0.06,0,cfp,600,0.06,False,0.1,0.0,9.72,robust,240,24,0,0,24,0,nan,nan,0.0,0.0,1.0,nan,0,nan,nan,nan,nan,nan,nan,nan
no-bursts T=600s w=0.06,0,cfp_narrow,600,0.06,False,0.1,0.0,9.72,all,240,24,24,3,0,2,0.8888888888888888,0.9629629629629629,1.0,0.013888888888888888,1.0,0.10926897266123303,0,nan,nan,nan,nan,nan,nan,nan
no-bursts T=600s w=0.06,0,cfp_narrow,600,0.06,False,0.1,0.0,9.72,no_bursts,240,24,24,3,0,2,0.8888888888888888,0.9629629629629629,1.0,0.013888888888888888,0.9998070987654321,0.11208562086826035,0,nan,nan,nan,nan,nan,nan,nan
no-bursts T=600s w=0.06,0,cfp_narrow,600,0.06,False,0.1,0.0,9.72,robust,240,24,24,3,0,2,0.8888888888888888,0.9629629629629629,1.0,0.013888888888888888,1.0,0.10926897266123303,0,nan,nan,nan,nan,nan,nan,nan
no-bursts T=600s w=0.06,1,cch_hollow,600,0.06,False,0.1,0.0,0.02,all,240,27,25,0,2,0,1.0,1.0,0.9259259259259259,0.0,1.0,0.1413842381896071,0,nan,nan,nan,nan,nan,nan,nan
no-bursts T=600s w=0.06,1,cch_hollow,600,0.06,False,0.1,0.0,0.02,no_bursts,240,27,25,0,2,0,1.0,1.0,0.9259259259259259,0.0,1.0,0.1413842381896071,0,nan,nan,nan,nan,nan,nan,nan
no-bursts T=600s w=0.06,1,cch_hollow,600,0.06,False,0.1,0.0,0.02,robust,240,27,25,0,2,0,1.0,1.0,0.9259259259259259,0.0,1.0,0.1413842381896071,0,nan,nan,nan,nan,nan,nan,nan
no-bursts T=600s w=0.06,1,cch_jitter,600,0.06,False,0.1,0.0,7.72,all,240,27,24,1,3,0,0.96,0.96,0.8888888888888888,0.004694835680751174,0.9987828203790645,0.15080182567297118,0,nan,nan,nan,nan,nan,nan,nan
no-bursts T=600s w=0.06,1,cch_jitter,600,0.06,False,0.1,0.0,7.72,no_bursts,240,27,24,1,3,0,0.96,0.96,0.8888888888888888,0.004694835680751174,0.9984350547730829,0.15080182567297118,0,nan,nan,nan,nan,nan,nan,nan
no-bursts T=600s w=0.06,1,cch_jitter,600,0.06,False,0.1,0.0,7.72,robust,240,27,24,1,3,0,0.96,0.96,0.8888888888888888,0.004694835680751174,0.9987828203790645,0.15080182567297118,0,nan,nan,nan,nan,nan,nan,nan
no-bursts T=600s w=0.06,1,sttc,600,0.06,False,0.1,0.0,10.8,all,120,25,21,3,4,2,0.875,0.9583333333333334,0.84,0.031578947368421054,0.992421052631579,nan,0,nan,nan,nan,nan,nan,nan,nan
no-bursts T=600s w=0.06,1,sttc,600,0.06,False,0.1,0.0,10.8,no_bursts,120,25,23,2,2,1,0.92,0.96,0.92,0.021052631578947368,0.9936842105263158,nan,0,nan,nan,nan,nan,nan,nan,nan
no-bursts T=600s w=0.06,1,sttc,600,0.06,False,0.1,0.0,10.8,robust,120,25,21,2,4,1,0.9130434782608695,0.9565217391304348,0.84,0.021052631578947368,0.992421052631579,nan,0,nan,nan,nan,nan,nan,nan,nan
no-bursts T=600s w=0.06,1,tspe,600,0.06,False,0.1,0.0,18.94,all,240,27,23,0,4,0,1.0,1.0,0.8518518518518519,0.0,0.9953051643192489,0.21516091950802174,0,0,8,0,6,0.0,nan,nan
no-bursts T=600s w=0.06,1,tspe,600,0.06,False,0.1,0.0,18.94,no_bursts,240,27,22,0,5,0,1.0,1.0,0.8148148148148148,0.0,0.9939141018953226,0.21071240548172931,0,0,11,0,5,0.0,nan,nan
no-bursts T=600s w=0.06,1,tspe,600,0.06,False,0.1,0.0,18.94,robust,240,27,22,0,5,0,1.0,1.0,0.8148148148148148,0.0,0.9953051643192489,0.21071240548172931,0,0,7,0,5,0.0,nan,nan
no-bursts T=600s w=0.06,1,tspe_noreverse,600,0.06,False,0.1,0.0,18.94,all,240,27,23,0,4,0,1.0,1.0,0.8518518518518519,0.0,0.9953051643192489,0.21516091950802174,0,0,2,0,0,0.0,nan,nan
no-bursts T=600s w=0.06,1,tspe_noreverse,600,0.06,False,0.1,0.0,18.94,no_bursts,240,27,22,0,5,0,1.0,1.0,0.8148148148148148,0.0,0.9939141018953226,0.21071240548172931,0,0,6,0,0,0.0,nan,nan
no-bursts T=600s w=0.06,1,tspe_noreverse,600,0.06,False,0.1,0.0,18.94,robust,240,27,22,0,5,0,1.0,1.0,0.8148148148148148,0.0,0.9953051643192489,0.21071240548172931,0,0,2,0,0,0.0,nan,nan
no-bursts T=600s w=0.06,1,cfp,600,0.06,False,0.1,0.0,13.4,all,240,27,0,0,27,0,nan,nan,0.0,0.0,0.9956529299252304,nan,0,nan,nan,nan,nan,nan,nan,nan
no-bursts T=600s w=0.06,1,cfp,600,0.06,False,0.1,0.0,13.4,no_bursts,240,27,0,0,27,0,nan,nan,0.0,0.0,0.9963484611371936,nan,0,nan,nan,nan,nan,nan,nan,nan
no-bursts T=600s w=0.06,1,cfp,600,0.06,False,0.1,0.0,13.4,robust,240,27,0,0,27,0,nan,nan,0.0,0.0,0.9956529299252304,nan,0,nan,nan,nan,nan,nan,nan,nan
no-bursts T=600s w=0.06,1,cfp_narrow,600,0.06,False,0.1,0.0,13.4,all,240,27,26,4,1,3,0.8666666666666667,0.9666666666666667,0.9629629629629629,0.018779342723004695,0.9956529299252304,0.13262655014197655,0,nan,nan,nan,nan,nan,nan,nan
no-bursts T=600s w=0.06,1,cfp_narrow,600,0.06,False,0.1,0.0,13.4,no_bursts,240,27,26,3,1,2,0.896551724137931,0.9655172413793104,0.9629629629629629,0.014084507042253521,0.9963484611371936,0.1326266315235367,0,nan,nan,nan,nan,nan,nan,nan
no-bursts T=600s w=0.06,1,cfp_narrow,600,0.06,False,0.1,0.0,13.4,robust,240,27,26,3,1,2,0.896551724137931,0.9655172413793104,0.9629629629629629,0.014084507042253521,0.9956529299252304,0.13262655014197655,0,nan,nan,nan,nan,nan,nan,nan
no-bursts T=600s w=0.06,2,cch_hollow,600,0.06,False,0.1,0.0,0.01,all,240,24,24,2,0,1,0.9230769230769231,0.9615384615384616,1.0,0.009259259259259259,1.0,0.060201747513848436,0,nan,nan,nan,nan,nan,nan,nan
no-bursts T=600s w=0.06,2,cch_hollow,600,0.06,False,0.1,0.0,0.01,no_bursts,240,24,24,2,0,1,0.9230769230769231,0.9615384615384616,1.0,0.009259259259259259,1.0,0.060201747513848436,0,nan,nan,nan,nan,nan,nan,nan
no-bursts T=600s w=0.06,2,cch_hollow,600,0.06,False,0.1,0.0,0.01,robust,240,24,24,2,0,1,0.9230769230769231,0.9615384615384616,1.0,0.009259259259259259,1.0,0.060201747513848436,0,nan,nan,nan,nan,nan,nan,nan
no-bursts T=600s w=0.06,2,cch_jitter,600,0.06,False,0.1,0.0,7.62,all,240,24,24,0,0,0,1.0,1.0,1.0,0.0,1.0,0.060201747513848436,0,nan,nan,nan,nan,nan,nan,nan
no-bursts T=600s w=0.06,2,cch_jitter,600,0.06,False,0.1,0.0,7.62,no_bursts,240,24,24,0,0,0,1.0,1.0,1.0,0.0,1.0,0.060201747513848436,0,nan,nan,nan,nan,nan,nan,nan
no-bursts T=600s w=0.06,2,cch_jitter,600,0.06,False,0.1,0.0,7.62,robust,240,24,24,0,0,0,1.0,1.0,1.0,0.0,1.0,0.060201747513848436,0,nan,nan,nan,nan,nan,nan,nan
no-bursts T=600s w=0.06,2,sttc,600,0.06,False,0.1,0.0,11.47,all,120,22,18,2,4,1,0.9,0.95,0.8181818181818182,0.02040816326530612,0.9791280148423006,nan,0,nan,nan,nan,nan,nan,nan,nan
no-bursts T=600s w=0.06,2,sttc,600,0.06,False,0.1,0.0,11.47,no_bursts,120,22,18,2,4,1,0.9,0.95,0.8181818181818182,0.02040816326530612,0.9828385899814471,nan,0,nan,nan,nan,nan,nan,nan,nan
no-bursts T=600s w=0.06,2,sttc,600,0.06,False,0.1,0.0,11.47,robust,120,22,18,2,4,1,0.9,0.95,0.8181818181818182,0.02040816326530612,0.9791280148423006,nan,0,nan,nan,nan,nan,nan,nan,nan
no-bursts T=600s w=0.06,2,tspe,600,0.06,False,0.1,0.0,19.79,all,240,24,21,2,3,0,0.9130434782608695,0.9130434782608695,0.875,0.009259259259259259,0.9969135802469136,0.2110237513845341,0,0,2,0,2,0.0,nan,nan
no-bursts T=600s w=0.06,2,tspe,600,0.06,False,0.1,0.0,19.79,no_bursts,240,24,22,4,2,1,0.8461538461538461,0.8846153846153846,0.9166666666666666,0.018518518518518517,0.9959490740740741,0.2053498118044894,0,0,3,0,3,0.0,nan,nan
no-bursts T=600s w=0.06,2,tspe,600,0.06,False,0.1,0.0,19.79,robust,240,24,21,2,3,0,0.9130434782608695,0.9130434782608695,0.875,0.009259259259259259,0.9969135802469136,0.2110237513845341,0,0,2,0,2,0.0,nan,nan
no-bursts T=600s w=0.06,2,tspe_noreverse,600,0.06,False,0.1,0.0,19.79,all,240,24,21,2,3,0,0.9130434782608695,0.9130434782608695,0.875,0.009259259259259259,0.9969135802469136,0.2110237513845341,0,0,0,0,0,nan,nan,nan
no-bursts T=600s w=0.06,2,tspe_noreverse,600,0.06,False,0.1,0.0,19.79,no_bursts,240,24,22,4,2,1,0.8461538461538461,0.8846153846153846,0.9166666666666666,0.018518518518518517,0.9959490740740741,0.2053498118044894,0,0,0,0,0,nan,nan,nan
no-bursts T=600s w=0.06,2,tspe_noreverse,600,0.06,False,0.1,0.0,19.79,robust,240,24,21,2,3,0,0.9130434782608695,0.9130434782608695,0.875,0.009259259259259259,0.9969135802469136,0.2110237513845341,0,0,0,0,0,nan,nan,nan
no-bursts T=600s w=0.06,2,cfp,600,0.06,False,0.1,0.0,11.49,all,240,24,0,0,24,0,nan,nan,0.0,0.0,1.0,nan,0,nan,nan,nan,nan,nan,nan,nan
no-bursts T=600s w=0.06,2,cfp,600,0.06,False,0.1,0.0,11.49,no_bursts,240,24,0,0,24,0,nan,nan,0.0,0.0,1.0,nan,0,nan,nan,nan,nan,nan,nan,nan
no-bursts T=600s w=0.06,2,cfp,600,0.06,False,0.1,0.0,11.49,robust,240,24,0,0,24,0,nan,nan,0.0,0.0,1.0,nan,0,nan,nan,nan,nan,nan,nan,nan
no-bursts T=600s w=0.06,2,cfp_narrow,600,0.06,False,0.1,0.0,11.49,all,240,24,24,2,0,1,0.9230769230769231,0.9615384615384616,1.0,0.009259259259259259,1.0,0.1569342847875126,0,nan,nan,nan,nan,nan,nan,nan
no-bursts T=600s w=0.06,2,cfp_narrow,600,0.06,False,0.1,0.0,11.49,no_bursts,240,24,24,2,0,1,0.9230769230769231,0.9615384615384616,1.0,0.009259259259259259,1.0,0.14860448918733993,0,nan,nan,nan,nan,nan,nan,nan
no-bursts T=600s w=0.06,2,cfp_narrow,600,0.06,False,0.1,0.0,11.49,robust,240,24,24,2,0,1,0.9230769230769231,0.9615384615384616,1.0,0.009259259259259259,1.0,0.1569342847875126,0,nan,nan,nan,nan,nan,nan,nan
no-bursts T=600s w=0.12,0,cch_hollow,600,0.12,False,0.1,0.0,0.01,all,240,24,20,10,4,10,0.6666666666666666,1.0,0.8333333333333334,0.046296296296296294,1.0,0.12002485923542006,0,nan,nan,nan,nan,nan,nan,nan
no-bursts T=600s w=0.12,0,cch_hollow,600,0.12,False,0.1,0.0,0.01,no_bursts,240,24,20,8,4,8,0.7142857142857143,1.0,0.8333333333333334,0.037037037037037035,1.0,0.12002485923542006,0,nan,nan,nan,nan,nan,nan,nan
no-bursts T=600s w=0.12,0,cch_hollow,600,0.12,False,0.1,0.0,0.01,robust,240,24,20,8,4,8,0.7142857142857143,1.0,0.8333333333333334,0.037037037037037035,1.0,0.12002485923542006,0,nan,nan,nan,nan,nan,nan,nan
no-bursts T=600s w=0.12,0,cch_jitter,600,0.12,False,0.1,0.0,8.76,all,240,24,23,5,1,5,0.8214285714285714,1.0,0.9583333333333334,0.023148148148148147,0.9990354938271605,0.12483000462665306,0,nan,nan,nan,nan,nan,nan,nan
no-bursts T=600s w=0.12,0,cch_jitter,600,0.12,False,0.1,0.0,8.76,no_bursts,240,24,23,4,1,4,0.8518518518518519,1.0,0.9583333333333334,0.018518518518518517,0.9992283950617284,0.12483000462665306,0,nan,nan,nan,nan,nan,nan,nan
no-bursts T=600s w=0.12,0,cch_jitter,600,0.12,False,0.1,0.0,8.76,robust,240,24,23,4,1,4,0.8518518518518519,1.0,0.9583333333333334,0.018518518518518517,0.9990354938271605,0.12483000462665306,0,nan,nan,nan,nan,nan,nan,nan
no-bursts T=600s w=0.12,0,sttc,600,0.12,False,0.1,0.0,12.7,all,120,22,22,15,0,14,0.5945945945945946,0.972972972972973,1.0,0.15306122448979592,1.0,nan,0,nan,nan,nan,nan,nan,nan,nan
no-bursts T=600s w=0.12,0,sttc,600,0.12,False,0.1,0.0,12.7,no_bursts,120,22,22,12,0,11,0.6470588235294118,0.9705882352941176,1.0,0.12244897959183673,1.0,nan,0,nan,nan,nan,nan,nan,nan,nan
no-bursts T=600s w=0.12,0,sttc,600,0.12,False,0.1,0.0,12.7,robust,120,22,22,12,0,11,0.6470588235294118,0.9705882352941176,1.0,0.12244897959183673,1.0,nan,0,nan,nan,nan,nan,nan,nan,nan
no-bursts T=600s w=0.12,0,tspe,600,0.12,False,0.1,0.0,19.51,all,240,24,23,11,1,10,0.6764705882352942,0.9705882352941176,0.9583333333333334,0.05092592592592592,0.9583333333333334,0.208995407291094,0,0,15,0,14,0.0,nan,nan
no-bursts T=600s w=0.12,0,tspe,600,0.12,False,0.1,0.0,19.51,no_bursts,240,24,23,11,1,10,0.6764705882352942,0.9705882352941176,0.9583333333333334,0.05092592592592592,0.9579475308641975,0.208995407291094,0,0,13,0,12,0.0,nan,nan
no-bursts T=600s w=0.12,0,tspe,600,0.12,False,0.1,0.0,19.51,robust,240,24,23,11,1,10,0.6764705882352942,0.9705882352941176,0.9583333333333334,0.05092592592592592,0.9583333333333334,0.208995407291094,0,0,13,0,12,0.0,nan,nan
no-bursts T=600s w=0.12,0,tspe_noreverse,600,0.12,False,0.1,0.0,19.51,all,240,24,23,11,1,10,0.6764705882352942,0.9705882352941176,0.9583333333333334,0.05092592592592592,0.9583333333333334,0.208995407291094,0,0,1,0,0,0.0,nan,nan
no-bursts T=600s w=0.12,0,tspe_noreverse,600,0.12,False,0.1,0.0,19.51,no_bursts,240,24,23,11,1,10,0.6764705882352942,0.9705882352941176,0.9583333333333334,0.05092592592592592,0.9579475308641975,0.208995407291094,0,0,1,0,0,0.0,nan,nan
no-bursts T=600s w=0.12,0,tspe_noreverse,600,0.12,False,0.1,0.0,19.51,robust,240,24,23,11,1,10,0.6764705882352942,0.9705882352941176,0.9583333333333334,0.05092592592592592,0.9583333333333334,0.208995407291094,0,0,1,0,0,0.0,nan,nan
no-bursts T=600s w=0.12,0,cfp,600,0.12,False,0.1,0.0,9.38,all,240,24,0,0,24,0,nan,nan,0.0,0.0,0.9996141975308642,nan,0,nan,nan,nan,nan,nan,nan,nan
no-bursts T=600s w=0.12,0,cfp,600,0.12,False,0.1,0.0,9.38,no_bursts,240,24,0,0,24,0,nan,nan,0.0,0.0,0.9996141975308642,nan,0,nan,nan,nan,nan,nan,nan,nan
no-bursts T=600s w=0.12,0,cfp,600,0.12,False,0.1,0.0,9.38,robust,240,24,0,0,24,0,nan,nan,0.0,0.0,0.9996141975308642,nan,0,nan,nan,nan,nan,nan,nan,nan
no-bursts T=600s w=0.12,0,cfp_narrow,600,0.12,False,0.1,0.0,9.38,all,240,24,24,27,0,24,0.47058823529411764,0.9411764705882353,1.0,0.125,0.9996141975308642,0.13448703002913243,0,nan,nan,nan,nan,nan,nan,nan
no-bursts T=600s w=0.12,0,cfp_narrow,600,0.12,False,0.1,0.0,9.38,no_bursts,240,24,24,25,0,22,0.4897959183673469,0.9387755102040817,1.0,0.11574074074074074,0.9996141975308642,0.13251893327522823,0,nan,nan,nan,nan,nan,nan,nan
no-bursts T=600s w=0.12,0,cfp_narrow,600,0.12,False,0.1,0.0,9.38,robust,240,24,24,25,0,22,0.4897959183673469,0.9387755102040817,1.0,0.11574074074074074,0.9996141975308642,0.13448703002913243,0,nan,nan,nan,nan,nan,nan,nan
no-bursts T=600s w=0.12,1,cch_hollow,600,0.12,False,0.1,0.0,0.01,all,240,27,25,5,2,5,0.8333333333333334,1.0,0.9259259259259259,0.023474178403755867,1.0,0.1413842381896071,0,nan,nan,nan,nan,nan,nan,nan
no-bursts T=600s w=0.12,1,cch_hollow,600,0.12,False,0.1,0.0,0.01,no_bursts,240,27,25,4,2,4,0.8620689655172413,1.0,0.9259259259259259,0.018779342723004695,1.0,0.1413842381896071,0,nan,nan,nan,nan,nan,nan,nan
no-bursts T=600s w=0.12,1,cch_hollow,600,0.12,False,0.1,0.0,0.01,robust,240,27,25,4,2,4,0.8620689655172413,1.0,0.9259259259259259,0.018779342723004695,1.0,0.1413842381896071,0,nan,nan,nan,nan,nan,nan,nan
no-bursts T=600s w=0.12,1,cch_jitter,600,0.12,False,0.1,0.0,7.82,all,240,27,27,2,0,1,0.9310344827586207,0.9655172413793104,1.0,0.009389671361502348,1.0,0.12500847586886343,0,nan,nan,nan,nan,nan,nan,nan
no-bursts T=600s w=0.12,1,cch_jitter,600,0.12,False,0.1,0.0,7.82,no_bursts,240,27,27,2,0,1,0.9310344827586207,0.9655172413793104,1.0,0.009389671361502348,1.0,0.12500847586886343,0,nan,nan,nan,nan,nan,nan,nan
no-bursts T=600s w=0.12,1,cch_jitter,600,0.12,False,0.1,0.0,7.82,robust,240,27,27,2,0,1,0.9310344827586207,0.9655172413793104,1.0,0.009389671361502348,1.0,0.12500847586886343,0,nan,nan,nan,nan,nan,nan,nan
no-bursts T=600s w=0.12,1,sttc,600,0.12,False,0.1,0.0,11.51,all,120,25,25,5,0,4,0.8333333333333334,0.9666666666666667,1.0,0.05263157894736842,0.999578947368421,nan,0,nan,nan,nan,nan,nan,nan,nan
no-bursts T=600s w=0.12,1,sttc,600,0.12,False,0.1,0.0,11.51,no_bursts,120,25,25,5,0,4,0.8333333333333334,0.9666666666666667,1.0,0.05263157894736842,0.9991578947368421,nan,0,nan,nan,nan,nan,nan,nan,nan
no-bursts T=600s w=0.12,1,sttc,600,0.12,False,0.1,0.0,11.51,robust,120,25,25,4,0,3,0.8620689655172413,0.9655172413793104,1.0,0.042105263157894736,0.999578947368421,nan,0,nan,nan,nan,nan,nan,nan,nan
no-bursts T=600s w=0.12,1,tspe,600,0.12,False,0.1,0.0,18.25,all,240,27,26,5,1,5,0.8387096774193549,1.0,0.9629629629629629,0.023474178403755867,0.9973917579551382,0.22023007601638378,0,0,11,0,11,0.0,nan,nan
no-bursts T=600s w=0.12,1,tspe,600,0.12,False,0.1,0.0,18.25,no_bursts,240,27,26,6,1,6,0.8125,1.0,0.9629629629629629,0.028169014084507043,0.996000695531212,0.22023007601638378,0,0,13,0,10,0.0,nan,nan
no-bursts T=600s w=0.12,1,tspe,600,0.12,False,0.1,0.0,18.25,robust,240,27,26,5,1,5,0.8387096774193549,1.0,0.9629629629629629,0.023474178403755867,0.9973917579551382,0.22023007601638378,0,0,10,0,10,0.0,nan,nan
no-bursts T=600s w=0.12,1,tspe_noreverse,600,0.12,False,0.1,0.0,18.25,all,240,27,26,5,1,5,0.8387096774193549,1.0,0.9629629629629629,0.023474178403755867,0.9973917579551382,0.22023007601638378,0,0,0,0,0,nan,nan,nan
no-bursts T=600s w=0.12,1,tspe_noreverse,600,0.12,False,0.1,0.0,18.25,no_bursts,240,27,26,6,1,6,0.8125,1.0,0.9629629629629629,0.028169014084507043,0.996000695531212,0.22023007601638378,0,0,3,0,0,0.0,nan,nan
no-bursts T=600s w=0.12,1,tspe_noreverse,600,0.12,False,0.1,0.0,18.25,robust,240,27,26,5,1,5,0.8387096774193549,1.0,0.9629629629629629,0.023474178403755867,0.9973917579551382,0.22023007601638378,0,0,0,0,0,nan,nan,nan
no-bursts T=600s w=0.12,1,cfp,600,0.12,False,0.1,0.0,9.44,all,240,27,0,0,27,0,nan,nan,0.0,0.0,1.0,nan,0,nan,nan,nan,nan,nan,nan,nan
no-bursts T=600s w=0.12,1,cfp,600,0.12,False,0.1,0.0,9.44,no_bursts,240,27,0,0,27,0,nan,nan,0.0,0.0,1.0,nan,0,nan,nan,nan,nan,nan,nan,nan
no-bursts T=600s w=0.12,1,cfp,600,0.12,False,0.1,0.0,9.44,robust,240,27,0,0,27,0,nan,nan,0.0,0.0,1.0,nan,0,nan,nan,nan,nan,nan,nan,nan
no-bursts T=600s w=0.12,1,cfp_narrow,600,0.12,False,0.1,0.0,9.44,all,240,27,27,19,0,14,0.5869565217391305,0.8913043478260869,1.0,0.0892018779342723,1.0,0.1390751563251711,0,nan,nan,nan,nan,nan,nan,nan
no-bursts T=600s w=0.12,1,cfp_narrow,600,0.12,False,0.1,0.0,9.44,no_bursts,240,27,27,16,0,12,0.627906976744186,0.9069767441860465,1.0,0.07511737089201878,1.0,0.1372019498022743,0,nan,nan,nan,nan,nan,nan,nan
no-bursts T=600s w=0.12,1,cfp_narrow,600,0.12,False,0.1,0.0,9.44,robust,240,27,27,16,0,12,0.627906976744186,0.9069767441860465,1.0,0.07511737089201878,1.0,0.1390751563251711,0,nan,nan,nan,nan,nan,nan,nan
no-bursts T=600s w=0.12,2,cch_hollow,600,0.12,False,0.1,0.0,0.01,all,240,24,24,1,0,1,0.96,1.0,1.0,0.004629629629629629,1.0,0.060201747513848436,0,nan,nan,nan,nan,nan,nan,nan
no-bursts T=600s w=0.12,2,cch_hollow,600,0.12,False,0.1,0.0,0.01,no_bursts,240,24,24,1,0,1,0.96,1.0,1.0,0.004629629629629629,1.0,0.060201747513848436,0,nan,nan,nan,nan,nan,nan,nan
no-bursts T=600s w=0.12,2,cch_hollow,600,0.12,False,0.1,0.0,0.01,robust,240,24,24,1,0,1,0.96,1.0,1.0,0.004629629629629629,1.0,0.060201747513848436,0,nan,nan,nan,nan,nan,nan,nan
no-bursts T=600s w=0.12,2,cch_jitter,600,0.12,False,0.1,0.0,8.23,all,240,24,24,0,0,0,1.0,1.0,1.0,0.0,1.0,0.060201747513848436,0,nan,nan,nan,nan,nan,nan,nan
no-bursts T=600s w=0.12,2,cch_jitter,600,0.12,False,0.1,0.0,8.23,no_bursts,240,24,24,0,0,0,1.0,1.0,1.0,0.0,1.0,0.060201747513848436,0,nan,nan,nan,nan,nan,nan,nan
no-bursts T=600s w=0.12,2,cch_jitter,600,0.12,False,0.1,0.0,8.23,robust,240,24,24,0,0,0,1.0,1.0,1.0,0.0,1.0,0.060201747513848436,0,nan,nan,nan,nan,nan,nan,nan
no-bursts T=600s w=0.12,2,sttc,600,0.12,False,0.1,0.0,12.03,all,120,22,22,2,0,2,0.9166666666666666,1.0,1.0,0.02040816326530612,0.9981447124304267,nan,0,nan,nan,nan,nan,nan,nan,nan
no-bursts T=600s w=0.12,2,sttc,600,0.12,False,0.1,0.0,12.03,no_bursts,120,22,22,2,0,2,0.9166666666666666,1.0,1.0,0.02040816326530612,0.9976808905380334,nan,0,nan,nan,nan,nan,nan,nan,nan
no-bursts T=600s w=0.12,2,sttc,600,0.12,False,0.1,0.0,12.03,robust,120,22,22,1,0,1,0.9565217391304348,1.0,1.0,0.01020408163265306,0.9981447124304267,nan,0,nan,nan,nan,nan,nan,nan,nan
no-bursts T=600s w=0.12,2,tspe,600,0.12,False,0.1,0.0,17.91,all,240,24,23,9,1,7,0.71875,0.9375,0.9583333333333334,0.041666666666666664,0.998070987654321,0.2110237513845341,0,0,12,0,9,0.0,nan,nan
no-bursts T=600s w=0.12,2,tspe,600,0.12,False,0.1,0.0,17.91,no_bursts,240,24,24,8,0,6,0.75,0.9375,1.0,0.037037037037037035,0.9986496913580247,0.2053498118044894,0,0,11,0,11,0.0,nan,nan
no-bursts T=600s w=0.12,2,tspe,600,0.12,False,0.1,0.0,17.91,robust,240,24,23,7,1,6,0.7666666666666667,0.9666666666666667,0.9583333333333334,0.032407407407407406,0.998070987654321,0.2110237513845341,0,0,9,0,9,0.0,nan,nan
no-bursts T=600s w=0.12,2,tspe_noreverse,600,0.12,False,0.1,0.0,17.91,all,240,24,23,9,1,7,0.71875,0.9375,0.9583333333333334,0.041666666666666664,0.998070987654321,0.2110237513845341,0,0,3,0,0,0.0,nan,nan
no-bursts T=600s w=0.12,2,tspe_noreverse,600,0.12,False,0.1,0.0,17.91,no_bursts,240,24,24,8,0,6,0.75,0.9375,1.0,0.037037037037037035,0.9986496913580247,0.2053498118044894,0,0,0,0,0,nan,nan,nan
no-bursts T=600s w=0.12,2,tspe_noreverse,600,0.12,False,0.1,0.0,17.91,robust,240,24,23,7,1,6,0.7666666666666667,0.9666666666666667,0.9583333333333334,0.032407407407407406,0.998070987654321,0.2110237513845341,0,0,0,0,0,nan,nan,nan
no-bursts T=600s w=0.12,2,cfp,600,0.12,False,0.1,0.0,11.29,all,240,24,0,0,24,0,nan,nan,0.0,0.0,1.0,nan,0,nan,nan,nan,nan,nan,nan,nan
no-bursts T=600s w=0.12,2,cfp,600,0.12,False,0.1,0.0,11.29,no_bursts,240,24,0,0,24,0,nan,nan,0.0,0.0,1.0,nan,0,nan,nan,nan,nan,nan,nan,nan
no-bursts T=600s w=0.12,2,cfp,600,0.12,False,0.1,0.0,11.29,robust,240,24,0,0,24,0,nan,nan,0.0,0.0,1.0,nan,0,nan,nan,nan,nan,nan,nan,nan
no-bursts T=600s w=0.12,2,cfp_narrow,600,0.12,False,0.1,0.0,11.29,all,240,24,24,15,0,12,0.6153846153846154,0.9230769230769231,1.0,0.06944444444444445,1.0,0.17492351516656646,0,nan,nan,nan,nan,nan,nan,nan
no-bursts T=600s w=0.12,2,cfp_narrow,600,0.12,False,0.1,0.0,11.29,no_bursts,240,24,24,13,0,10,0.6486486486486487,0.918918918918919,1.0,0.06018518518518518,1.0,0.16833487870372155,0,nan,nan,nan,nan,nan,nan,nan
no-bursts T=600s w=0.12,2,cfp_narrow,600,0.12,False,0.1,0.0,11.29,robust,240,24,24,13,0,10,0.6486486486486487,0.918918918918919,1.0,0.06018518518518518,1.0,0.17492351516656646,0,nan,nan,nan,nan,nan,nan,nan
no-bursts T=1800s w=0.03,0,cch_hollow,1800,0.03,False,0.1,0.0,0.01,all,240,24,20,1,4,0,0.9523809523809523,0.9523809523809523,0.8333333333333334,0.004629629629629629,1.0,0.12002485923542006,0,nan,nan,nan,nan,nan,nan,nan
no-bursts T=1800s w=0.03,0,cch_hollow,1800,0.03,False,0.1,0.0,0.01,no_bursts,240,24,20,1,4,0,0.9523809523809523,0.9523809523809523,0.8333333333333334,0.004629629629629629,1.0,0.12002485923542006,0,nan,nan,nan,nan,nan,nan,nan
no-bursts T=1800s w=0.03,0,cch_hollow,1800,0.03,False,0.1,0.0,0.01,robust,240,24,20,1,4,0,0.9523809523809523,0.9523809523809523,0.8333333333333334,0.004629629629629629,1.0,0.12002485923542006,0,nan,nan,nan,nan,nan,nan,nan
no-bursts T=1800s w=0.03,0,cch_jitter,1800,0.03,False,0.1,0.0,20.76,all,240,24,22,0,2,0,1.0,1.0,0.9166666666666666,0.0,0.9886188271604939,0.12002485923542006,0,nan,nan,nan,nan,nan,nan,nan
no-bursts T=1800s w=0.03,0,cch_jitter,1800,0.03,False,0.1,0.0,20.76,no_bursts,240,24,22,0,2,0,1.0,1.0,0.9166666666666666,0.0,0.9888117283950617,0.12002485923542006,0,nan,nan,nan,nan,nan,nan,nan
no-bursts T=1800s w=0.03,0,cch_jitter,1800,0.03,False,0.1,0.0,20.76,robust,240,24,22,0,2,0,1.0,1.0,0.9166666666666666,0.0,0.9886188271604939,0.12002485923542006,0,nan,nan,nan,nan,nan,nan,nan
no-bursts T=1800s w=0.03,0,sttc,1800,0.03,False,0.1,0.0,25.32,all,120,22,21,2,1,0,0.9130434782608695,0.9130434782608695,0.9545454545454546,0.02040816326530612,0.9981447124304267,nan,0,nan,nan,nan,nan,nan,nan,nan
no-bursts T=1800s w=0.03,0,sttc,1800,0.03,False,0.1,0.0,25.32,no_bursts,120,22,21,1,1,0,0.9545454545454546,0.9545454545454546,0.9545454545454546,0.01020408163265306,0.9976808905380334,nan,0,nan,nan,nan,nan,nan,nan,nan
no-bursts T=1800s w=0.03,0,sttc,1800,0.03,False,0.1,0.0,25.32,robust,120,22,21,1,1,0,0.9545454545454546,0.9545454545454546,0.9545454545454546,0.01020408163265306,0.9981447124304267,nan,0,nan,nan,nan,nan,nan,nan,nan
no-bursts T=1800s w=0.03,0,tspe,1800,0.03,False,0.1,0.0,50.7,all,240,24,22,0,2,0,1.0,1.0,0.9166666666666666,0.0,0.9211033950617284,0.22462417887241237,0,0,9,0,8,0.0,nan,nan
no-bursts T=1800s w=0.03,0,tspe,1800,0.03,False,0.1,0.0,50.7,no_bursts,240,24,22,0,2,0,1.0,1.0,0.9166666666666666,0.0,0.9205246913580247,0.22462417887241237,0,0,7,0,7,0.0,nan,nan
no-bursts T=1800s w=0.03,0,tspe,1800,0.03,False,0.1,0.0,50.7,robust,240,24,22,0,2,0,1.0,1.0,0.9166666666666666,0.0,0.9211033950617284,0.22462417887241237,0,0,7,0,7,0.0,nan,nan
no-bursts T=1800s w=0.03,0,tspe_noreverse,1800,0.03,False,0.1,0.0,50.7,all,240,24,22,0,2,0,1.0,1.0,0.9166666666666666,0.0,0.9211033950617284,0.22462417887241237,0,0,1,0,0,0.0,nan,nan
no-bursts T=1800s w=0.03,0,tspe_noreverse,1800,0.03,False,0.1,0.0,50.7,no_bursts,240,24,22,0,2,0,1.0,1.0,0.9166666666666666,0.0,0.9205246913580247,0.22462417887241237,0,0,0,0,0,nan,nan,nan
no-bursts T=1800s w=0.03,0,tspe_noreverse,1800,0.03,False,0.1,0.0,50.7,robust,240,24,22,0,2,0,1.0,1.0,0.9166666666666666,0.0,0.9211033950617284,0.22462417887241237,0,0,0,0,0,nan,nan,nan
no-bursts T=1800s w=0.03,0,cfp,1800,0.03,False,0.1,0.0,12.96,all,240,24,0,0,24,0,nan,nan,0.0,0.0,1.0,nan,0,nan,nan,nan,nan,nan,nan,nan
no-bursts T=1800s w=0.03,0,cfp,1800,0.03,False,0.1,0.0,12.96,no_bursts,240,24,0,0,24,0,nan,nan,0.0,0.0,1.0,nan,0,nan,nan,nan,nan,nan,nan,nan
no-bursts T=1800s w=0.03,0,cfp,1800,0.03,False,0.1,0.0,12.96,robust,240,24,0,0,24,0,nan,nan,0.0,0.0,1.0,nan,0,nan,nan,nan,nan,nan,nan,nan
no-bursts T=1800s w=0.03,0,cfp_narrow,1800,0.03,False,0.1,0.0,12.96,all,240,24,24,3,0,0,0.8888888888888888,0.8888888888888888,1.0,0.013888888888888888,1.0,0.14283955291367467,0,nan,nan,nan,nan,nan,nan,nan
no-bursts T=1800s w=0.03,0,cfp_narrow,1800,0.03,False,0.1,0.0,12.96,no_bursts,240,24,24,3,0,0,0.8888888888888888,0.8888888888888888,1.0,0.013888888888888888,1.0,0.1428395481980652,0,nan,nan,nan,nan,nan,nan,nan
no-bursts T=1800s w=0.03,0,cfp_narrow,1800,0.03,False,0.1,0.0,12.96,robust,240,24,24,3,0,0,0.8888888888888888,0.8888888888888888,1.0,0.013888888888888888,1.0,0.14283955291367467,0,nan,nan,nan,nan,nan,nan,nan
no-bursts T=1800s w=0.03,1,cch_hollow,1800,0.03,False,0.1,0.0,0.01,all,240,27,25,1,2,0,0.9615384615384616,0.9615384615384616,0.9259259259259259,0.004694835680751174,1.0,0.1413842381896071,0,nan,nan,nan,nan,nan,nan,nan
no-bursts T=1800s w=0.03,1,cch_hollow,1800,0.03,False,0.1,0.0,0.01,no_bursts,240,27,25,1,2,0,0.9615384615384616,0.9615384615384616,0.9259259259259259,0.004694835680751174,1.0,0.1413842381896071,0,nan,nan,nan,nan,nan,nan,nan
no-bursts T=1800s w=0.03,1,cch_hollow,1800,0.03,False,0.1,0.0,0.01,robust,240,27,25,1,2,0,0.9615384615384616,0.9615384615384616,0.9259259259259259,0.004694835680751174,1.0,0.1413842381896071,0,nan,nan,nan,nan,nan,nan,nan
no-bursts T=1800s w=0.03,1,cch_jitter,1800,0.03,False,0.1,0.0,18.37,all,240,27,26,0,1,0,1.0,1.0,0.9629629629629629,0.0,1.0,0.13319635702923527,0,nan,nan,nan,nan,nan,nan,nan
no-bursts T=1800s w=0.03,1,cch_jitter,1800,0.03,False,0.1,0.0,18.37,no_bursts,240,27,26,0,1,0,1.0,1.0,0.9629629629629629,0.0,0.9998261171970092,0.13319635702923527,0,nan,nan,nan,nan,nan,nan,nan
no-bursts T=1800s w=0.03,1,cch_jitter,1800,0.03,False,0.1,0.0,18.37,robust,240,27,26,0,1,0,1.0,1.0,0.9629629629629629,0.0,1.0,0.13319635702923527,0,nan,nan,nan,nan,nan,nan,nan
no-bursts T=1800s w=0.03,1,sttc,1800,0.03,False,0.1,0.0,22.74,all,120,25,22,0,3,0,1.0,1.0,0.88,0.0,0.9894736842105263,nan,0,nan,nan,nan,nan,nan,nan,nan
no-bursts T=1800s w=0.03,1,sttc,1800,0.03,False,0.1,0.0,22.74,no_bursts,120,25,21,0,4,0,1.0,1.0,0.84,0.0,0.9890526315789474,nan,0,nan,nan,nan,nan,nan,nan,nan
no-bursts T=1800s w=0.03,1,sttc,1800,0.03,False,0.1,0.0,22.74,robust,120,25,21,0,4,0,1.0,1.0,0.84,0.0,0.9894736842105263,nan,0,nan,nan,nan,nan,nan,nan,nan
no-bursts T=1800s w=0.03,1,tspe,1800,0.03,False,0.1,0.0,48.84,all,240,27,23,0,4,0,1.0,1.0,0.8518518518518519,0.0,0.9993044687880369,0.22529923252474582,0,0,4,0,4,0.0,nan,nan
no-bursts T=1800s w=0.03,1,tspe,1800,0.03,False,0.1,0.0,48.84,no_bursts,240,27,23,1,4,1,0.9583333333333334,1.0,0.8518518518518519,0.004694835680751174,0.9991305859850461,0.22529923252474582,0,0,4,0,4,0.0,nan,nan
no-bursts T=1800s w=0.03,1,tspe,1800,0.03,False,0.1,0.0,48.84,robust,240,27,23,0,4,0,1.0,1.0,0.8518518518518519,0.0,0.9993044687880369,0.22529923252474582,0,0,4,0,4,0.0,nan,nan
no-bursts T=1800s w=0.03,1,tspe_noreverse,1800,0.03,False,0.1,0.0,48.84,all,240,27,23,0,4,0,1.0,1.0,0.8518518518518519,0.0,0.9993044687880369,0.22529923252474582,0,0,0,0,0,nan,nan,nan
no-bursts T=1800s w=0.03,1,tspe_noreverse,1800,0.03,False,0.1,0.0,48.84,no_bursts,240,27,23,1,4,1,0.9583333333333334,1.0,0.8518518518518519,0.004694835680751174,0.9991305859850461,0.22529923252474582,0,0,0,0,0,nan,nan,nan
no-bursts T=1800s w=0.03,1,tspe_noreverse,1800,0.03,False,0.1,0.0,48.84,robust,240,27,23,0,4,0,1.0,1.0,0.8518518518518519,0.0,0.9993044687880369,0.22529923252474582,0,0,0,0,0,nan,nan,nan
no-bursts T=1800s w=0.03,1,cfp,1800,0.03,False,0.1,0.0,12.32,all,240,27,1,0,26,0,1.0,1.0,0.037037037037037035,0.0,1.0,2.5097579591789656,0,nan,nan,nan,nan,nan,nan,nan
no-bursts T=1800s w=0.03,1,cfp,1800,0.03,False,0.1,0.0,12.32,no_bursts,240,27,1,0,26,0,1.0,1.0,0.037037037037037035,0.0,1.0,2.509757962664755,0,nan,nan,nan,nan,nan,nan,nan
no-bursts T=1800s w=0.03,1,cfp,1800,0.03,False,0.1,0.0,12.32,robust,240,27,1,0,26,0,1.0,1.0,0.037037037037037035,0.0,1.0,2.5097579591789656,0,nan,nan,nan,nan,nan,nan,nan
no-bursts T=1800s w=0.03,1,cfp_narrow,1800,0.03,False,0.1,0.0,12.32,all,240,27,27,3,0,0,0.9,0.9,1.0,0.014084507042253521,1.0,0.14082508629796386,0,nan,nan,nan,nan,nan,nan,nan
no-bursts T=1800s w=0.03,1,cfp_narrow,1800,0.03,False,0.1,0.0,12.32,no_bursts,240,27,27,3,0,0,0.9,0.9,1.0,0.014084507042253521,1.0,0.14083400600382356,0,nan,nan,nan,nan,nan,nan,nan
no-bursts T=1800s w=0.03,1,cfp_narrow,1800,0.03,False,0.1,0.0,12.32,robust,240,27,27,3,0,0,0.9,0.9,1.0,0.014084507042253521,1.0,0.14082508629796386,0,nan,nan,nan,nan,nan,nan,nan
no-bursts T=1800s w=0.03,2,cch_hollow,1800,0.03,False,0.1,0.0,0.01,all,240,24,24,0,0,0,1.0,1.0,1.0,0.0,1.0,0.08078013183157051,0,nan,nan,nan,nan,nan,nan,nan
no-bursts T=1800s w=0.03,2,cch_hollow,1800,0.03,False,0.1,0.0,0.01,no_bursts,240,24,24,0,0,0,1.0,1.0,1.0,0.0,1.0,0.08078013183157051,0,nan,nan,nan,nan,nan,nan,nan
no-bursts T=1800s w=0.03,2,cch_hollow,1800,0.03,False,0.1,0.0,0.01,robust,240,24,24,0,0,0,1.0,1.0,1.0,0.0,1.0,0.08078013183157051,0,nan,nan,nan,nan,nan,nan,nan
no-bursts T=1800s w=0.03,2,cch_jitter,1800,0.03,False,0.1,0.0,19.5,all,240,24,23,0,1,0,1.0,1.0,0.9583333333333334,0.0,0.9988425925925926,0.058434479002265505,0,nan,nan,nan,nan,nan,nan,nan
no-bursts T=1800s w=0.03,2,cch_jitter,1800,0.03,False,0.1,0.0,19.5,no_bursts,240,24,23,0,1,0,1.0,1.0,0.9583333333333334,0.0,0.9988425925925926,0.058434479002265505,0,nan,nan,nan,nan,nan,nan,nan
no-bursts T=1800s w=0.03,2,cch_jitter,1800,0.03,False,0.1,0.0,19.5,robust,240,24,23,0,1,0,1.0,1.0,0.9583333333333334,0.0,0.9988425925925926,0.058434479002265505,0,nan,nan,nan,nan,nan,nan,nan
no-bursts T=1800s w=0.03,2,sttc,1800,0.03,False,0.1,0.0,24.64,all,120,22,17,1,5,1,0.9444444444444444,1.0,0.7727272727272727,0.01020408163265306,0.9907235621521335,nan,0,nan,nan,nan,nan,nan,nan,nan
no-bursts T=1800s w=0.03,2,sttc,1800,0.03,False,0.1,0.0,24.64,no_bursts,120,22,17,1,5,1,0.9444444444444444,1.0,0.7727272727272727,0.01020408163265306,0.988404452690167,nan,0,nan,nan,nan,nan,nan,nan,nan
no-bursts T=1800s w=0.03,2,sttc,1800,0.03,False,0.1,0.0,24.64,robust,120,22,17,1,5,1,0.9444444444444444,1.0,0.7727272727272727,0.01020408163265306,0.9907235621521335,nan,0,nan,nan,nan,nan,nan,nan,nan
no-bursts T=1800s w=0.03,2,tspe,1800,0.03,False,0.1,0.0,51.29,all,240,24,21,1,3,1,0.9545454545454546,1.0,0.875,0.004629629629629629,0.9697145061728395,0.2110237513845341,0,0,3,0,3,0.0,nan,nan
no-bursts T=1800s w=0.03,2,tspe,1800,0.03,False,0.1,0.0,51.29,no_bursts,240,24,21,1,3,1,0.9545454545454546,1.0,0.875,0.004629629629629629,0.970679012345679,0.2110237513845341,0,0,4,0,2,0.0,nan,nan
no-bursts T=1800s w=0.03,2,tspe,1800,0.03,False,0.1,0.0,51.29,robust,240,24,21,1,3,1,0.9545454545454546,1.0,0.875,0.004629629629629629,0.9697145061728395,0.2110237513845341,0,0,2,0,2,0.0,nan,nan
no-bursts T=1800s w=0.03,2,tspe_noreverse,1800,0.03,False,0.1,0.0,51.29,all,240,24,21,1,3,1,0.9545454545454546,1.0,0.875,0.004629629629629629,0.9697145061728395,0.2110237513845341,0,0,0,0,0,nan,nan,nan
no-bursts T=1800s w=0.03,2,tspe_noreverse,1800,0.03,False,0.1,0.0,51.29,no_bursts,240,24,21,1,3,1,0.9545454545454546,1.0,0.875,0.004629629629629629,0.970679012345679,0.2110237513845341,0,0,2,0,0,0.0,nan,nan
no-bursts T=1800s w=0.03,2,tspe_noreverse,1800,0.03,False,0.1,0.0,51.29,robust,240,24,21,1,3,1,0.9545454545454546,1.0,0.875,0.004629629629629629,0.9697145061728395,0.2110237513845341,0,0,0,0,0,nan,nan,nan
no-bursts T=1800s w=0.03,2,cfp,1800,0.03,False,0.1,0.0,11.1,all,240,24,0,0,24,0,nan,nan,0.0,0.0,1.0,nan,0,nan,nan,nan,nan,nan,nan,nan
no-bursts T=1800s w=0.03,2,cfp,1800,0.03,False,0.1,0.0,11.1,no_bursts,240,24,0,0,24,0,nan,nan,0.0,0.0,1.0,nan,0,nan,nan,nan,nan,nan,nan,nan
no-bursts T=1800s w=0.03,2,cfp,1800,0.03,False,0.1,0.0,11.1,robust,240,24,0,0,24,0,nan,nan,0.0,0.0,1.0,nan,0,nan,nan,nan,nan,nan,nan,nan
no-bursts T=1800s w=0.03,2,cfp_narrow,1800,0.03,False,0.1,0.0,11.1,all,240,24,24,0,0,0,1.0,1.0,1.0,0.0,1.0,0.14997515040414,0,nan,nan,nan,nan,nan,nan,nan
no-bursts T=1800s w=0.03,2,cfp_narrow,1800,0.03,False,0.1,0.0,11.1,no_bursts,240,24,24,0,0,0,1.0,1.0,1.0,0.0,1.0,0.1499751527628863,0,nan,nan,nan,nan,nan,nan,nan
no-bursts T=1800s w=0.03,2,cfp_narrow,1800,0.03,False,0.1,0.0,11.1,robust,240,24,24,0,0,0,1.0,1.0,1.0,0.0,1.0,0.14997515040414,0,nan,nan,nan,nan,nan,nan,nan
no-bursts T=1800s w=0.06,0,cch_hollow,1800,0.06,False,0.1,0.0,0.01,all,240,24,20,8,4,7,0.7142857142857143,0.9642857142857143,0.8333333333333334,0.037037037037037035,1.0,0.12002485923542006,0,nan,nan,nan,nan,nan,nan,nan
no-bursts T=1800s w=0.06,0,cch_hollow,1800,0.06,False,0.1,0.0,0.01,no_bursts,240,24,20,8,4,7,0.7142857142857143,0.9642857142857143,0.8333333333333334,0.037037037037037035,1.0,0.12002485923542006,0,nan,nan,nan,nan,nan,nan,nan
no-bursts T=1800s w=0.06,0,cch_hollow,1800,0.06,False,0.1,0.0,0.01,robust,240,24,20,8,4,7,0.7142857142857143,0.9642857142857143,0.8333333333333334,0.037037037037037035,1.0,0.12002485923542006,0,nan,nan,nan,nan,nan,nan,nan
no-bursts T=1800s w=0.06,0,cch_jitter,1800,0.06,False,0.1,0.0,22.68,all,240,24,23,2,1,2,0.92,1.0,0.9583333333333334,0.009259259259259259,0.9967206790123457,0.12483000462665306,0,nan,nan,nan,nan,nan,nan,nan
no-bursts T=1800s w=0.06,0,cch_jitter,1800,0.06,False,0.1,0.0,22.68,no_bursts,240,24,23,2,1,2,0.92,1.0,0.9583333333333334,0.009259259259259259,0.9963348765432098,0.12483000462665306,0,nan,nan,nan,nan,nan,nan,nan
no-bursts T=1800s w=0.06,0,cch_jitter,1800,0.06,False,0.1,0.0,22.68,robust,240,24,23,2,1,2,0.92,1.0,0.9583333333333334,0.009259259259259259,0.9967206790123457,0.12483000462665306,0,nan,nan,nan,nan,nan,nan,nan
no-bursts T=1800s w=0.06,0,sttc,1800,0.06,False,0.1,0.0,28.61,all,120,22,22,6,0,5,0.7857142857142857,0.9642857142857143,1.0,0.061224489795918366,1.0,nan,0,nan,nan,nan,nan,nan,nan,nan
no-bursts T=1800s w=0.06,0,sttc,1800,0.06,False,0.1,0.0,28.61,no_bursts,120,22,22,6,0,5,0.7857142857142857,0.9642857142857143,1.0,0.061224489795918366,1.0,nan,0,nan,nan,nan,nan,nan,nan,nan
no-bursts T=1800s w=0.06,0,sttc,1800,0.06,False,0.1,0.0,28.61,robust,120,22,22,6,0,5,0.7857142857142857,0.9642857142857143,1.0,0.061224489795918366,1.0,nan,0,nan,nan,nan,nan,nan,nan,nan
no-bursts T=1800s w=0.06,0,tspe,1800,0.06,False,0.1,0.0,47.29,all,240,24,22,1,2,1,0.9565217391304348,1.0,0.9166666666666666,0.004629629629629629,0.9234182098765432,0.22462417887241237,0,0,16,0,15,0.0,nan,nan
no-bursts T=1800s w=0.06,0,tspe,1800,0.06,False,0.1,0.0,47.29,no_bursts,240,24,22,1,2,1,0.9565217391304348,1.0,0.9166666666666666,0.004629629629629629,0.9226466049382716,0.22462417887241237,0,0,15,0,15,0.0,nan,nan
no-bursts T=1800s w=0.06,0,tspe,1800,0.06,False,0.1,0.0,47.29,robust,240,24,22,1,2,1,0.9565217391304348,1.0,0.9166666666666666,0.004629629629629629,0.9234182098765432,0.22462417887241237,0,0,14,0,14,0.0,nan,nan
no-bursts T=1800s w=0.06,0,tspe_noreverse,1800,0.06,False,0.1,0.0,47.29,all,240,24,22,1,2,1,0.9565217391304348,1.0,0.9166666666666666,0.004629629629629629,0.9234182098765432,0.22462417887241237,0,0,1,0,0,0.0,nan,nan
no-bursts T=1800s w=0.06,0,tspe_noreverse,1800,0.06,False,0.1,0.0,47.29,no_bursts,240,24,22,1,2,1,0.9565217391304348,1.0,0.9166666666666666,0.004629629629629629,0.9226466049382716,0.22462417887241237,0,0,0,0,0,nan,nan,nan
no-bursts T=1800s w=0.06,0,tspe_noreverse,1800,0.06,False,0.1,0.0,47.29,robust,240,24,22,1,2,1,0.9565217391304348,1.0,0.9166666666666666,0.004629629629629629,0.9234182098765432,0.22462417887241237,0,0,0,0,0,nan,nan,nan
no-bursts T=1800s w=0.06,0,cfp,1800,0.06,False,0.1,0.0,11.36,all,240,24,0,0,24,0,nan,nan,0.0,0.0,1.0,nan,0,nan,nan,nan,nan,nan,nan,nan
no-bursts T=1800s w=0.06,0,cfp,1800,0.06,False,0.1,0.0,11.36,no_bursts,240,24,0,0,24,0,nan,nan,0.0,0.0,1.0,nan,0,nan,nan,nan,nan,nan,nan,nan
no-bursts T=1800s w=0.06,0,cfp,1800,0.06,False,0.1,0.0,11.36,robust,240,24,0,0,24,0,nan,nan,0.0,0.0,1.0,nan,0,nan,nan,nan,nan,nan,nan,nan
no-bursts T=1800s w=0.06,0,cfp_narrow,1800,0.06,False,0.1,0.0,11.36,all,240,24,24,14,0,8,0.631578947368421,0.8421052631578947,1.0,0.06481481481481481,1.0,0.13657143143604678,0,nan,nan,nan,nan,nan,nan,nan
no-bursts T=1800s w=0.06,0,cfp_narrow,1800,0.06,False,0.1,0.0,11.36,no_bursts,240,24,24,13,0,7,0.6486486486486487,0.8378378378378378,1.0,0.06018518518518518,1.0,0.1302173364633301,0,nan,nan,nan,nan,nan,nan,nan
no-bursts T=1800s w=0.06,0,cfp_narrow,1800,0.06,False,0.1,0.0,11.36,robust,240,24,24,12,0,7,0.6666666666666666,0.8611111111111112,1.0,0.05555555555555555,1.0,0.13657143143604678,0,nan,nan,nan,nan,nan,nan,nan
no-bursts T=1800s w=0.06,1,cch_hollow,1800,0.06,False,0.1,0.0,0.01,all,240,27,25,2,2,2,0.9259259259259259,1.0,0.9259259259259259,0.009389671361502348,1.0,0.1413842381896071,0,nan,nan,nan,nan,nan,nan,nan
no-bursts T=1800s w=0.06,1,cch_hollow,1800,0.06,False,0.1,0.0,0.01,no_bursts,240,27,25,2,2,2,0.9259259259259259,1.0,0.9259259259259259,0.009389671361502348,1.0,0.1413842381896071,0,nan,nan,nan,nan,nan,nan,nan
no-bursts T=1800s w=0.06,1,cch_hollow,1800,0.06,False,0.1,0.0,0.01,robust,240,27,25,2,2,2,0.9259259259259259,1.0,0.9259259259259259,0.009389671361502348,1.0,0.1413842381896071,0,nan,nan,nan,nan,nan,nan,nan
no-bursts T=1800s w=0.06,1,cch_jitter,1800,0.06,False,0.1,0.0,19.84,all,240,27,27,1,0,1,0.9642857142857143,1.0,1.0,0.004694835680751174,1.0,0.12500847586886343,0,nan,nan,nan,nan,nan,nan,nan
no-bursts T=1800s w=0.06,1,cch_jitter,1800,0.06,False,0.1,0.0,19.84,no_bursts,240,27,27,1,0,1,0.9642857142857143,1.0,1.0,0.004694835680751174,1.0,0.12500847586886343,0,nan,nan,nan,nan,nan,nan,nan
no-bursts T=1800s w=0.06,1,cch_jitter,1800,0.06,False,0.1,0.0,19.84,robust,240,27,27,1,0,1,0.9642857142857143,1.0,1.0,0.004694835680751174,1.0,0.12500847586886343,0,nan,nan,nan,nan,nan,nan,nan
no-bursts T=1800s w=0.06,1,sttc,1800,0.06,False,0.1,0.0,23.63,all,120,25,25,1,0,1,0.9615384615384616,1.0,1.0,0.010526315789473684,1.0,nan,0,nan,nan,nan,nan,nan,nan,nan
no-bursts T=1800s w=0.06,1,sttc,1800,0.06,False,0.1,0.0,23.63,no_bursts,120,25,25,1,0,1,0.9615384615384616,1.0,1.0,0.010526315789473684,1.0,nan,0,nan,nan,nan,nan,nan,nan,nan
no-bursts T=1800s w=0.06,1,sttc,1800,0.06,False,0.1,0.0,23.63,robust,120,25,25,1,0,1,0.9615384615384616,1.0,1.0,0.010526315789473684,1.0,nan,0,nan,nan,nan,nan,nan,nan,nan
no-bursts T=1800s w=0.06,1,tspe,1800,0.06,False,0.1,0.0,47.39,all,240,27,27,1,0,1,0.9642857142857143,1.0,1.0,0.004694835680751174,1.0,0.22529923252474582,0,0,15,0,14,0.0,nan,nan
no-bursts T=1800s w=0.06,1,tspe,1800,0.06,False,0.1,0.0,47.39,no_bursts,240,27,27,1,0,1,0.9642857142857143,1.0,1.0,0.004694835680751174,1.0,0.22529923252474582,0,0,15,0,14,0.0,nan,nan
no-bursts T=1800s w=0.06,1,tspe,1800,0.06,False,0.1,0.0,47.39,robust,240,27,27,1,0,1,0.9642857142857143,1.0,1.0,0.004694835680751174,1.0,0.22529923252474582,0,0,15,0,14,0.0,nan,nan
no-bursts T=1800s w=0.06,1,tspe_noreverse,1800,0.06,False,0.1,0.0,47.39,all,240,27,27,1,0,1,0.9642857142857143,1.0,1.0,0.004694835680751174,1.0,0.22529923252474582,0,0,1,0,0,0.0,nan,nan
no-bursts T=1800s w=0.06,1,tspe_noreverse,1800,0.06,False,0.1,0.0,47.39,no_bursts,240,27,27,1,0,1,0.9642857142857143,1.0,1.0,0.004694835680751174,1.0,0.22529923252474582,0,0,1,0,0,0.0,nan,nan
no-bursts T=1800s w=0.06,1,tspe_noreverse,1800,0.06,False,0.1,0.0,47.39,robust,240,27,27,1,0,1,0.9642857142857143,1.0,1.0,0.004694835680751174,1.0,0.22529923252474582,0,0,1,0,0,0.0,nan,nan
no-bursts T=1800s w=0.06,1,cfp,1800,0.06,False,0.1,0.0,12.09,all,240,27,0,0,27,0,nan,nan,0.0,0.0,1.0,nan,0,nan,nan,nan,nan,nan,nan,nan
no-bursts T=1800s w=0.06,1,cfp,1800,0.06,False,0.1,0.0,12.09,no_bursts,240,27,0,0,27,0,nan,nan,0.0,0.0,1.0,nan,0,nan,nan,nan,nan,nan,nan,nan
no-bursts T=1800s w=0.06,1,cfp,1800,0.06,False,0.1,0.0,12.09,robust,240,27,0,0,27,0,nan,nan,0.0,0.0,1.0,nan,0,nan,nan,nan,nan,nan,nan,nan
no-bursts T=1800s w=0.06,1,cfp_narrow,1800,0.06,False,0.1,0.0,12.09,all,240,27,27,5,0,2,0.84375,0.90625,1.0,0.023474178403755867,1.0,0.12313224515249255,0,nan,nan,nan,nan,nan,nan,nan
no-bursts T=1800s w=0.06,1,cfp_narrow,1800,0.06,False,0.1,0.0,12.09,no_bursts,240,27,27,6,0,3,0.8181818181818182,0.9090909090909091,1.0,0.028169014084507043,1.0,0.1269544562823497,0,nan,nan,nan,nan,nan,nan,nan
no-bursts T=1800s w=0.06,1,cfp_narrow,1800,0.06,False,0.1,0.0,12.09,robust,240,27,27,5,0,2,0.84375,0.90625,1.0,0.023474178403755867,1.0,0.12313224515249255,0,nan,nan,nan,nan,nan,nan,nan
no-bursts T=1800s w=0.06,2,cch_hollow,1800,0.06,False,0.1,0.0,0.01,all,240,24,24,2,0,1,0.9230769230769231,0.9615384615384616,1.0,0.009259259259259259,1.0,0.060201747513848436,0,nan,nan,nan,nan,nan,nan,nan
no-bursts T=1800s w=0.06,2,cch_hollow,1800,0.06,False,0.1,0.0,0.01,no_bursts,240,24,24,2,0,1,0.9230769230769231,0.9615384615384616,1.0,0.009259259259259259,1.0,0.060201747513848436,0,nan,nan,nan,nan,nan,nan,nan
no-bursts T=1800s w=0.06,2,cch_hollow,1800,0.06,False,0.1,0.0,0.01,robust,240,24,24,2,0,1,0.9230769230769231,0.9615384615384616,1.0,0.009259259259259259,1.0,0.060201747513848436,0,nan,nan,nan,nan,nan,nan,nan
no-bursts T=1800s w=0.06,2,cch_jitter,1800,0.06,False,0.1,0.0,21.01,all,240,24,24,0,0,0,1.0,1.0,1.0,0.0,1.0,0.060201747513848436,0,nan,nan,nan,nan,nan,nan,nan
no-bursts T=1800s w=0.06,2,cch_jitter,1800,0.06,False,0.1,0.0,21.01,no_bursts,240,24,24,0,0,0,1.0,1.0,1.0,0.0,1.0,0.060201747513848436,0,nan,nan,nan,nan,nan,nan,nan
no-bursts T=1800s w=0.06,2,cch_jitter,1800,0.06,False,0.1,0.0,21.01,robust,240,24,24,0,0,0,1.0,1.0,1.0,0.0,1.0,0.060201747513848436,0,nan,nan,nan,nan,nan,nan,nan
no-bursts T=1800s w=0.06,2,sttc,1800,0.06,False,0.1,0.0,25.02,all,120,22,22,0,0,0,1.0,1.0,1.0,0.0,1.0,nan,0,nan,nan,nan,nan,nan,nan,nan
no-bursts T=1800s w=0.06,2,sttc,1800,0.06,False,0.1,0.0,25.02,no_bursts,120,22,22,0,0,0,1.0,1.0,1.0,0.0,1.0,nan,0,nan,nan,nan,nan,nan,nan,nan
no-bursts T=1800s w=0.06,2,sttc,1800,0.06,False,0.1,0.0,25.02,robust,120,22,22,0,0,0,1.0,1.0,1.0,0.0,1.0,nan,0,nan,nan,nan,nan,nan,nan,nan
no-bursts T=1800s w=0.06,2,tspe,1800,0.06,False,0.1,0.0,50.54,all,240,24,24,4,0,4,0.8571428571428571,1.0,1.0,0.018518518518518517,0.9998070987654321,0.2053498118044894,0,0,9,0,9,0.0,nan,nan
no-bursts T=1800s w=0.06,2,tspe,1800,0.06,False,0.1,0.0,50.54,no_bursts,240,24,24,5,0,5,0.8275862068965517,1.0,1.0,0.023148148148148147,0.9998070987654321,0.2053498118044894,0,0,14,0,12,0.0,nan,nan
no-bursts T=1800s w=0.06,2,tspe,1800,0.06,False,0.1,0.0,50.54,robust,240,24,24,4,0,4,0.8571428571428571,1.0,1.0,0.018518518518518517,0.9998070987654321,0.2053498118044894,0,0,9,0,9,0.0,nan,nan
no-bursts T=1800s w=0.06,2,tspe_noreverse,1800,0.06,False,0.1,0.0,50.54,all,240,24,24,4,0,4,0.8571428571428571,1.0,1.0,0.018518518518518517,0.9998070987654321,0.2053498118044894,0,0,0,0,0,nan,nan,nan
no-bursts T=1800s w=0.06,2,tspe_noreverse,1800,0.06,False,0.1,0.0,50.54,no_bursts,240,24,24,5,0,5,0.8275862068965517,1.0,1.0,0.023148148148148147,0.9998070987654321,0.2053498118044894,0,0,2,0,0,0.0,nan,nan
no-bursts T=1800s w=0.06,2,tspe_noreverse,1800,0.06,False,0.1,0.0,50.54,robust,240,24,24,4,0,4,0.8571428571428571,1.0,1.0,0.018518518518518517,0.9998070987654321,0.2053498118044894,0,0,0,0,0,nan,nan,nan
no-bursts T=1800s w=0.06,2,cfp,1800,0.06,False,0.1,0.0,12.54,all,240,24,0,0,24,0,nan,nan,0.0,0.0,1.0,nan,0,nan,nan,nan,nan,nan,nan,nan
no-bursts T=1800s w=0.06,2,cfp,1800,0.06,False,0.1,0.0,12.54,no_bursts,240,24,0,0,24,0,nan,nan,0.0,0.0,1.0,nan,0,nan,nan,nan,nan,nan,nan,nan
no-bursts T=1800s w=0.06,2,cfp,1800,0.06,False,0.1,0.0,12.54,robust,240,24,0,0,24,0,nan,nan,0.0,0.0,1.0,nan,0,nan,nan,nan,nan,nan,nan,nan
no-bursts T=1800s w=0.06,2,cfp_narrow,1800,0.06,False,0.1,0.0,12.54,all,240,24,24,7,0,7,0.7741935483870968,1.0,1.0,0.032407407407407406,1.0,0.17868929188601346,0,nan,nan,nan,nan,nan,nan,nan
no-bursts T=1800s w=0.06,2,cfp_narrow,1800,0.06,False,0.1,0.0,12.54,no_bursts,240,24,24,8,0,8,0.75,1.0,1.0,0.037037037037037035,1.0,0.17815949263494502,0,nan,nan,nan,nan,nan,nan,nan
no-bursts T=1800s w=0.06,2,cfp_narrow,1800,0.06,False,0.1,0.0,12.54,robust,240,24,24,7,0,7,0.7741935483870968,1.0,1.0,0.032407407407407406,1.0,0.17868929188601346,0,nan,nan,nan,nan,nan,nan,nan
no-bursts T=1800s w=0.12,0,cch_hollow,1800,0.12,False,0.1,0.0,0.02,all,240,24,20,24,4,16,0.45454545454545453,0.8181818181818182,0.8333333333333334,0.1111111111111111,1.0,0.12002485923542006,0,nan,nan,nan,nan,nan,nan,nan
no-bursts T=1800s w=0.12,0,cch_hollow,1800,0.12,False,0.1,0.0,0.02,no_bursts,240,24,20,20,4,16,0.5,0.9,0.8333333333333334,0.09259259259259259,1.0,0.12002485923542006,0,nan,nan,nan,nan,nan,nan,nan
no-bursts T=1800s w=0.12,0,cch_hollow,1800,0.12,False,0.1,0.0,0.02,robust,240,24,20,19,4,16,0.5128205128205128,0.9230769230769231,0.8333333333333334,0.08796296296296297,1.0,0.12002485923542006,0,nan,nan,nan,nan,nan,nan,nan
no-bursts T=1800s w=0.12,0,cch_jitter,1800,0.12,False,0.1,0.0,24.95,all,240,24,24,12,0,9,0.6666666666666666,0.9166666666666666,1.0,0.05555555555555555,0.9984567901234568,0.12002485923542006,0,nan,nan,nan,nan,nan,nan,nan
no-bursts T=1800s w=0.12,0,cch_jitter,1800,0.12,False,0.1,0.0,24.95,no_bursts,240,24,24,9,0,8,0.7272727272727273,0.9696969696969697,1.0,0.041666666666666664,0.9984567901234568,0.12002485923542006,0,nan,nan,nan,nan,nan,nan,nan
no-bursts T=1800s w=0.12,0,cch_jitter,1800,0.12,False,0.1,0.0,24.95,robust,240,24,24,8,0,8,0.75,1.0,1.0,0.037037037037037035,0.9984567901234568,0.12002485923542006,0,nan,nan,nan,nan,nan,nan,nan
no-bursts T=1800s w=0.12,0,sttc,1800,0.12,False,0.1,0.0,31.58,all,120,22,22,22,0,19,0.5,0.9318181818181818,1.0,0.22448979591836735,1.0,nan,0,nan,nan,nan,nan,nan,nan,nan
no-bursts T=1800s w=0.12,0,sttc,1800,0.12,False,0.1,0.0,31.58,no_bursts,120,22,22,21,0,19,0.5116279069767442,0.9534883720930233,1.0,0.21428571428571427,1.0,nan,0,nan,nan,nan,nan,nan,nan,nan
no-bursts T=1800s w=0.12,0,sttc,1800,0.12,False,0.1,0.0,31.58,robust,120,22,22,21,0,19,0.5116279069767442,0.9534883720930233,1.0,0.21428571428571427,1.0,nan,0,nan,nan,nan,nan,nan,nan,nan
no-bursts T=1800s w=0.12,0,tspe,1800,0.12,False,0.1,0.0,50.75,all,240,24,23,24,1,24,0.48936170212765956,1.0,0.9583333333333334,0.1111111111111111,0.9571759259259259,0.208995407291094,0,0,25,0,21,0.0,nan,nan
no-bursts T=1800s w=0.12,0,tspe,1800,0.12,False,0.1,0.0,50.75,no_bursts,240,24,23,21,1,21,0.5227272727272727,1.0,0.9583333333333334,0.09722222222222222,0.9564043209876543,0.208995407291094,0,0,26,0,20,0.0,nan,nan
no-bursts T=1800s w=0.12,0,tspe,1800,0.12,False,0.1,0.0,50.75,robust,240,24,23,21,1,21,0.5227272727272727,1.0,0.9583333333333334,0.09722222222222222,0.9571759259259259,0.208995407291094,0,0,24,0,20,0.0,nan,nan
no-bursts T=1800s w=0.12,0,tspe_noreverse,1800,0.12,False,0.1,0.0,50.75,all,240,24,23,24,1,24,0.48936170212765956,1.0,0.9583333333333334,0.1111111111111111,0.9571759259259259,0.208995407291094,0,0,1,0,0,0.0,nan,nan
no-bursts T=1800s w=0.12,0,tspe_noreverse,1800,0.12,False,0.1,0.0,50.75,no_bursts,240,24,23,21,1,21,0.5227272727272727,1.0,0.9583333333333334,0.09722222222222222,0.9564043209876543,0.208995407291094,0,0,3,0,0,0.0,nan,nan
no-bursts T=1800s w=0.12,0,tspe_noreverse,1800,0.12,False,0.1,0.0,50.75,robust,240,24,23,21,1,21,0.5227272727272727,1.0,0.9583333333333334,0.09722222222222222,0.9571759259259259,0.208995407291094,0,0,1,0,0,0.0,nan,nan
no-bursts T=1800s w=0.12,0,cfp,1800,0.12,False,0.1,0.0,12.81,all,240,24,0,1,24,1,0.0,1.0,0.0,0.004629629629629629,0.9976851851851852,nan,0,nan,nan,nan,nan,nan,nan,nan
no-bursts T=1800s w=0.12,0,cfp,1800,0.12,False,0.1,0.0,12.81,no_bursts,240,24,0,0,24,0,nan,nan,0.0,0.0,0.9976851851851852,nan,0,nan,nan,nan,nan,nan,nan,nan
no-bursts T=1800s w=0.12,0,cfp,1800,0.12,False,0.1,0.0,12.81,robust,240,24,0,0,24,0,nan,nan,0.0,0.0,0.9976851851851852,nan,0,nan,nan,nan,nan,nan,nan,nan
no-bursts T=1800s w=0.12,0,cfp_narrow,1800,0.12,False,0.1,0.0,12.81,all,240,24,24,54,0,43,0.3076923076923077,0.8589743589743589,1.0,0.25,0.9976851851851852,0.13471026423475974,0,nan,nan,nan,nan,nan,nan,nan
no-bursts T=1800s w=0.12,0,cfp_narrow,1800,0.12,False,0.1,0.0,12.81,no_bursts,240,24,24,47,0,41,0.3380281690140845,0.9154929577464789,1.0,0.2175925925925926,0.9976851851851852,0.14079311967025532,0,nan,nan,nan,nan,nan,nan,nan
no-bursts T=1800s w=0.12,0,cfp_narrow,1800,0.12,False,0.1,0.0,12.81,robust,240,24,24,46,0,41,0.34285714285714286,0.9285714285714286,1.0,0.21296296296296297,0.9976851851851852,0.13471026423475974,0,nan,nan,nan,nan,nan,nan,nan
no-bursts T=1800s w=0.12,1,cch_hollow,1800,0.12,False,0.1,0.0,0.01,all,240,27,25,13,2,12,0.6578947368421053,0.9736842105263158,0.9259259259259259,0.06103286384976526,1.0,0.1413842381896071,0,nan,nan,nan,nan,nan,nan,nan
no-bursts T=1800s w=0.12,1,cch_hollow,1800,0.12,False,0.1,0.0,0.01,no_bursts,240,27,25,13,2,12,0.6578947368421053,0.9736842105263158,0.9259259259259259,0.06103286384976526,1.0,0.1413842381896071,0,nan,nan,nan,nan,nan,nan,nan
no-bursts T=1800s w=0.12,1,cch_hollow,1800,0.12,False,0.1,0.0,0.01,robust,240,27,25,13,2,12,0.6578947368421053,0.9736842105263158,0.9259259259259259,0.06103286384976526,1.0,0.1413842381896071,0,nan,nan,nan,nan,nan,nan,nan
no-bursts T=1800s w=0.12,1,cch_jitter,1800,0.12,False,0.1,0.0,22.82,all,240,27,27,6,0,6,0.8181818181818182,1.0,1.0,0.028169014084507043,1.0,0.12500847586886343,0,nan,nan,nan,nan,nan,nan,nan
no-bursts T=1800s w=0.12,1,cch_jitter,1800,0.12,False,0.1,0.0,22.82,no_bursts,240,27,27,6,0,6,0.8181818181818182,1.0,1.0,0.028169014084507043,1.0,0.12500847586886343,0,nan,nan,nan,nan,nan,nan,nan
no-bursts T=1800s w=0.12,1,cch_jitter,1800,0.12,False,0.1,0.0,22.82,robust,240,27,27,6,0,6,0.8181818181818182,1.0,1.0,0.028169014084507043,1.0,0.12500847586886343,0,nan,nan,nan,nan,nan,nan,nan
no-bursts T=1800s w=0.12,1,sttc,1800,0.12,False,0.1,0.0,28.38,all,120,25,25,8,0,8,0.7575757575757576,1.0,1.0,0.08421052631578947,1.0,nan,0,nan,nan,nan,nan,nan,nan,nan
no-bursts T=1800s w=0.12,1,sttc,1800,0.12,False,0.1,0.0,28.38,no_bursts,120,25,25,8,0,8,0.7575757575757576,1.0,1.0,0.08421052631578947,1.0,nan,0,nan,nan,nan,nan,nan,nan,nan
no-bursts T=1800s w=0.12,1,sttc,1800,0.12,False,0.1,0.0,28.38,robust,120,25,25,8,0,8,0.7575757575757576,1.0,1.0,0.08421052631578947,1.0,nan,0,nan,nan,nan,nan,nan,nan,nan
no-bursts T=1800s w=0.12,1,tspe,1800,0.12,False,0.1,0.0,47.91,all,240,27,27,19,0,19,0.5869565217391305,1.0,1.0,0.0892018779342723,0.9972178751521474,0.22529923252474582,0,0,22,0,22,0.0,nan,nan
no-bursts T=1800s w=0.12,1,tspe,1800,0.12,False,0.1,0.0,47.91,no_bursts,240,27,27,20,0,20,0.574468085106383,1.0,1.0,0.09389671361502347,0.9977395235611198,0.22529923252474582,0,0,21,0,21,0.0,nan,nan
no-bursts T=1800s w=0.12,1,tspe,1800,0.12,False,0.1,0.0,47.91,robust,240,27,27,18,0,18,0.6,1.0,1.0,0.08450704225352113,0.9972178751521474,0.22529923252474582,0,0,21,0,21,0.0,nan,nan
no-bursts T=1800s w=0.12,1,tspe_noreverse,1800,0.12,False,0.1,0.0,47.91,all,240,27,27,19,0,19,0.5869565217391305,1.0,1.0,0.0892018779342723,0.9972178751521474,0.22529923252474582,0,0,0,0,0,nan,nan,nan
no-bursts T=1800s w=0.12,1,tspe_noreverse,1800,0.12,False,0.1,0.0,47.91,no_bursts,240,27,27,20,0,20,0.574468085106383,1.0,1.0,0.09389671361502347,0.9977395235611198,0.22529923252474582,0,0,0,0,0,nan,nan,nan
no-bursts T=1800s w=0.12,1,tspe_noreverse,1800,0.12,False,0.1,0.0,47.91,robust,240,27,27,18,0,18,0.6,1.0,1.0,0.08450704225352113,0.9972178751521474,0.22529923252474582,0,0,0,0,0,nan,nan,nan
no-bursts T=1800s w=0.12,1,cfp,1800,0.12,False,0.1,0.0,10.43,all,240,27,0,0,27,0,nan,nan,0.0,0.0,1.0,nan,0,nan,nan,nan,nan,nan,nan,nan
no-bursts T=1800s w=0.12,1,cfp,1800,0.12,False,0.1,0.0,10.43,no_bursts,240,27,0,0,27,0,nan,nan,0.0,0.0,1.0,nan,0,nan,nan,nan,nan,nan,nan,nan
no-bursts T=1800s w=0.12,1,cfp,1800,0.12,False,0.1,0.0,10.43,robust,240,27,0,0,27,0,nan,nan,0.0,0.0,1.0,nan,0,nan,nan,nan,nan,nan,nan,nan
no-bursts T=1800s w=0.12,1,cfp_narrow,1800,0.12,False,0.1,0.0,10.43,all,240,27,27,37,0,35,0.421875,0.96875,1.0,0.17370892018779344,1.0,0.13324784299758008,0,nan,nan,nan,nan,nan,nan,nan
no-bursts T=1800s w=0.12,1,cfp_narrow,1800,0.12,False,0.1,0.0,10.43,no_bursts,240,27,27,34,0,32,0.4426229508196721,0.9672131147540983,1.0,0.1596244131455399,1.0,0.12729789091165555,0,nan,nan,nan,nan,nan,nan,nan
no-bursts T=1800s w=0.12,1,cfp_narrow,1800,0.12,False,0.1,0.0,10.43,robust,240,27,27,34,0,32,0.4426229508196721,0.9672131147540983,1.0,0.1596244131455399,1.0,0.13324784299758008,0,nan,nan,nan,nan,nan,nan,nan
no-bursts T=1800s w=0.12,2,cch_hollow,1800,0.12,False,0.1,0.0,0.02,all,240,24,24,4,0,4,0.8571428571428571,1.0,1.0,0.018518518518518517,1.0,0.060201747513848436,0,nan,nan,nan,nan,nan,nan,nan
no-bursts T=1800s w=0.12,2,cch_hollow,1800,0.12,False,0.1,0.0,0.02,no_bursts,240,24,24,4,0,4,0.8571428571428571,1.0,1.0,0.018518518518518517,1.0,0.060201747513848436,0,nan,nan,nan,nan,nan,nan,nan
no-bursts T=1800s w=0.12,2,cch_hollow,1800,0.12,False,0.1,0.0,0.02,robust,240,24,24,4,0,4,0.8571428571428571,1.0,1.0,0.018518518518518517,1.0,0.060201747513848436,0,nan,nan,nan,nan,nan,nan,nan
no-bursts T=1800s w=0.12,2,cch_jitter,1800,0.12,False,0.1,0.0,23.88,all,240,24,24,3,0,2,0.8888888888888888,0.9629629629629629,1.0,0.013888888888888888,1.0,0.060201747513848436,0,nan,nan,nan,nan,nan,nan,nan
no-bursts T=1800s w=0.12,2,cch_jitter,1800,0.12,False,0.1,0.0,23.88,no_bursts,240,24,24,2,0,1,0.9230769230769231,0.9615384615384616,1.0,0.009259259259259259,1.0,0.060201747513848436,0,nan,nan,nan,nan,nan,nan,nan
no-bursts T=1800s w=0.12,2,cch_jitter,1800,0.12,False,0.1,0.0,23.88,robust,240,24,24,2,0,1,0.9230769230769231,0.9615384615384616,1.0,0.009259259259259259,1.0,0.060201747513848436,0,nan,nan,nan,nan,nan,nan,nan
no-bursts T=1800s w=0.12,2,sttc,1800,0.12,False,0.1,0.0,27.07,all,120,22,22,5,0,4,0.8148148148148148,0.9629629629629629,1.0,0.05102040816326531,1.0,nan,0,nan,nan,nan,nan,nan,nan,nan
no-bursts T=1800s w=0.12,2,sttc,1800,0.12,False,0.1,0.0,27.07,no_bursts,120,22,22,6,0,5,0.7857142857142857,0.9642857142857143,1.0,0.061224489795918366,1.0,nan,0,nan,nan,nan,nan,nan,nan,nan
no-bursts T=1800s w=0.12,2,sttc,1800,0.12,False,0.1,0.0,27.07,robust,120,22,22,5,0,4,0.8148148148148148,0.9629629629629629,1.0,0.05102040816326531,1.0,nan,0,nan,nan,nan,nan,nan,nan,nan
no-bursts T=1800s w=0.12,2,tspe,1800,0.12,False,0.1,0.0,46.5,all,240,24,24,13,0,13,0.6486486486486487,1.0,1.0,0.06018518518518518,0.9951774691358025,0.2053498118044894,0,0,19,0,19,0.0,nan,nan
no-bursts T=1800s w=0.12,2,tspe,1800,0.12,False,0.1,0.0,46.5,no_bursts,240,24,24,12,0,12,0.6666666666666666,1.0,1.0,0.05555555555555555,0.9951774691358025,0.2053498118044894,0,0,18,0,18,0.0,nan,nan
no-bursts T=1800s w=0.12,2,tspe,1800,0.12,False,0.1,0.0,46.5,robust,240,24,24,12,0,12,0.6666666666666666,1.0,1.0,0.05555555555555555,0.9951774691358025,0.2053498118044894,0,0,18,0,18,0.0,nan,nan
no-bursts T=1800s w=0.12,2,tspe_noreverse,1800,0.12,False,0.1,0.0,46.5,all,240,24,24,13,0,13,0.6486486486486487,1.0,1.0,0.06018518518518518,0.9951774691358025,0.2053498118044894,0,0,0,0,0,nan,nan,nan
no-bursts T=1800s w=0.12,2,tspe_noreverse,1800,0.12,False,0.1,0.0,46.5,no_bursts,240,24,24,12,0,12,0.6666666666666666,1.0,1.0,0.05555555555555555,0.9951774691358025,0.2053498118044894,0,0,0,0,0,nan,nan,nan
no-bursts T=1800s w=0.12,2,tspe_noreverse,1800,0.12,False,0.1,0.0,46.5,robust,240,24,24,12,0,12,0.6666666666666666,1.0,1.0,0.05555555555555555,0.9951774691358025,0.2053498118044894,0,0,0,0,0,nan,nan,nan
no-bursts T=1800s w=0.12,2,cfp,1800,0.12,False,0.1,0.0,12.62,all,240,24,0,0,24,0,nan,nan,0.0,0.0,0.9968171296296297,nan,0,nan,nan,nan,nan,nan,nan,nan
no-bursts T=1800s w=0.12,2,cfp,1800,0.12,False,0.1,0.0,12.62,no_bursts,240,24,0,2,24,2,0.0,1.0,0.0,0.009259259259259259,0.9990354938271605,nan,0,nan,nan,nan,nan,nan,nan,nan
no-bursts T=1800s w=0.12,2,cfp,1800,0.12,False,0.1,0.0,12.62,robust,240,24,0,0,24,0,nan,nan,0.0,0.0,0.9968171296296297,nan,0,nan,nan,nan,nan,nan,nan,nan
no-bursts T=1800s w=0.12,2,cfp_narrow,1800,0.12,False,0.1,0.0,12.62,all,240,24,24,23,0,21,0.5106382978723404,0.9574468085106383,1.0,0.10648148148148148,0.9968171296296297,0.14828221331221791,0,nan,nan,nan,nan,nan,nan,nan
no-bursts T=1800s w=0.12,2,cfp_narrow,1800,0.12,False,0.1,0.0,12.62,no_bursts,240,24,24,20,0,19,0.5454545454545454,0.9772727272727273,1.0,0.09259259259259259,0.9990354938271605,0.14402327079876853,0,nan,nan,nan,nan,nan,nan,nan
no-bursts T=1800s w=0.12,2,cfp_narrow,1800,0.12,False,0.1,0.0,12.62,robust,240,24,24,20,0,19,0.5454545454545454,0.9772727272727273,1.0,0.09259259259259259,0.9968171296296297,0.14828221331221791,0,nan,nan,nan,nan,nan,nan,nan
no-bursts null T=600s,0,cch_hollow,600.0,0.2,False,0.0,0.0,0.01,all,240,0,0,0,0,0,nan,nan,nan,0.0,nan,nan,0,nan,nan,nan,nan,nan,nan,nan
no-bursts null T=600s,0,cch_hollow,600.0,0.2,False,0.0,0.0,0.01,no_bursts,240,0,0,0,0,0,nan,nan,nan,0.0,nan,nan,0,nan,nan,nan,nan,nan,nan,nan
no-bursts null T=600s,0,cch_hollow,600.0,0.2,False,0.0,0.0,0.01,robust,240,0,0,0,0,0,nan,nan,nan,0.0,nan,nan,0,nan,nan,nan,nan,nan,nan,nan
no-bursts null T=600s,0,cch_jitter,600.0,0.2,False,0.0,0.0,7.1,all,240,0,0,0,0,0,nan,nan,nan,0.0,nan,nan,0,nan,nan,nan,nan,nan,nan,nan
no-bursts null T=600s,0,cch_jitter,600.0,0.2,False,0.0,0.0,7.1,no_bursts,240,0,0,0,0,0,nan,nan,nan,0.0,nan,nan,0,nan,nan,nan,nan,nan,nan,nan
no-bursts null T=600s,0,cch_jitter,600.0,0.2,False,0.0,0.0,7.1,robust,240,0,0,0,0,0,nan,nan,nan,0.0,nan,nan,0,nan,nan,nan,nan,nan,nan,nan
no-bursts null T=600s,0,sttc,600.0,0.2,False,0.0,0.0,10.9,all,120,0,0,0,0,0,nan,nan,nan,0.0,nan,nan,0,nan,nan,nan,nan,nan,nan,nan
no-bursts null T=600s,0,sttc,600.0,0.2,False,0.0,0.0,10.9,no_bursts,120,0,0,0,0,0,nan,nan,nan,0.0,nan,nan,0,nan,nan,nan,nan,nan,nan,nan
no-bursts null T=600s,0,sttc,600.0,0.2,False,0.0,0.0,10.9,robust,120,0,0,0,0,0,nan,nan,nan,0.0,nan,nan,0,nan,nan,nan,nan,nan,nan,nan
no-bursts null T=600s,0,tspe,600.0,0.2,False,0.0,0.0,18.28,all,240,0,0,1,0,0,0.0,0.0,nan,0.004166666666666667,nan,nan,0,0,0,0,0,nan,nan,nan
no-bursts null T=600s,0,tspe,600.0,0.2,False,0.0,0.0,18.28,no_bursts,240,0,0,1,0,0,0.0,0.0,nan,0.004166666666666667,nan,nan,0,0,0,0,0,nan,nan,nan
no-bursts null T=600s,0,tspe,600.0,0.2,False,0.0,0.0,18.28,robust,240,0,0,1,0,0,0.0,0.0,nan,0.004166666666666667,nan,nan,0,0,0,0,0,nan,nan,nan
no-bursts null T=600s,0,tspe_noreverse,600.0,0.2,False,0.0,0.0,18.28,all,240,0,0,1,0,0,0.0,0.0,nan,0.004166666666666667,nan,nan,0,0,0,0,0,nan,nan,nan
no-bursts null T=600s,0,tspe_noreverse,600.0,0.2,False,0.0,0.0,18.28,no_bursts,240,0,0,1,0,0,0.0,0.0,nan,0.004166666666666667,nan,nan,0,0,0,0,0,nan,nan,nan
no-bursts null T=600s,0,tspe_noreverse,600.0,0.2,False,0.0,0.0,18.28,robust,240,0,0,1,0,0,0.0,0.0,nan,0.004166666666666667,nan,nan,0,0,0,0,0,nan,nan,nan
no-bursts null T=600s,0,cfp,600.0,0.2,False,0.0,0.0,10.15,all,240,0,0,0,0,0,nan,nan,nan,0.0,nan,nan,0,nan,nan,nan,nan,nan,nan,nan
no-bursts null T=600s,0,cfp,600.0,0.2,False,0.0,0.0,10.15,no_bursts,240,0,0,0,0,0,nan,nan,nan,0.0,nan,nan,0,nan,nan,nan,nan,nan,nan,nan
no-bursts null T=600s,0,cfp,600.0,0.2,False,0.0,0.0,10.15,robust,240,0,0,0,0,0,nan,nan,nan,0.0,nan,nan,0,nan,nan,nan,nan,nan,nan,nan
no-bursts null T=600s,0,cfp_narrow,600.0,0.2,False,0.0,0.0,10.15,all,240,0,0,2,0,0,0.0,0.0,nan,0.008333333333333333,nan,nan,0,nan,nan,nan,nan,nan,nan,nan
no-bursts null T=600s,0,cfp_narrow,600.0,0.2,False,0.0,0.0,10.15,no_bursts,240,0,0,2,0,0,0.0,0.0,nan,0.008333333333333333,nan,nan,0,nan,nan,nan,nan,nan,nan,nan
no-bursts null T=600s,0,cfp_narrow,600.0,0.2,False,0.0,0.0,10.15,robust,240,0,0,2,0,0,0.0,0.0,nan,0.008333333333333333,nan,nan,0,nan,nan,nan,nan,nan,nan,nan
no-bursts null T=600s,1,cch_hollow,600.0,0.2,False,0.0,0.0,0.01,all,240,0,0,0,0,0,nan,nan,nan,0.0,nan,nan,0,nan,nan,nan,nan,nan,nan,nan
no-bursts null T=600s,1,cch_hollow,600.0,0.2,False,0.0,0.0,0.01,no_bursts,240,0,0,0,0,0,nan,nan,nan,0.0,nan,nan,0,nan,nan,nan,nan,nan,nan,nan
no-bursts null T=600s,1,cch_hollow,600.0,0.2,False,0.0,0.0,0.01,robust,240,0,0,0,0,0,nan,nan,nan,0.0,nan,nan,0,nan,nan,nan,nan,nan,nan,nan
no-bursts null T=600s,1,cch_jitter,600.0,0.2,False,0.0,0.0,6.46,all,240,0,0,0,0,0,nan,nan,nan,0.0,nan,nan,0,nan,nan,nan,nan,nan,nan,nan
no-bursts null T=600s,1,cch_jitter,600.0,0.2,False,0.0,0.0,6.46,no_bursts,240,0,0,0,0,0,nan,nan,nan,0.0,nan,nan,0,nan,nan,nan,nan,nan,nan,nan
no-bursts null T=600s,1,cch_jitter,600.0,0.2,False,0.0,0.0,6.46,robust,240,0,0,0,0,0,nan,nan,nan,0.0,nan,nan,0,nan,nan,nan,nan,nan,nan,nan
no-bursts null T=600s,1,sttc,600.0,0.2,False,0.0,0.0,10.12,all,120,0,0,0,0,0,nan,nan,nan,0.0,nan,nan,0,nan,nan,nan,nan,nan,nan,nan
no-bursts null T=600s,1,sttc,600.0,0.2,False,0.0,0.0,10.12,no_bursts,120,0,0,0,0,0,nan,nan,nan,0.0,nan,nan,0,nan,nan,nan,nan,nan,nan,nan
no-bursts null T=600s,1,sttc,600.0,0.2,False,0.0,0.0,10.12,robust,120,0,0,0,0,0,nan,nan,nan,0.0,nan,nan,0,nan,nan,nan,nan,nan,nan,nan
no-bursts null T=600s,1,tspe,600.0,0.2,False,0.0,0.0,19.71,all,240,0,0,1,0,0,0.0,0.0,nan,0.004166666666666667,nan,nan,0,0,0,0,0,nan,nan,nan
no-bursts null T=600s,1,tspe,600.0,0.2,False,0.0,0.0,19.71,no_bursts,240,0,0,1,0,0,0.0,0.0,nan,0.004166666666666667,nan,nan,0,0,0,0,0,nan,nan,nan
no-bursts null T=600s,1,tspe,600.0,0.2,False,0.0,0.0,19.71,robust,240,0,0,1,0,0,0.0,0.0,nan,0.004166666666666667,nan,nan,0,0,0,0,0,nan,nan,nan
no-bursts null T=600s,1,tspe_noreverse,600.0,0.2,False,0.0,0.0,19.71,all,240,0,0,1,0,0,0.0,0.0,nan,0.004166666666666667,nan,nan,0,0,0,0,0,nan,nan,nan
no-bursts null T=600s,1,tspe_noreverse,600.0,0.2,False,0.0,0.0,19.71,no_bursts,240,0,0,1,0,0,0.0,0.0,nan,0.004166666666666667,nan,nan,0,0,0,0,0,nan,nan,nan
no-bursts null T=600s,1,tspe_noreverse,600.0,0.2,False,0.0,0.0,19.71,robust,240,0,0,1,0,0,0.0,0.0,nan,0.004166666666666667,nan,nan,0,0,0,0,0,nan,nan,nan
no-bursts null T=600s,1,cfp,600.0,0.2,False,0.0,0.0,13.41,all,240,0,0,0,0,0,nan,nan,nan,0.0,nan,nan,0,nan,nan,nan,nan,nan,nan,nan
no-bursts null T=600s,1,cfp,600.0,0.2,False,0.0,0.0,13.41,no_bursts,240,0,0,0,0,0,nan,nan,nan,0.0,nan,nan,0,nan,nan,nan,nan,nan,nan,nan
no-bursts null T=600s,1,cfp,600.0,0.2,False,0.0,0.0,13.41,robust,240,0,0,0,0,0,nan,nan,nan,0.0,nan,nan,0,nan,nan,nan,nan,nan,nan,nan
no-bursts null T=600s,1,cfp_narrow,600.0,0.2,False,0.0,0.0,13.41,all,240,0,0,0,0,0,nan,nan,nan,0.0,nan,nan,0,nan,nan,nan,nan,nan,nan,nan
no-bursts null T=600s,1,cfp_narrow,600.0,0.2,False,0.0,0.0,13.41,no_bursts,240,0,0,0,0,0,nan,nan,nan,0.0,nan,nan,0,nan,nan,nan,nan,nan,nan,nan
no-bursts null T=600s,1,cfp_narrow,600.0,0.2,False,0.0,0.0,13.41,robust,240,0,0,0,0,0,nan,nan,nan,0.0,nan,nan,0,nan,nan,nan,nan,nan,nan,nan
no-bursts null T=600s,2,cch_hollow,600.0,0.2,False,0.0,0.0,0.01,all,240,0,0,0,0,0,nan,nan,nan,0.0,nan,nan,0,nan,nan,nan,nan,nan,nan,nan
no-bursts null T=600s,2,cch_hollow,600.0,0.2,False,0.0,0.0,0.01,no_bursts,240,0,0,0,0,0,nan,nan,nan,0.0,nan,nan,0,nan,nan,nan,nan,nan,nan,nan
no-bursts null T=600s,2,cch_hollow,600.0,0.2,False,0.0,0.0,0.01,robust,240,0,0,0,0,0,nan,nan,nan,0.0,nan,nan,0,nan,nan,nan,nan,nan,nan,nan
no-bursts null T=600s,2,cch_jitter,600.0,0.2,False,0.0,0.0,6.96,all,240,0,0,0,0,0,nan,nan,nan,0.0,nan,nan,0,nan,nan,nan,nan,nan,nan,nan
no-bursts null T=600s,2,cch_jitter,600.0,0.2,False,0.0,0.0,6.96,no_bursts,240,0,0,0,0,0,nan,nan,nan,0.0,nan,nan,0,nan,nan,nan,nan,nan,nan,nan
no-bursts null T=600s,2,cch_jitter,600.0,0.2,False,0.0,0.0,6.96,robust,240,0,0,0,0,0,nan,nan,nan,0.0,nan,nan,0,nan,nan,nan,nan,nan,nan,nan
no-bursts null T=600s,2,sttc,600.0,0.2,False,0.0,0.0,11.16,all,120,0,0,0,0,0,nan,nan,nan,0.0,nan,nan,0,nan,nan,nan,nan,nan,nan,nan
no-bursts null T=600s,2,sttc,600.0,0.2,False,0.0,0.0,11.16,no_bursts,120,0,0,0,0,0,nan,nan,nan,0.0,nan,nan,0,nan,nan,nan,nan,nan,nan,nan
no-bursts null T=600s,2,sttc,600.0,0.2,False,0.0,0.0,11.16,robust,120,0,0,0,0,0,nan,nan,nan,0.0,nan,nan,0,nan,nan,nan,nan,nan,nan,nan
no-bursts null T=600s,2,tspe,600.0,0.2,False,0.0,0.0,20.93,all,240,0,0,1,0,0,0.0,0.0,nan,0.004166666666666667,nan,nan,0,0,0,0,0,nan,nan,nan
no-bursts null T=600s,2,tspe,600.0,0.2,False,0.0,0.0,20.93,no_bursts,240,0,0,1,0,0,0.0,0.0,nan,0.004166666666666667,nan,nan,0,0,0,0,0,nan,nan,nan
no-bursts null T=600s,2,tspe,600.0,0.2,False,0.0,0.0,20.93,robust,240,0,0,1,0,0,0.0,0.0,nan,0.004166666666666667,nan,nan,0,0,0,0,0,nan,nan,nan
no-bursts null T=600s,2,tspe_noreverse,600.0,0.2,False,0.0,0.0,20.93,all,240,0,0,1,0,0,0.0,0.0,nan,0.004166666666666667,nan,nan,0,0,0,0,0,nan,nan,nan
no-bursts null T=600s,2,tspe_noreverse,600.0,0.2,False,0.0,0.0,20.93,no_bursts,240,0,0,1,0,0,0.0,0.0,nan,0.004166666666666667,nan,nan,0,0,0,0,0,nan,nan,nan
no-bursts null T=600s,2,tspe_noreverse,600.0,0.2,False,0.0,0.0,20.93,robust,240,0,0,1,0,0,0.0,0.0,nan,0.004166666666666667,nan,nan,0,0,0,0,0,nan,nan,nan
no-bursts null T=600s,2,cfp,600.0,0.2,False,0.0,0.0,11.7,all,240,0,0,0,0,0,nan,nan,nan,0.0,nan,nan,0,nan,nan,nan,nan,nan,nan,nan
no-bursts null T=600s,2,cfp,600.0,0.2,False,0.0,0.0,11.7,no_bursts,240,0,0,0,0,0,nan,nan,nan,0.0,nan,nan,0,nan,nan,nan,nan,nan,nan,nan
no-bursts null T=600s,2,cfp,600.0,0.2,False,0.0,0.0,11.7,robust,240,0,0,0,0,0,nan,nan,nan,0.0,nan,nan,0,nan,nan,nan,nan,nan,nan,nan
no-bursts null T=600s,2,cfp_narrow,600.0,0.2,False,0.0,0.0,11.7,all,240,0,0,1,0,0,0.0,0.0,nan,0.004166666666666667,nan,nan,0,nan,nan,nan,nan,nan,nan,nan
no-bursts null T=600s,2,cfp_narrow,600.0,0.2,False,0.0,0.0,11.7,no_bursts,240,0,0,1,0,0,0.0,0.0,nan,0.004166666666666667,nan,nan,0,nan,nan,nan,nan,nan,nan,nan
no-bursts null T=600s,2,cfp_narrow,600.0,0.2,False,0.0,0.0,11.7,robust,240,0,0,1,0,0,0.0,0.0,nan,0.004166666666666667,nan,nan,0,nan,nan,nan,nan,nan,nan,nan
bursts T=120s w=0.03,0,cch_hollow,120,0.03,True,0.1,0.0,0.01,all,110,15,5,0,10,0,1.0,1.0,0.3333333333333333,0.0,0.9508771929824561,0.041004592708905996,0,nan,nan,nan,nan,nan,nan,nan
bursts T=120s w=0.03,0,cch_hollow,120,0.03,True,0.1,0.0,0.01,no_bursts,72,7,7,0,0,0,1.0,1.0,1.0,0.0,1.0,0.11521971384418705,0,nan,nan,nan,nan,nan,nan,nan
bursts T=120s w=0.03,0,cch_hollow,120,0.03,True,0.1,0.0,0.01,robust,110,15,2,0,13,0,1.0,1.0,0.13333333333333333,0.0,0.9508771929824561,0.025375821127587628,0,nan,nan,nan,nan,nan,nan,nan
bursts T=120s w=0.03,0,cch_jitter,120,0.03,True,0.1,0.0,1.46,all,110,15,2,0,13,0,1.0,1.0,0.13333333333333333,0.0,0.9592982456140351,0.04726552935244044,0,nan,nan,nan,nan,nan,nan,nan
bursts T=120s w=0.03,0,cch_jitter,120,0.03,True,0.1,0.0,1.46,no_bursts,72,7,6,0,1,0,1.0,1.0,0.8571428571428571,0.0,1.0,0.19451959526311136,0,nan,nan,nan,nan,nan,nan,nan
bursts T=120s w=0.03,0,cch_jitter,120,0.03,True,0.1,0.0,1.46,robust,110,15,0,0,15,0,nan,nan,0.0,0.0,0.9592982456140351,nan,0,nan,nan,nan,nan,nan,nan,nan
bursts T=120s w=0.03,0,sttc,120,0.03,True,0.1,0.0,2.89,all,55,14,1,0,13,0,1.0,1.0,0.07142857142857142,0.0,0.8989547038327527,nan,0,nan,nan,nan,nan,nan,nan,nan
bursts T=120s w=0.03,0,sttc,120,0.03,True,0.1,0.0,2.89,no_bursts,36,7,2,1,5,0,0.6666666666666666,0.6666666666666666,0.2857142857142857,0.034482758620689655,0.9310344827586207,nan,0,nan,nan,nan,nan,nan,nan,nan
bursts T=120s w=0.03,0,sttc,120,0.03,True,0.1,0.0,2.89,robust,55,14,0,0,14,0,nan,nan,0.0,0.0,0.8989547038327527,nan,0,nan,nan,nan,nan,nan,nan,nan
bursts T=120s w=0.03,0,tspe,120,0.03,True,0.1,0.0,9.62,all,110,15,0,0,15,0,nan,nan,0.0,0.0,0.8378947368421052,nan,0,0,0,0,0,nan,nan,nan
bursts T=120s w=0.03,0,tspe,120,0.03,True,0.1,0.0,9.62,no_bursts,72,7,1,0,6,0,1.0,1.0,0.14285714285714285,0.0,0.9978021978021978,0.208995407291094,0,0,2,0,0,0.0,nan,nan
bursts T=120s w=0.03,0,tspe,120,0.03,True,0.1,0.0,9.62,robust,110,15,0,0,15,0,nan,nan,0.0,0.0,0.8378947368421052,nan,0,0,0,0,0,nan,nan,nan
bursts T=120s w=0.03,0,tspe_noreverse,120,0.03,True,0.1,0.0,9.62,all,110,15,0,0,15,0,nan,nan,0.0,0.0,0.8378947368421052,nan,0,0,0,0,0,nan,nan,nan
bursts T=120s w=0.03,0,tspe_noreverse,120,0.03,True,0.1,0.0,9.62,no_bursts,72,7,1,0,6,0,1.0,1.0,0.14285714285714285,0.0,0.9978021978021978,0.208995407291094,0,0,2,0,0,0.0,nan,nan
bursts T=120s w=0.03,0,tspe_noreverse,120,0.03,True,0.1,0.0,9.62,robust,110,15,0,0,15,0,nan,nan,0.0,0.0,0.8378947368421052,nan,0,0,0,0,0,nan,nan,nan
bursts T=120s w=0.03,0,cfp,120,0.03,True,0.1,0.0,6.63,all,110,15,11,78,4,28,0.12359550561797752,0.43820224719101125,0.7333333333333333,0.8210526315789474,0.8371929824561404,1.917721137963166,0,nan,nan,nan,nan,nan,nan,nan
bursts T=120s w=0.03,0,cfp,120,0.03,True,0.1,0.0,6.63,no_bursts,72,7,0,0,7,0,nan,nan,0.0,0.0,0.9736263736263736,nan,0,nan,nan,nan,nan,nan,nan,nan
bursts T=120s w=0.03,0,cfp,120,0.03,True,0.1,0.0,6.63,robust,110,15,0,0,15,0,nan,nan,0.0,0.0,0.8371929824561404,nan,0,nan,nan,nan,nan,nan,nan,nan
bursts T=120s w=0.03,0,cfp_narrow,120,0.03,True,0.1,0.0,6.63,all,110,15,15,81,0,28,0.15625,0.4479166666666667,1.0,0.8526315789473684,0.8371929824561404,1.6449215151263452,0,nan,nan,nan,nan,nan,nan,nan
bursts T=120s w=0.03,0,cfp_narrow,120,0.03,True,0.1,0.0,6.63,no_bursts,72,7,6,0,1,0,1.0,1.0,0.8571428571428571,0.0,0.9736263736263736,0.1029345010375079,0,nan,nan,nan,nan,nan,nan,nan
bursts T=120s w=0.03,0,cfp_narrow,120,0.03,True,0.1,0.0,6.63,robust,110,15,6,0,9,0,1.0,1.0,0.4,0.0,0.8371929824561404,1.5014815055789335,0,nan,nan,nan,nan,nan,nan,nan
bursts T=120s w=0.03,1,cch_hollow,120,0.03,True,0.1,0.0,0.01,all,30,2,2,0,0,0,1.0,1.0,1.0,0.0,1.0,0.0750449929047381,0,nan,nan,nan,nan,nan,nan,nan
bursts T=120s w=0.03,1,cch_hollow,120,0.03,True,0.1,0.0,0.01,no_bursts,20,2,2,0,0,0,1.0,1.0,1.0,0.0,1.0,0.0750449929047381,0,nan,nan,nan,nan,nan,nan,nan
bursts T=120s w=0.03,1,cch_hollow,120,0.03,True,0.1,0.0,0.01,robust,30,2,2,0,0,0,1.0,1.0,1.0,0.0,1.0,0.0750449929047381,0,nan,nan,nan,nan,nan,nan,nan
bursts T=120s w=0.03,1,cch_jitter,120,0.03,True,0.1,0.0,0.51,all,30,2,0,0,2,0,nan,nan,0.0,0.0,1.0,nan,0,nan,nan,nan,nan,nan,nan,nan
bursts T=120s w=0.03,1,cch_jitter,120,0.03,True,0.1,0.0,0.51,no_bursts,20,2,1,0,1,0,1.0,1.0,0.5,0.0,1.0,0.03483908049197826,0,nan,nan,nan,nan,nan,nan,nan
bursts T=120s w=0.03,1,cch_jitter,120,0.03,True,0.1,0.0,0.51,robust,30,2,0,0,2,0,nan,nan,0.0,0.0,1.0,nan,0,nan,nan,nan,nan,nan,nan,nan
bursts T=120s w=0.03,1,sttc,120,0.03,True,0.1,0.0,0.91,all,15,2,0,0,2,0,nan,nan,0.0,0.0,0.7692307692307693,nan,0,nan,nan,nan,nan,nan,nan,nan
bursts T=120s w=0.03,1,sttc,120,0.03,True,0.1,0.0,0.91,no_bursts,10,2,0,0,2,0,nan,nan,0.0,0.0,1.0,nan,0,nan,nan,nan,nan,nan,nan,nan
bursts T=120s w=0.03,1,sttc,120,0.03,True,0.1,0.0,0.91,robust,15,2,0,0,2,0,nan,nan,0.0,0.0,0.7692307692307693,nan,0,nan,nan,nan,nan,nan,nan,nan
bursts T=120s w=0.03,1,tspe,120,0.03,True,0.1,0.0,9.46,all,30,2,0,0,2,0,nan,nan,0.0,0.0,0.9464285714285714,nan,0,0,0,0,0,nan,nan,nan
bursts T=120s w=0.03,1,tspe,120,0.03,True,0.1,0.0,9.46,no_bursts,20,2,0,0,2,0,nan,nan,0.0,0.0,1.0,nan,0,0,0,0,0,nan,nan,nan
bursts T=120s w=0.03,1,tspe,120,0.03,True,0.1,0.0,9.46,robust,30,2,0,0,2,0,nan,nan,0.0,0.0,0.9464285714285714,nan,0,0,0,0,0,nan,nan,nan
bursts T=120s w=0.03,1,tspe_noreverse,120,0.03,True,0.1,0.0,9.46,all,30,2,0,0,2,0,nan,nan,0.0,0.0,0.9464285714285714,nan,0,0,0,0,0,nan,nan,nan
bursts T=120s w=0.03,1,tspe_noreverse,120,0.03,True,0.1,0.0,9.46,no_bursts,20,2,0,0,2,0,nan,nan,0.0,0.0,1.0,nan,0,0,0,0,0,nan,nan,nan
bursts T=120s w=0.03,1,tspe_noreverse,120,0.03,True,0.1,0.0,9.46,robust,30,2,0,0,2,0,nan,nan,0.0,0.0,0.9464285714285714,nan,0,0,0,0,0,nan,nan,nan
bursts T=120s w=0.03,1,cfp,120,0.03,True,0.1,0.0,3.32,all,30,2,2,24,0,10,0.07692307692307693,0.46153846153846156,1.0,0.8571428571428571,0.9821428571428571,2.0750449928959576,0,nan,nan,nan,nan,nan,nan,nan
bursts T=120s w=0.03,1,cfp,120,0.03,True,0.1,0.0,3.32,no_bursts,20,2,0,0,2,0,nan,nan,0.0,0.0,1.0,nan,0,nan,nan,nan,nan,nan,nan,nan
bursts T=120s w=0.03,1,cfp,120,0.03,True,0.1,0.0,3.32,robust,30,2,0,0,2,0,nan,nan,0.0,0.0,0.9821428571428571,nan,0,nan,nan,nan,nan,nan,nan,nan
bursts T=120s w=0.03,1,cfp_narrow,120,0.03,True,0.1,0.0,3.32,all,30,2,2,24,0,10,0.07692307692307693,0.46153846153846156,1.0,0.8571428571428571,0.9821428571428571,2.0750449928959576,0,nan,nan,nan,nan,nan,nan,nan
bursts T=120s w=0.03,1,cfp_narrow,120,0.03,True,0.1,0.0,3.32,no_bursts,20,2,1,0,1,0,1.0,1.0,0.5,0.0,1.0,0.16942886159665438,0,nan,nan,nan,nan,nan,nan,nan
bursts T=120s w=0.03,1,cfp_narrow,120,0.03,True,0.1,0.0,3.32,robust,30,2,1,0,1,0,1.0,1.0,0.5,0.0,0.9821428571428571,2.284839080474417,0,nan,nan,nan,nan,nan,nan,nan
bursts T=120s w=0.03,2,cch_hollow,120,0.03,True,0.1,0.0,0.01,all,56,4,0,0,4,0,nan,nan,0.0,0.0,0.9230769230769231,nan,0,nan,nan,nan,nan,nan,nan,nan
bursts T=120s w=0.03,2,cch_hollow,120,0.03,True,0.1,0.0,0.01,no_bursts,42,3,0,0,3,0,nan,nan,0.0,0.0,0.9914529914529915,nan,0,nan,nan,nan,nan,nan,nan,nan
bursts T=120s w=0.03,2,cch_hollow,120,0.03,True,0.1,0.0,0.01,robust,56,4,0,0,4,0,nan,nan,0.0,0.0,0.9230769230769231,nan,0,nan,nan,nan,nan,nan,nan,nan
bursts T=120s w=0.03,2,cch_jitter,120,0.03,True,0.1,0.0,0.79,all,56,4,0,0,4,0,nan,nan,0.0,0.0,0.8798076923076923,nan,0,nan,nan,nan,nan,nan,nan,nan
bursts T=120s w=0.03,2,cch_jitter,120,0.03,True,0.1,0.0,0.79,no_bursts,42,3,0,0,3,0,nan,nan,0.0,0.0,0.9230769230769231,nan,0,nan,nan,nan,nan,nan,nan,nan
bursts T=120s w=0.03,2,cch_jitter,120,0.03,True,0.1,0.0,0.79,robust,56,4,0,0,4,0,nan,nan,0.0,0.0,0.8798076923076923,nan,0,nan,nan,nan,nan,nan,nan,nan
bursts T=120s w=0.03,2,sttc,120,0.03,True,0.1,0.0,1.48,all,28,3,0,1,3,0,0.0,0.0,0.0,0.04,0.9333333333333333,nan,0,nan,nan,nan,nan,nan,nan,nan
bursts T=120s w=0.03,2,sttc,120,0.03,True,0.1,0.0,1.48,no_bursts,21,2,0,0,2,0,nan,nan,0.0,0.0,0.8947368421052632,nan,0,nan,nan,nan,nan,nan,nan,nan
bursts T=120s w=0.03,2,sttc,120,0.03,True,0.1,0.0,1.48,robust,28,3,0,0,3,0,nan,nan,0.0,0.0,0.9333333333333333,nan,0,nan,nan,nan,nan,nan,nan,nan
bursts T=120s w=0.03,2,tspe,120,0.03,True,0.1,0.0,8.73,all,56,4,0,0,4,0,nan,nan,0.0,0.0,0.6201923076923077,nan,0,0,0,0,0,nan,nan,nan
bursts T=120s w=0.03,2,tspe,120,0.03,True,0.1,0.0,8.73,no_bursts,42,3,0,0,3,0,nan,nan,0.0,0.0,0.5555555555555556,nan,0,0,1,0,1,0.0,nan,nan
bursts T=120s w=0.03,2,tspe,120,0.03,True,0.1,0.0,8.73,robust,56,4,0,0,4,0,nan,nan,0.0,0.0,0.6201923076923077,nan,0,0,0,0,0,nan,nan,nan
bursts T=120s w=0.03,2,tspe_noreverse,120,0.03,True,0.1,0.0,8.73,all,56,4,0,0,4,0,nan,nan,0.0,0.0,0.6201923076923077,nan,0,0,0,0,0,nan,nan,nan
bursts T=120s w=0.03,2,tspe_noreverse,120,0.03,True,0.1,0.0,8.73,no_bursts,42,3,0,0,3,0,nan,nan,0.0,0.0,0.5555555555555556,nan,0,0,1,0,1,0.0,nan,nan
bursts T=120s w=0.03,2,tspe_noreverse,120,0.03,True,0.1,0.0,8.73,robust,56,4,0,0,4,0,nan,nan,0.0,0.0,0.6201923076923077,nan,0,0,0,0,0,nan,nan,nan
bursts T=120s w=0.03,2,cfp,120,0.03,True,0.1,0.0,3.47,all,56,4,2,30,2,8,0.0625,0.3125,0.5,0.5769230769230769,0.6201923076923077,1.8486208203364316,0,nan,nan,nan,nan,nan,nan,nan
bursts T=120s w=0.03,2,cfp,120,0.03,True,0.1,0.0,3.47,no_bursts,42,3,0,0,3,0,nan,nan,0.0,0.0,0.9316239316239316,nan,0,nan,nan,nan,nan,nan,nan,nan
bursts T=120s w=0.03,2,cfp,120,0.03,True,0.1,0.0,3.47,robust,56,4,0,0,4,0,nan,nan,0.0,0.0,0.6201923076923077,nan,0,nan,nan,nan,nan,nan,nan,nan
bursts T=120s w=0.03,2,cfp_narrow,120,0.03,True,0.1,0.0,3.47,all,56,4,3,34,1,8,0.08108108108108109,0.2972972972972973,0.75,0.6538461538461539,0.6201923076923077,1.3969177406457098,0,nan,nan,nan,nan,nan,nan,nan
bursts T=120s w=0.03,2,cfp_narrow,120,0.03,True,0.1,0.0,3.47,no_bursts,42,3,0,1,3,0,0.0,0.0,0.0,0.02564102564102564,0.9316239316239316,nan,0,nan,nan,nan,nan,nan,nan,nan
bursts T=120s w=0.03,2,cfp_narrow,120,0.03,True,0.1,0.0,3.47,robust,56,4,0,1,4,0,0.0,0.0,0.0,0.019230769230769232,0.6201923076923077,nan,0,nan,nan,nan,nan,nan,nan,nan
bursts T=120s w=0.06,0,cch_hollow,120,0.06,True,0.1,0.0,0.01,all,110,15,10,0,5,0,1.0,1.0,0.6666666666666666,0.0,0.9803508771929824,0.12636504280240624,0,nan,nan,nan,nan,nan,nan,nan
bursts T=120s w=0.06,0,cch_hollow,120,0.06,True,0.1,0.0,0.01,no_bursts,90,12,8,0,4,0,1.0,1.0,0.6666666666666666,0.0,0.9989316239316239,0.13143565728767237,0,nan,nan,nan,nan,nan,nan,nan
bursts T=120s w=0.06,0,cch_hollow,120,0.06,True,0.1,0.0,0.01,robust,110,15,7,0,8,0,1.0,1.0,0.4666666666666667,0.0,0.9803508771929824,0.14765160073115768,0,nan,nan,nan,nan,nan,nan,nan
bursts T=120s w=0.06,0,cch_jitter,120,0.06,True,0.1,0.0,1.65,all,110,15,11,0,4,0,1.0,1.0,0.7333333333333333,0.0,0.9957894736842106,0.11521971384418705,0,nan,nan,nan,nan,nan,nan,nan
bursts T=120s w=0.06,0,cch_jitter,120,0.06,True,0.1,0.0,1.65,no_bursts,90,12,7,0,5,0,1.0,1.0,0.5833333333333334,0.0,0.9978632478632479,0.14765160073115768,0,nan,nan,nan,nan,nan,nan,nan
bursts T=120s w=0.06,0,cch_jitter,120,0.06,True,0.1,0.0,1.65,robust,110,15,7,0,8,0,1.0,1.0,0.4666666666666667,0.0,0.9957894736842106,0.11521971384418705,0,nan,nan,nan,nan,nan,nan,nan
bursts T=120s w=0.06,0,sttc,120,0.06,True,0.1,0.0,3.07,all,55,14,4,0,10,0,1.0,1.0,0.2857142857142857,0.0,0.9320557491289199,nan,0,nan,nan,nan,nan,nan,nan,nan
bursts T=120s w=0.06,0,sttc,120,0.06,True,0.1,0.0,3.07,no_bursts,45,11,4,0,7,0,1.0,1.0,0.36363636363636365,0.0,0.9411764705882353,nan,0,nan,nan,nan,nan,nan,nan,nan
bursts T=120s w=0.06,0,sttc,120,0.06,True,0.1,0.0,3.07,robust,55,14,2,0,12,0,1.0,1.0,0.14285714285714285,0.0,0.9320557491289199,nan,0,nan,nan,nan,nan,nan,nan,nan
bursts T=120s w=0.06,0,tspe,120,0.06,True,0.1,0.0,8.66,all,110,15,5,0,10,0,1.0,1.0,0.3333333333333333,0.0,0.991578947368421,0.208995407291094,0,0,0,0,0,nan,nan,nan
bursts T=120s w=0.06,0,tspe,120,0.06,True,0.1,0.0,8.66,no_bursts,90,12,7,0,5,0,1.0,1.0,0.5833333333333334,0.0,0.9871794871794872,0.208995407291094,0,0,3,0,2,0.0,nan,nan
bursts T=120s w=0.06,0,tspe,120,0.06,True,0.1,0.0,8.66,robust,110,15,4,0,11,0,1.0,1.0,0.26666666666666666,0.0,0.991578947368421,0.1769584612087196,0,0,0,0,0,nan,nan,nan
bursts T=120s w=0.06,0,tspe_noreverse,120,0.06,True,0.1,0.0,8.66,all,110,15,5,0,10,0,1.0,1.0,0.3333333333333333,0.0,0.991578947368421,0.208995407291094,0,0,0,0,0,nan,nan,nan
bursts T=120s w=0.06,0,tspe_noreverse,120,0.06,True,0.1,0.0,8.66,no_bursts,90,12,7,0,5,0,1.0,1.0,0.5833333333333334,0.0,0.9871794871794872,0.208995407291094,0,0,2,0,1,0.0,nan,nan
bursts T=120s w=0.06,0,tspe_noreverse,120,0.06,True,0.1,0.0,8.66,robust,110,15,4,0,11,0,1.0,1.0,0.26666666666666666,0.0,0.991578947368421,0.1769584612087196,0,0,0,0,0,nan,nan,nan
bursts T=120s w=0.06,0,cfp,120,0.06,True,0.1,0.0,5.59,all,110,15,6,82,9,28,0.06818181818181818,0.38636363636363635,0.4,0.8631578947368421,0.96,1.932064540370152,0,nan,nan,nan,nan,nan,nan,nan
bursts T=120s w=0.06,0,cfp,120,0.06,True,0.1,0.0,5.59,no_bursts,90,12,0,0,12,0,nan,nan,0.0,0.0,0.9348290598290598,nan,0,nan,nan,nan,nan,nan,nan,nan
bursts T=120s w=0.06,0,cfp,120,0.06,True,0.1,0.0,5.59,robust,110,15,0,0,15,0,nan,nan,0.0,0.0,0.96,nan,0,nan,nan,nan,nan,nan,nan,nan
bursts T=120s w=0.06,0,cfp_narrow,120,0.06,True,0.1,0.0,5.59,all,110,15,15,84,0,29,0.15151515151515152,0.4444444444444444,1.0,0.8842105263157894,0.96,0.18904482527229804,0,nan,nan,nan,nan,nan,nan,nan
bursts T=120s w=0.06,0,cfp_narrow,120,0.06,True,0.1,0.0,5.59,no_bursts,90,12,8,1,4,1,0.8888888888888888,1.0,0.6666666666666666,0.01282051282051282,0.9348290598290598,0.04922615519952189,0,nan,nan,nan,nan,nan,nan,nan
bursts T=120s w=0.06,0,cfp_narrow,120,0.06,True,0.1,0.0,5.59,robust,110,15,8,1,7,1,0.8888888888888888,1.0,0.5333333333333333,0.010526315789473684,0.96,0.14408034772170375,0,nan,nan,nan,nan,nan,nan,nan
bursts T=120s w=0.06,1,cch_hollow,120,0.06,True,0.1,0.0,0.01,all,30,2,2,0,0,0,1.0,1.0,1.0,0.0,1.0,0.0750449929047381,0,nan,nan,nan,nan,nan,nan,nan
bursts T=120s w=0.06,1,cch_hollow,120,0.06,True,0.1,0.0,0.01,no_bursts,20,2,2,1,0,1,0.6666666666666666,1.0,1.0,0.05555555555555555,1.0,0.0750449929047381,0,nan,nan,nan,nan,nan,nan,nan
bursts T=120s w=0.06,1,cch_hollow,120,0.06,True,0.1,0.0,0.01,robust,30,2,2,0,0,0,1.0,1.0,1.0,0.0,1.0,0.0750449929047381,0,nan,nan,nan,nan,nan,nan,nan
bursts T=120s w=0.06,1,cch_jitter,120,0.06,True,0.1,0.0,0.48,all,30,2,1,0,1,0,1.0,1.0,0.5,0.0,1.0,0.03483908049197826,0,nan,nan,nan,nan,nan,nan,nan
bursts T=120s w=0.06,1,cch_jitter,120,0.06,True,0.1,0.0,0.48,no_bursts,20,2,2,0,0,0,1.0,1.0,1.0,0.0,1.0,0.0750449929047381,0,nan,nan,nan,nan,nan,nan,nan
bursts T=120s w=0.06,1,cch_jitter,120,0.06,True,0.1,0.0,0.48,robust,30,2,1,0,1,0,1.0,1.0,0.5,0.0,1.0,0.03483908049197826,0,nan,nan,nan,nan,nan,nan,nan
bursts T=120s w=0.06,1,sttc,120,0.06,True,0.1,0.0,0.84,all,15,2,0,0,2,0,nan,nan,0.0,0.0,1.0,nan,0,nan,nan,nan,nan,nan,nan,nan
bursts T=120s w=0.06,1,sttc,120,0.06,True,0.1,0.0,0.84,no_bursts,10,2,2,0,0,0,1.0,1.0,1.0,0.0,1.0,nan,0,nan,nan,nan,nan,nan,nan,nan
bursts T=120s w=0.06,1,sttc,120,0.06,True,0.1,0.0,0.84,robust,15,2,0,0,2,0,nan,nan,0.0,0.0,1.0,nan,0,nan,nan,nan,nan,nan,nan,nan
bursts T=120s w=0.06,1,tspe,120,0.06,True,0.1,0.0,8.62,all,30,2,1,0,1,0,1.0,1.0,0.5,0.0,1.0,0.21516091950802174,0,0,0,0,0,nan,nan,nan
bursts T=120s w=0.06,1,tspe,120,0.06,True,0.1,0.0,8.62,no_bursts,20,2,2,0,0,0,1.0,1.0,1.0,0.0,1.0,0.29020591241275984,0,0,1,0,0,0.0,nan,nan
bursts T=120s w=0.06,1,tspe,120,0.06,True,0.1,0.0,8.62,robust,30,2,1,0,1,0,1.0,1.0,0.5,0.0,1.0,0.21516091950802174,0,0,0,0,0,nan,nan,nan
bursts T=120s w=0.06,1,tspe_noreverse,120,0.06,True,0.1,0.0,8.62,all,30,2,1,0,1,0,1.0,1.0,0.5,0.0,1.0,0.21516091950802174,0,0,0,0,0,nan,nan,nan
bursts T=120s w=0.06,1,tspe_noreverse,120,0.06,True,0.1,0.0,8.62,no_bursts,20,2,2,0,0,0,1.0,1.0,1.0,0.0,1.0,0.29020591241275984,0,0,1,0,0,0.0,nan,nan
bursts T=120s w=0.06,1,tspe_noreverse,120,0.06,True,0.1,0.0,8.62,robust,30,2,1,0,1,0,1.0,1.0,0.5,0.0,1.0,0.21516091950802174,0,0,0,0,0,nan,nan,nan
bursts T=120s w=0.06,1,cfp,120,0.06,True,0.1,0.0,3.42,all,30,2,2,24,0,9,0.07692307692307693,0.4230769230769231,1.0,0.8571428571428571,0.9285714285714286,2.075044992904738,0,nan,nan,nan,nan,nan,nan,nan
bursts T=120s w=0.06,1,cfp,120,0.06,True,0.1,0.0,3.42,no_bursts,20,2,0,0,2,0,nan,nan,0.0,0.0,1.0,nan,0,nan,nan,nan,nan,nan,nan,nan
bursts T=120s w=0.06,1,cfp,120,0.06,True,0.1,0.0,3.42,robust,30,2,0,0,2,0,nan,nan,0.0,0.0,0.9285714285714286,nan,0,nan,nan,nan,nan,nan,nan,nan
bursts T=120s w=0.06,1,cfp_narrow,120,0.06,True,0.1,0.0,3.42,all,30,2,2,25,0,10,0.07407407407407407,0.4444444444444444,1.0,0.8928571428571429,0.9285714285714286,2.075044992904738,0,nan,nan,nan,nan,nan,nan,nan
bursts T=120s w=0.06,1,cfp_narrow,120,0.06,True,0.1,0.0,3.42,no_bursts,20,2,2,0,0,0,1.0,1.0,1.0,0.0,1.0,0.0765800236992833,0,nan,nan,nan,nan,nan,nan,nan
bursts T=120s w=0.06,1,cfp_narrow,120,0.06,True,0.1,0.0,3.42,robust,30,2,2,0,0,0,1.0,1.0,1.0,0.0,0.9285714285714286,2.075044992904738,0,nan,nan,nan,nan,nan,nan,nan
bursts T=120s w=0.06,2,cch_hollow,120,0.06,True,0.1,0.0,0.01,all,72,4,3,0,1,0,1.0,1.0,0.75,0.0,1.0,0.05032412777555528,0,nan,nan,nan,nan,nan,nan,nan
bursts T=120s w=0.06,2,cch_hollow,120,0.06,True,0.1,0.0,0.01,no_bursts,42,3,3,0,0,0,1.0,1.0,1.0,0.0,1.0,0.09959124763770966,0,nan,nan,nan,nan,nan,nan,nan
bursts T=120s w=0.06,2,cch_hollow,120,0.06,True,0.1,0.0,0.01,robust,72,4,2,0,2,0,1.0,1.0,0.5,0.0,1.0,0.09099272410749293,0,nan,nan,nan,nan,nan,nan,nan
bursts T=120s w=0.06,2,cch_jitter,120,0.06,True,0.1,0.0,0.91,all,72,4,1,0,3,0,1.0,1.0,0.25,0.0,0.9705882352941176,0.05032412777555528,0,nan,nan,nan,nan,nan,nan,nan
bursts T=120s w=0.06,2,cch_jitter,120,0.06,True,0.1,0.0,0.91,no_bursts,42,3,1,0,2,0,1.0,1.0,0.3333333333333333,0.0,0.9743589743589743,0.14691774064571006,0,nan,nan,nan,nan,nan,nan,nan
bursts T=120s w=0.06,2,cch_jitter,120,0.06,True,0.1,0.0,0.91,robust,72,4,0,0,4,0,nan,nan,0.0,0.0,0.9705882352941176,nan,0,nan,nan,nan,nan,nan,nan,nan
bursts T=120s w=0.06,2,sttc,120,0.06,True,0.1,0.0,1.68,all,36,3,0,0,3,0,nan,nan,0.0,0.0,0.9595959595959596,nan,0,nan,nan,nan,nan,nan,nan,nan
bursts T=120s w=0.06,2,sttc,120,0.06,True,0.1,0.0,1.68,no_bursts,21,2,1,1,1,0,0.5,0.5,0.5,0.05263157894736842,0.9736842105263158,nan,0,nan,nan,nan,nan,nan,nan,nan
bursts T=120s w=0.06,2,sttc,120,0.06,True,0.1,0.0,1.68,robust,36,3,0,0,3,0,nan,nan,0.0,0.0,0.9595959595959596,nan,0,nan,nan,nan,nan,nan,nan,nan
bursts T=120s w=0.06,2,tspe,120,0.06,True,0.1,0.0,8.66,all,72,4,0,0,4,0,nan,nan,0.0,0.0,0.8235294117647058,nan,0,0,0,0,0,nan,nan,nan
bursts T=120s w=0.06,2,tspe,120,0.06,True,0.1,0.0,8.66,no_bursts,42,3,1,0,2,0,1.0,1.0,0.3333333333333333,0.0,0.8632478632478633,0.10308225935428994,0,0,1,0,0,0.0,nan,nan
bursts T=120s w=0.06,2,tspe,120,0.06,True,0.1,0.0,8.66,robust,72,4,0,0,4,0,nan,nan,0.0,0.0,0.8235294117647058,nan,0,0,0,0,0,nan,nan,nan
bursts T=120s w=0.06,2,tspe_noreverse,120,0.06,True,0.1,0.0,8.66,all,72,4,0,0,4,0,nan,nan,0.0,0.0,0.8235294117647058,nan,0,0,0,0,0,nan,nan,nan
bursts T=120s w=0.06,2,tspe_noreverse,120,0.06,True,0.1,0.0,8.66,no_bursts,42,3,1,0,2,0,1.0,1.0,0.3333333333333333,0.0,0.8632478632478633,0.10308225935428994,0,0,1,0,0,0.0,nan,nan
bursts T=120s w=0.06,2,tspe_noreverse,120,0.06,True,0.1,0.0,8.66,robust,72,4,0,0,4,0,nan,nan,0.0,0.0,0.8235294117647058,nan,0,0,0,0,0,nan,nan,nan
bursts T=120s w=0.06,2,cfp,120,0.06,True,0.1,0.0,3.72,all,72,4,1,39,3,9,0.025,0.25,0.25,0.5735294117647058,0.9117647058823529,2.3003241277755553,0,nan,nan,nan,nan,nan,nan,nan
bursts T=120s w=0.06,2,cfp,120,0.06,True,0.1,0.0,3.72,no_bursts,42,3,0,0,3,0,nan,nan,0.0,0.0,1.0,nan,0,nan,nan,nan,nan,nan,nan,nan
bursts T=120s w=0.06,2,cfp,120,0.06,True,0.1,0.0,3.72,robust,72,4,0,0,4,0,nan,nan,0.0,0.0,0.9117647058823529,nan,0,nan,nan,nan,nan,nan,nan,nan
bursts T=120s w=0.06,2,cfp_narrow,120,0.06,True,0.1,0.0,3.72,all,72,4,4,46,0,9,0.08,0.26,1.0,0.6764705882352942,0.9117647058823529,0.22870485852120903,0,nan,nan,nan,nan,nan,nan,nan
bursts T=120s w=0.06,2,cfp_narrow,120,0.06,True,0.1,0.0,3.72,no_bursts,42,3,3,1,0,0,0.75,0.75,1.0,0.02564102564102564,1.0,0.1359074370364297,0,nan,nan,nan,nan,nan,nan,nan
bursts T=120s w=0.06,2,cfp_narrow,120,0.06,True,0.1,0.0,3.72,robust,72,4,3,1,1,0,0.75,0.75,0.75,0.014705882352941176,0.9117647058823529,0.19425606488657854,0,nan,nan,nan,nan,nan,nan,nan
bursts T=120s w=0.12,0,cch_hollow,120,0.12,True,0.1,0.0,0.01,all,132,19,17,2,2,2,0.8947368421052632,1.0,0.8947368421052632,0.017699115044247787,0.9986027014438752,0.10507848487365479,0,nan,nan,nan,nan,nan,nan,nan
bursts T=120s w=0.12,0,cch_hollow,120,0.12,True,0.1,0.0,0.01,no_bursts,110,15,13,1,2,1,0.9285714285714286,1.0,0.8666666666666667,0.010526315789473684,1.0,0.11521971384418705,0,nan,nan,nan,nan,nan,nan,nan
bursts T=120s w=0.12,0,cch_hollow,120,0.12,True,0.1,0.0,0.01,robust,132,19,13,0,6,0,1.0,1.0,0.6842105263157895,0.0,0.9986027014438752,0.11521971384418705,0,nan,nan,nan,nan,nan,nan,nan
bursts T=120s w=0.12,0,cch_jitter,120,0.12,True,0.1,0.0,2.04,all,132,19,17,1,2,1,0.9444444444444444,1.0,0.8947368421052632,0.008849557522123894,0.9958081043316255,0.11521971384418705,0,nan,nan,nan,nan,nan,nan,nan
bursts T=120s w=0.12,0,cch_jitter,120,0.12,True,0.1,0.0,2.04,no_bursts,110,15,15,0,0,0,1.0,1.0,1.0,0.0,1.0,0.14372622952105307,0,nan,nan,nan,nan,nan,nan,nan
bursts T=120s w=0.12,0,cch_jitter,120,0.12,True,0.1,0.0,2.04,robust,132,19,14,0,5,0,1.0,1.0,0.7368421052631579,0.0,0.9958081043316255,0.12947297168262006,0,nan,nan,nan,nan,nan,nan,nan
bursts T=120s w=0.12,0,sttc,120,0.12,True,0.1,0.0,3.77,all,66,18,14,2,4,2,0.875,1.0,0.7777777777777778,0.041666666666666664,0.9317129629629629,nan,0,nan,nan,nan,nan,nan,nan,nan
bursts T=120s w=0.12,0,sttc,120,0.12,True,0.1,0.0,3.77,no_bursts,55,14,11,1,3,0,0.9166666666666666,0.9166666666666666,0.7857142857142857,0.024390243902439025,0.9825783972125436,nan,0,nan,nan,nan,nan,nan,nan,nan
bursts T=120s w=0.12,0,sttc,120,0.12,True,0.1,0.0,3.77,robust,66,18,11,0,7,0,1.0,1.0,0.6111111111111112,0.0,0.9317129629629629,nan,0,nan,nan,nan,nan,nan,nan,nan
bursts T=120s w=0.12,0,tspe,120,0.12,True,0.1,0.0,8.72,all,132,19,17,0,2,0,1.0,1.0,0.8947368421052632,0.0,0.9543549138332557,0.24025295045373074,0,0,1,0,1,0.0,nan,nan
bursts T=120s w=0.12,0,tspe,120,0.12,True,0.1,0.0,8.72,no_bursts,110,15,13,4,2,4,0.7647058823529411,1.0,0.8666666666666667,0.042105263157894736,0.9354385964912281,0.24308240424218308,0,0,2,0,0,0.0,nan,nan
bursts T=120s w=0.12,0,tspe,120,0.12,True,0.1,0.0,8.72,robust,132,19,13,0,6,0,1.0,1.0,0.6842105263157895,0.0,0.9543549138332557,0.24308240424218308,0,0,0,0,0,nan,nan,nan
bursts T=120s w=0.12,0,tspe_noreverse,120,0.12,True,0.1,0.0,8.72,all,132,19,17,0,2,0,1.0,1.0,0.8947368421052632,0.0,0.9543549138332557,0.24025295045373074,0,0,0,0,0,nan,nan,nan
bursts T=120s w=0.12,0,tspe_noreverse,120,0.12,True,0.1,0.0,8.72,no_bursts,110,15,13,4,2,4,0.7647058823529411,1.0,0.8666666666666667,0.042105263157894736,0.9354385964912281,0.24308240424218308,0,0,2,0,0,0.0,nan,nan
bursts T=120s w=0.12,0,tspe_noreverse,120,0.12,True,0.1,0.0,8.72,robust,132,19,13,0,6,0,1.0,1.0,0.6842105263157895,0.0,0.9543549138332557,0.24308240424218308,0,0,0,0,0,nan,nan,nan
bursts T=120s w=0.12,0,cfp,120,0.12,True,0.1,0.0,6.03,all,132,19,2,100,17,38,0.0196078431372549,0.39215686274509803,0.10526315789473684,0.8849557522123894,0.9087098276665114,2.25450923661687,0,nan,nan,nan,nan,nan,nan,nan
bursts T=120s w=0.12,0,cfp,120,0.12,True,0.1,0.0,6.03,no_bursts,110,15,0,0,15,0,nan,nan,0.0,0.0,0.9992982456140351,nan,0,nan,nan,nan,nan,nan,nan,nan
bursts T=120s w=0.12,0,cfp,120,0.12,True,0.1,0.0,6.03,robust,132,19,0,0,19,0,nan,nan,0.0,0.0,0.9087098276665114,nan,0,nan,nan,nan,nan,nan,nan,nan
bursts T=120s w=0.12,0,cfp_narrow,120,0.12,True,0.1,0.0,6.03,all,132,19,19,104,0,39,0.15447154471544716,0.4715447154471545,1.0,0.9203539823008849,0.9087098276665114,0.17367165174995658,0,nan,nan,nan,nan,nan,nan,nan
bursts T=120s w=0.12,0,cfp_narrow,120,0.12,True,0.1,0.0,6.03,no_bursts,110,15,15,3,0,3,0.8333333333333334,1.0,1.0,0.031578947368421054,0.9992982456140351,0.1459882494525302,0,nan,nan,nan,nan,nan,nan,nan
bursts T=120s w=0.12,0,cfp_narrow,120,0.12,True,0.1,0.0,6.03,robust,132,19,15,3,4,3,0.8333333333333334,1.0,0.7894736842105263,0.02654867256637168,0.9087098276665114,0.17367165174995658,0,nan,nan,nan,nan,nan,nan,nan
bursts T=120s w=0.12,1,cch_hollow,120,0.12,True,0.1,0.0,0.01,all,56,8,6,0,2,0,1.0,1.0,0.75,0.0,1.0,0.10876970711665912,0,nan,nan,nan,nan,nan,nan,nan
bursts T=120s w=0.12,1,cch_hollow,120,0.12,True,0.1,0.0,0.01,no_bursts,20,2,2,0,0,0,1.0,1.0,1.0,0.0,1.0,0.0750449929047381,0,nan,nan,nan,nan,nan,nan,nan
bursts T=120s w=0.12,1,cch_hollow,120,0.12,True,0.1,0.0,0.01,robust,56,8,2,0,6,0,1.0,1.0,0.25,0.0,1.0,0.0750449929047381,0,nan,nan,nan,nan,nan,nan,nan
bursts T=120s w=0.12,1,cch_jitter,120,0.12,True,0.1,0.0,0.69,all,56,8,8,0,0,0,1.0,1.0,1.0,0.0,1.0,0.10044157963105871,0,nan,nan,nan,nan,nan,nan,nan
bursts T=120s w=0.12,1,cch_jitter,120,0.12,True,0.1,0.0,0.69,no_bursts,20,2,2,0,0,0,1.0,1.0,1.0,0.0,1.0,0.0750449929047381,0,nan,nan,nan,nan,nan,nan,nan
bursts T=120s w=0.12,1,cch_jitter,120,0.12,True,0.1,0.0,0.69,robust,56,8,2,0,6,0,1.0,1.0,0.25,0.0,1.0,0.0750449929047381,0,nan,nan,nan,nan,nan,nan,nan
bursts T=120s w=0.12,1,sttc,120,0.12,True,0.1,0.0,1.25,all,28,7,6,0,1,0,1.0,1.0,0.8571428571428571,0.0,1.0,nan,0,nan,nan,nan,nan,nan,nan,nan
bursts T=120s w=0.12,1,sttc,120,0.12,True,0.1,0.0,1.25,no_bursts,10,2,1,0,1,0,1.0,1.0,0.5,0.0,1.0,nan,0,nan,nan,nan,nan,nan,nan,nan
bursts T=120s w=0.12,1,sttc,120,0.12,True,0.1,0.0,1.25,robust,28,7,1,0,6,0,1.0,1.0,0.14285714285714285,0.0,1.0,nan,0,nan,nan,nan,nan,nan,nan,nan
bursts T=120s w=0.12,1,tspe,120,0.12,True,0.1,0.0,8.58,all,56,8,8,0,0,0,1.0,1.0,1.0,0.0,1.0,0.28694694143552146,0,0,0,0,0,nan,nan,nan
bursts T=120s w=0.12,1,tspe,120,0.12,True,0.1,0.0,8.58,no_bursts,20,2,2,0,0,0,1.0,1.0,1.0,0.0,1.0,0.29020591241275984,0,0,0,0,0,nan,nan,nan
bursts T=120s w=0.12,1,tspe,120,0.12,True,0.1,0.0,8.58,robust,56,8,2,0,6,0,1.0,1.0,0.25,0.0,1.0,0.29020591241275984,0,0,0,0,0,nan,nan,nan
bursts T=120s w=0.12,1,tspe_noreverse,120,0.12,True,0.1,0.0,8.58,all,56,8,8,0,0,0,1.0,1.0,1.0,0.0,1.0,0.28694694143552146,0,0,0,0,0,nan,nan,nan
bursts T=120s w=0.12,1,tspe_noreverse,120,0.12,True,0.1,0.0,8.58,no_bursts,20,2,2,0,0,0,1.0,1.0,1.0,0.0,1.0,0.29020591241275984,0,0,0,0,0,nan,nan,nan
bursts T=120s w=0.12,1,tspe_noreverse,120,0.12,True,0.1,0.0,8.58,robust,56,8,2,0,6,0,1.0,1.0,0.25,0.0,1.0,0.29020591241275984,0,0,0,0,0,nan,nan,nan
bursts T=120s w=0.12,1,cfp,120,0.12,True,0.1,0.0,3.58,all,56,8,0,40,8,15,0.0,0.375,0.0,0.8333333333333334,1.0,nan,0,nan,nan,nan,nan,nan,nan,nan
bursts T=120s w=0.12,1,cfp,120,0.12,True,0.1,0.0,3.58,no_bursts,20,2,0,0,2,0,nan,nan,0.0,0.0,1.0,nan,0,nan,nan,nan,nan,nan,nan,nan
bursts T=120s w=0.12,1,cfp,120,0.12,True,0.1,0.0,3.58,robust,56,8,0,0,8,0,nan,nan,0.0,0.0,1.0,nan,0,nan,nan,nan,nan,nan,nan,nan
bursts T=120s w=0.12,1,cfp_narrow,120,0.12,True,0.1,0.0,3.58,all,56,8,8,42,0,16,0.16,0.48,1.0,0.875,1.0,0.12817670305383966,0,nan,nan,nan,nan,nan,nan,nan
bursts T=120s w=0.12,1,cfp_narrow,120,0.12,True,0.1,0.0,3.58,no_bursts,20,2,2,0,0,0,1.0,1.0,1.0,0.0,1.0,0.10479423961212686,0,nan,nan,nan,nan,nan,nan,nan
bursts T=120s w=0.12,1,cfp_narrow,120,0.12,True,0.1,0.0,3.58,robust,56,8,2,0,6,0,1.0,1.0,0.25,0.0,1.0,0.08789948288398985,0,nan,nan,nan,nan,nan,nan,nan
bursts T=120s w=0.12,2,cch_hollow,120,0.12,True,0.1,0.0,0.01,all,110,10,8,0,2,0,1.0,1.0,0.8,0.0,1.0,0.1085711563799101,0,nan,nan,nan,nan,nan,nan,nan
bursts T=120s w=0.12,2,cch_hollow,120,0.12,True,0.1,0.0,0.01,no_bursts,42,3,3,0,0,0,1.0,1.0,1.0,0.0,1.0,0.09959124763770966,0,nan,nan,nan,nan,nan,nan,nan
bursts T=120s w=0.12,2,cch_hollow,120,0.12,True,0.1,0.0,0.01,robust,110,10,3,0,7,0,1.0,1.0,0.3,0.0,1.0,0.09959124763770966,0,nan,nan,nan,nan,nan,nan,nan
bursts T=120s w=0.12,2,cch_jitter,120,0.12,True,0.1,0.0,1.21,all,110,10,9,0,1,0,1.0,1.0,0.9,0.0,0.998,0.11996953058302084,0,nan,nan,nan,nan,nan,nan,nan
bursts T=120s w=0.12,2,cch_jitter,120,0.12,True,0.1,0.0,1.21,no_bursts,42,3,2,0,1,0,1.0,1.0,0.6666666666666666,0.0,0.9743589743589743,0.12325449414170986,0,nan,nan,nan,nan,nan,nan,nan
bursts T=120s w=0.12,2,cch_jitter,120,0.12,True,0.1,0.0,1.21,robust,110,10,2,0,8,0,1.0,1.0,0.2,0.0,0.998,0.12325449414170986,0,nan,nan,nan,nan,nan,nan,nan
bursts T=120s w=0.12,2,sttc,120,0.12,True,0.1,0.0,2.27,all,55,8,8,1,0,0,0.8888888888888888,0.8888888888888888,1.0,0.02127659574468085,1.0,nan,0,nan,nan,nan,nan,nan,nan,nan
bursts T=120s w=0.12,2,sttc,120,0.12,True,0.1,0.0,2.27,no_bursts,21,2,2,1,0,0,0.6666666666666666,0.6666666666666666,1.0,0.05263157894736842,1.0,nan,0,nan,nan,nan,nan,nan,nan,nan
bursts T=120s w=0.12,2,sttc,120,0.12,True,0.1,0.0,2.27,robust,55,8,2,1,6,0,0.6666666666666666,0.6666666666666666,0.25,0.02127659574468085,1.0,nan,0,nan,nan,nan,nan,nan,nan,nan
bursts T=120s w=0.12,2,tspe,120,0.12,True,0.1,0.0,8.61,all,110,10,7,0,3,0,1.0,1.0,0.7,0.0,0.986,0.2110237513845341,0,0,1,0,0,0.0,nan,nan
bursts T=120s w=0.12,2,tspe,120,0.12,True,0.1,0.0,8.61,no_bursts,42,3,2,0,1,0,1.0,1.0,0.6666666666666666,0.0,0.7350427350427351,0.2263367534959998,0,0,3,0,1,0.0,nan,nan
bursts T=120s w=0.12,2,tspe,120,0.12,True,0.1,0.0,8.61,robust,110,10,2,0,8,0,1.0,1.0,0.2,0.0,0.986,0.2263367534959998,0,0,0,0,0,nan,nan,nan
bursts T=120s w=0.12,2,tspe_noreverse,120,0.12,True,0.1,0.0,8.61,all,110,10,7,0,3,0,1.0,1.0,0.7,0.0,0.986,0.2110237513845341,0,0,1,0,0,0.0,nan,nan
bursts T=120s w=0.12,2,tspe_noreverse,120,0.12,True,0.1,0.0,8.61,no_bursts,42,3,2,0,1,0,1.0,1.0,0.6666666666666666,0.0,0.7350427350427351,0.2263367534959998,0,0,2,0,0,0.0,nan,nan
bursts T=120s w=0.12,2,tspe_noreverse,120,0.12,True,0.1,0.0,8.61,robust,110,10,2,0,8,0,1.0,1.0,0.2,0.0,0.986,0.2263367534959998,0,0,0,0,0,nan,nan,nan
bursts T=120s w=0.12,2,cfp,120,0.12,True,0.1,0.0,4.15,all,110,10,0,43,10,12,0.0,0.27906976744186046,0.0,0.43,0.981,nan,0,nan,nan,nan,nan,nan,nan,nan
bursts T=120s w=0.12,2,cfp,120,0.12,True,0.1,0.0,4.15,no_bursts,42,3,0,0,3,0,nan,nan,0.0,0.0,0.9914529914529915,nan,0,nan,nan,nan,nan,nan,nan,nan
bursts T=120s w=0.12,2,cfp,120,0.12,True,0.1,0.0,4.15,robust,110,10,0,0,10,0,nan,nan,0.0,0.0,0.981,nan,0,nan,nan,nan,nan,nan,nan,nan
bursts T=120s w=0.12,2,cfp_narrow,120,0.12,True,0.1,0.0,4.15,all,110,10,10,54,0,14,0.15625,0.375,1.0,0.54,0.981,0.1474094864788824,0,nan,nan,nan,nan,nan,nan,nan
bursts T=120s w=0.12,2,cfp_narrow,120,0.12,True,0.1,0.0,4.15,no_bursts,42,3,3,2,0,0,0.6,0.6,1.0,0.05128205128205128,0.9914529914529915,0.07296270635294944,0,nan,nan,nan,nan,nan,nan,nan
bursts T=120s w=0.12,2,cfp_narrow,120,0.12,True,0.1,0.0,4.15,robust,110,10,3,2,7,0,0.6,0.6,0.3,0.02,0.981,0.1570766981262013,0,nan,nan,nan,nan,nan,nan,nan
bursts T=300s w=0.03,0,cch_hollow,300,0.03,True,0.1,0.0,0.01,all,240,24,15,0,9,0,1.0,1.0,0.625,0.0,0.9756944444444444,0.11521971384418705,0,nan,nan,nan,nan,nan,nan,nan
bursts T=300s w=0.03,0,cch_hollow,300,0.03,True,0.1,0.0,0.01,no_bursts,182,17,12,1,5,0,0.9230769230769231,0.9230769230769231,0.7058823529411765,0.006060606060606061,0.9953654188948307,0.13985688410255825,0,nan,nan,nan,nan,nan,nan,nan
bursts T=300s w=0.03,0,cch_hollow,300,0.03,True,0.1,0.0,0.01,robust,240,24,11,0,13,0,1.0,1.0,0.4583333333333333,0.0,0.9756944444444444,0.11521971384418705,0,nan,nan,nan,nan,nan,nan,nan
bursts T=300s w=0.03,0,cch_jitter,300,0.03,True,0.1,0.0,4.59,all,240,24,10,0,14,0,1.0,1.0,0.4166666666666667,0.0,0.9635416666666666,0.11224147254848393,0,nan,nan,nan,nan,nan,nan,nan
bursts T=300s w=0.03,0,cch_jitter,300,0.03,True,0.1,0.0,4.59,no_bursts,182,17,10,0,7,0,1.0,1.0,0.5882352941176471,0.0,0.9971479500891266,0.10224293287004071,0,nan,nan,nan,nan,nan,nan,nan
bursts T=300s w=0.03,0,cch_jitter,300,0.03,True,0.1,0.0,4.59,robust,240,24,6,0,18,0,1.0,1.0,0.25,0.0,0.9635416666666666,0.11419703112615176,0,nan,nan,nan,nan,nan,nan,nan
bursts T=300s w=0.03,0,sttc,300,0.03,True,0.1,0.0,7.73,all,120,22,6,0,16,0,1.0,1.0,0.2727272727272727,0.0,0.7987012987012987,nan,0,nan,nan,nan,nan,nan,nan,nan
bursts T=300s w=0.03,0,sttc,300,0.03,True,0.1,0.0,7.73,no_bursts,91,16,8,1,8,0,0.8888888888888888,0.8888888888888888,0.5,0.013333333333333334,0.9091666666666667,nan,0,nan,nan,nan,nan,nan,nan,nan
bursts T=300s w=0.03,0,sttc,300,0.03,True,0.1,0.0,7.73,robust,120,22,3,0,19,0,1.0,1.0,0.13636363636363635,0.0,0.7987012987012987,nan,0,nan,nan,nan,nan,nan,nan,nan
bursts T=300s w=0.03,0,tspe,300,0.03,True,0.1,0.0,11.81,all,240,24,2,0,22,0,1.0,1.0,0.08333333333333333,0.0,0.9095293209876543,0.2645851193012292,0,0,0,0,0,nan,nan,nan
bursts T=300s w=0.03,0,tspe,300,0.03,True,0.1,0.0,11.81,no_bursts,182,17,6,0,11,0,1.0,1.0,0.35294117647058826,0.0,0.9222816399286987,0.1769584612087196,0,0,1,0,0,0.0,nan,nan
bursts T=300s w=0.03,0,tspe,300,0.03,True,0.1,0.0,11.81,robust,240,24,0,0,24,0,nan,nan,0.0,0.0,0.9095293209876543,nan,0,0,0,0,0,nan,nan,nan
bursts T=300s w=0.03,0,tspe_noreverse,300,0.03,True,0.1,0.0,11.81,all,240,24,2,0,22,0,1.0,1.0,0.08333333333333333,0.0,0.9095293209876543,0.2645851193012292,0,0,0,0,0,nan,nan,nan
bursts T=300s w=0.03,0,tspe_noreverse,300,0.03,True,0.1,0.0,11.81,no_bursts,182,17,6,0,11,0,1.0,1.0,0.35294117647058826,0.0,0.9222816399286987,0.1769584612087196,0,0,1,0,0,0.0,nan,nan
bursts T=300s w=0.03,0,tspe_noreverse,300,0.03,True,0.1,0.0,11.81,robust,240,24,0,0,24,0,nan,nan,0.0,0.0,0.9095293209876543,nan,0,0,0,0,0,nan,nan,nan
bursts T=300s w=0.03,0,cfp,300,0.03,True,0.1,0.0,7.58,all,240,24,18,173,6,50,0.09424083769633508,0.35602094240837695,0.75,0.8009259259259259,0.8339120370370371,1.781321326498824,0,nan,nan,nan,nan,nan,nan,nan
bursts T=300s w=0.03,0,cfp,300,0.03,True,0.1,0.0,7.58,no_bursts,182,17,0,0,17,0,nan,nan,0.0,0.0,0.9490196078431372,nan,0,nan,nan,nan,nan,nan,nan,nan
bursts T=300s w=0.03,0,cfp,300,0.03,True,0.1,0.0,7.58,robust,240,24,0,0,24,0,nan,nan,0.0,0.0,0.8339120370370371,nan,0,nan,nan,nan,nan,nan,nan,nan
bursts T=300s w=0.03,0,cfp_narrow,300,0.03,True,0.1,0.0,7.58,all,240,24,24,179,0,52,0.11822660098522167,0.37438423645320196,1.0,0.8287037037037037,0.8339120370370371,1.3867340887362738,0,nan,nan,nan,nan,nan,nan,nan
bursts T=300s w=0.03,0,cfp_narrow,300,0.03,True,0.1,0.0,7.58,no_bursts,182,17,13,1,4,0,0.9285714285714286,0.9285714285714286,0.7647058823529411,0.006060606060606061,0.9490196078431372,0.17478723896674397,0,nan,nan,nan,nan,nan,nan,nan
bursts T=300s w=0.03,0,cfp_narrow,300,0.03,True,0.1,0.0,7.58,robust,240,24,13,1,11,0,0.9285714285714286,0.9285714285714286,0.5416666666666666,0.004629629629629629,0.8339120370370371,1.5855059456366745,0,nan,nan,nan,nan,nan,nan,nan
bursts T=300s w=0.03,1,cch_hollow,300,0.03,True,0.1,0.0,0.01,all,240,27,12,0,15,0,1.0,1.0,0.4444444444444444,0.0,0.9193183794122761,0.16376601822841141,0,nan,nan,nan,nan,nan,nan,nan
bursts T=300s w=0.03,1,cch_hollow,300,0.03,True,0.1,0.0,0.01,no_bursts,156,16,11,0,5,0,1.0,1.0,0.6875,0.0,0.9564732142857143,0.10228850891582031,0,nan,nan,nan,nan,nan,nan,nan
bursts T=300s w=0.03,1,cch_hollow,300,0.03,True,0.1,0.0,0.01,robust,240,27,9,0,18,0,1.0,1.0,0.3333333333333333,0.0,0.9193183794122761,0.16021941315633526,0,nan,nan,nan,nan,nan,nan,nan
bursts T=300s w=0.03,1,cch_jitter,300,0.03,True,0.1,0.0,4.09,all,240,27,4,0,23,0,1.0,1.0,0.14814814814814814,0.0,0.9069727003999305,0.14960347146980135,0,nan,nan,nan,nan,nan,nan,nan
bursts T=300s w=0.03,1,cch_jitter,300,0.03,True,0.1,0.0,4.09,no_bursts,156,16,7,0,9,0,1.0,1.0,0.4375,0.0,0.9475446428571429,0.10228850891582031,0,nan,nan,nan,nan,nan,nan,nan
bursts T=300s w=0.03,1,cch_jitter,300,0.03,True,0.1,0.0,4.09,robust,240,27,2,0,25,0,1.0,1.0,0.07407407407407407,0.0,0.9069727003999305,0.10044157963105871,0,nan,nan,nan,nan,nan,nan,nan
bursts T=300s w=0.03,1,sttc,300,0.03,True,0.1,0.0,6.95,all,120,25,3,0,22,0,1.0,1.0,0.12,0.0,0.8130526315789474,nan,0,nan,nan,nan,nan,nan,nan,nan
bursts T=300s w=0.03,1,sttc,300,0.03,True,0.1,0.0,6.95,no_bursts,78,15,2,0,13,0,1.0,1.0,0.13333333333333333,0.0,0.8455026455026455,nan,0,nan,nan,nan,nan,nan,nan,nan
bursts T=300s w=0.03,1,sttc,300,0.03,True,0.1,0.0,6.95,robust,120,25,1,0,24,0,1.0,1.0,0.04,0.0,0.8130526315789474,nan,0,nan,nan,nan,nan,nan,nan,nan
bursts T=300s w=0.03,1,tspe,300,0.03,True,0.1,0.0,12.02,all,240,27,1,0,26,0,1.0,1.0,0.037037037037037035,0.0,0.8271604938271605,0.3485946503462971,0,0,0,0,0,nan,nan,nan
bursts T=300s w=0.03,1,tspe,300,0.03,True,0.1,0.0,12.02,no_bursts,156,16,3,0,13,0,1.0,1.0,0.1875,0.0,0.8883928571428571,0.3485946503462971,0,0,0,0,0,nan,nan,nan
bursts T=300s w=0.03,1,tspe,300,0.03,True,0.1,0.0,12.02,robust,240,27,1,0,26,0,1.0,1.0,0.037037037037037035,0.0,0.8271604938271605,0.3485946503462971,0,0,0,0,0,nan,nan,nan
bursts T=300s w=0.03,1,tspe_noreverse,300,0.03,True,0.1,0.0,12.02,all,240,27,1,0,26,0,1.0,1.0,0.037037037037037035,0.0,0.8271604938271605,0.3485946503462971,0,0,0,0,0,nan,nan,nan
bursts T=300s w=0.03,1,tspe_noreverse,300,0.03,True,0.1,0.0,12.02,no_bursts,156,16,3,0,13,0,1.0,1.0,0.1875,0.0,0.8883928571428571,0.3485946503462971,0,0,0,0,0,nan,nan,nan
bursts T=300s w=0.03,1,tspe_noreverse,300,0.03,True,0.1,0.0,12.02,robust,240,27,1,0,26,0,1.0,1.0,0.037037037037037035,0.0,0.8271604938271605,0.3485946503462971,0,0,0,0,0,nan,nan,nan
bursts T=300s w=0.03,1,cfp,300,0.03,True,0.1,0.0,7.5,all,240,27,16,153,11,45,0.09467455621301775,0.3609467455621302,0.5925925925925926,0.7183098591549296,0.8108155103460267,2.2085501880384877,0,nan,nan,nan,nan,nan,nan,nan
bursts T=300s w=0.03,1,cfp,300,0.03,True,0.1,0.0,7.5,no_bursts,156,16,0,0,16,0,nan,nan,0.0,0.0,0.81875,nan,0,nan,nan,nan,nan,nan,nan,nan
bursts T=300s w=0.03,1,cfp,300,0.03,True,0.1,0.0,7.5,robust,240,27,0,0,27,0,nan,nan,0.0,0.0,0.8108155103460267,nan,0,nan,nan,nan,nan,nan,nan,nan
bursts T=300s w=0.03,1,cfp_narrow,300,0.03,True,0.1,0.0,7.5,all,240,27,26,172,1,50,0.13131313131313133,0.3838383838383838,0.9629629629629629,0.8075117370892019,0.8108155103460267,1.5786600388835175,0,nan,nan,nan,nan,nan,nan,nan
bursts T=300s w=0.03,1,cfp_narrow,300,0.03,True,0.1,0.0,7.5,no_bursts,156,16,11,0,5,0,1.0,1.0,0.6875,0.0,0.81875,0.12662105837060178,0,nan,nan,nan,nan,nan,nan,nan
bursts T=300s w=0.03,1,cfp_narrow,300,0.03,True,0.1,0.0,7.5,robust,240,27,11,0,16,0,1.0,1.0,0.4074074074074074,0.0,0.8108155103460267,0.4074668466685263,0,nan,nan,nan,nan,nan,nan,nan
bursts T=300s w=0.03,2,cch_hollow,300,0.03,True,0.1,0.0,0.01,all,240,24,10,0,14,0,1.0,1.0,0.4166666666666667,0.0,0.8807870370370371,0.054379303388910394,0,nan,nan,nan,nan,nan,nan,nan
bursts T=300s w=0.03,2,cch_hollow,300,0.03,True,0.1,0.0,0.01,no_bursts,156,13,10,0,3,0,1.0,1.0,0.7692307692307693,0.0,0.9973103819257665,0.054379303388910394,0,nan,nan,nan,nan,nan,nan,nan
bursts T=300s w=0.03,2,cch_hollow,300,0.03,True,0.1,0.0,0.01,robust,240,24,8,0,16,0,1.0,1.0,0.3333333333333333,0.0,0.8807870370370371,0.054379303388910394,0,nan,nan,nan,nan,nan,nan,nan
bursts T=300s w=0.03,2,cch_jitter,300,0.03,True,0.1,0.0,4.24,all,240,24,7,0,17,0,1.0,1.0,0.2916666666666667,0.0,0.9367283950617284,0.11996953058302084,0,nan,nan,nan,nan,nan,nan,nan
bursts T=300s w=0.03,2,cch_jitter,300,0.03,True,0.1,0.0,4.24,no_bursts,156,13,7,0,6,0,1.0,1.0,0.5384615384615384,0.0,0.9935449166218397,0.058434479002265505,0,nan,nan,nan,nan,nan,nan,nan
bursts T=300s w=0.03,2,cch_jitter,300,0.03,True,0.1,0.0,4.24,robust,240,24,6,0,18,0,1.0,1.0,0.25,0.0,0.9367283950617284,0.08920200479264317,0,nan,nan,nan,nan,nan,nan,nan
bursts T=300s w=0.03,2,sttc,300,0.03,True,0.1,0.0,7.11,all,120,22,4,0,18,0,1.0,1.0,0.18181818181818182,0.0,0.8024118738404453,nan,0,nan,nan,nan,nan,nan,nan,nan
bursts T=300s w=0.03,2,sttc,300,0.03,True,0.1,0.0,7.11,no_bursts,78,11,3,0,8,0,1.0,1.0,0.2727272727272727,0.0,0.9674355495251018,nan,0,nan,nan,nan,nan,nan,nan,nan
bursts T=300s w=0.03,2,sttc,300,0.03,True,0.1,0.0,7.11,robust,120,22,2,0,20,0,1.0,1.0,0.09090909090909091,0.0,0.8024118738404453,nan,0,nan,nan,nan,nan,nan,nan,nan
bursts T=300s w=0.03,2,tspe,300,0.03,True,0.1,0.0,12.29,all,240,24,2,0,22,0,1.0,1.0,0.08333333333333333,0.0,0.7791280864197531,0.28076752579037767,0,0,0,0,0,nan,nan,nan
bursts T=300s w=0.03,2,tspe,300,0.03,True,0.1,0.0,12.29,no_bursts,156,13,7,0,6,0,1.0,1.0,0.5384615384615384,0.0,0.9220010758472297,0.19967587222444472,0,0,1,0,0,0.0,nan,nan
bursts T=300s w=0.03,2,tspe,300,0.03,True,0.1,0.0,12.29,robust,240,24,2,0,22,0,1.0,1.0,0.08333333333333333,0.0,0.7791280864197531,0.28076752579037767,0,0,0,0,0,nan,nan,nan
bursts T=300s w=0.03,2,tspe_noreverse,300,0.03,True,0.1,0.0,12.29,all,240,24,2,0,22,0,1.0,1.0,0.08333333333333333,0.0,0.7791280864197531,0.28076752579037767,0,0,0,0,0,nan,nan,nan
bursts T=300s w=0.03,2,tspe_noreverse,300,0.03,True,0.1,0.0,12.29,no_bursts,156,13,7,0,6,0,1.0,1.0,0.5384615384615384,0.0,0.9220010758472297,0.19967587222444472,0,0,1,0,0,0.0,nan,nan
bursts T=300s w=0.03,2,tspe_noreverse,300,0.03,True,0.1,0.0,12.29,robust,240,24,2,0,22,0,1.0,1.0,0.08333333333333333,0.0,0.7791280864197531,0.28076752579037767,0,0,0,0,0,nan,nan,nan
bursts T=300s w=0.03,2,cfp,300,0.03,True,0.1,0.0,8.52,all,240,24,15,156,9,38,0.08771929824561403,0.30994152046783624,0.625,0.7222222222222222,0.7098765432098766,2.2297683706354814,0,nan,nan,nan,nan,nan,nan,nan
bursts T=300s w=0.03,2,cfp,300,0.03,True,0.1,0.0,8.52,no_bursts,156,13,0,0,13,0,nan,nan,0.0,0.0,0.9752555137170522,nan,0,nan,nan,nan,nan,nan,nan,nan
bursts T=300s w=0.03,2,cfp,300,0.03,True,0.1,0.0,8.52,robust,240,24,0,0,24,0,nan,nan,0.0,0.0,0.7098765432098766,nan,0,nan,nan,nan,nan,nan,nan,nan
bursts T=300s w=0.03,2,cfp_narrow,300,0.03,True,0.1,0.0,8.52,all,240,24,23,168,1,41,0.12041884816753927,0.33507853403141363,0.9583333333333334,0.7777777777777778,0.7098765432098766,1.6087945121359648,0,nan,nan,nan,nan,nan,nan,nan
bursts T=300s w=0.03,2,cfp_narrow,300,0.03,True,0.1,0.0,8.52,no_bursts,156,13,9,0,4,0,1.0,1.0,0.6923076923076923,0.0,0.9752555137170522,0.1359926120555386,0,nan,nan,nan,nan,nan,nan,nan
bursts T=300s w=0.03,2,cfp_narrow,300,0.03,True,0.1,0.0,8.52,robust,240,24,9,0,15,0,1.0,1.0,0.375,0.0,0.7098765432098766,1.6087945121359648,0,nan,nan,nan,nan,nan,nan,nan
bursts T=300s w=0.06,0,cch_hollow,300,0.06,True,0.1,0.0,0.01,all,240,24,20,0,4,0,1.0,1.0,0.8333333333333334,0.0,0.998070987654321,0.12002485923542006,0,nan,nan,nan,nan,nan,nan,nan
bursts T=300s w=0.06,0,cch_hollow,300,0.06,True,0.1,0.0,0.01,no_bursts,210,21,17,0,4,0,1.0,1.0,0.8095238095238095,0.0,1.0,0.11521971384418705,0,nan,nan,nan,nan,nan,nan,nan
bursts T=300s w=0.06,0,cch_hollow,300,0.06,True,0.1,0.0,0.01,robust,240,24,17,0,7,0,1.0,1.0,0.7083333333333334,0.0,0.998070987654321,0.11521971384418705,0,nan,nan,nan,nan,nan,nan,nan
bursts T=300s w=0.06,0,cch_jitter,300,0.06,True,0.1,0.0,4.98,all,240,24,21,0,3,0,1.0,1.0,0.875,0.0,0.9728009259259259,0.12682659184971312,0,nan,nan,nan,nan,nan,nan,nan
bursts T=300s w=0.06,0,cch_jitter,300,0.06,True,0.1,0.0,4.98,no_bursts,210,21,19,0,2,0,1.0,1.0,0.9047619047619048,0.0,1.0,0.12682659184971312,0,nan,nan,nan,nan,nan,nan,nan
bursts T=300s w=0.06,0,cch_jitter,300,0.06,True,0.1,0.0,4.98,robust,240,24,19,0,5,0,1.0,1.0,0.7916666666666666,0.0,0.9728009259259259,0.12682659184971312,0,nan,nan,nan,nan,nan,nan,nan
bursts T=300s w=0.06,0,sttc,300,0.06,True,0.1,0.0,8.28,all,120,22,16,0,6,0,1.0,1.0,0.7272727272727273,0.0,0.9670686456400742,nan,0,nan,nan,nan,nan,nan,nan,nan
bursts T=300s w=0.06,0,sttc,300,0.06,True,0.1,0.0,8.28,no_bursts,105,20,18,1,2,0,0.9473684210526315,0.9473684210526315,0.9,0.011764705882352941,0.9594117647058824,nan,0,nan,nan,nan,nan,nan,nan,nan
bursts T=300s w=0.06,0,sttc,300,0.06,True,0.1,0.0,8.28,robust,120,22,14,0,8,0,1.0,1.0,0.6363636363636364,0.0,0.9670686456400742,nan,0,nan,nan,nan,nan,nan,nan,nan
bursts T=300s w=0.06,0,tspe,300,0.06,True,0.1,0.0,12.3,all,240,24,12,0,12,0,1.0,1.0,0.5,0.0,0.9160879629629629,0.23213015705004025,0,0,0,0,0,nan,nan,nan
bursts T=300s w=0.06,0,tspe,300,0.06,True,0.1,0.0,12.3,no_bursts,210,21,16,0,5,0,1.0,1.0,0.7619047619047619,0.0,0.9536407155454775,0.2416676773479569,0,0,3,0,2,0.0,nan,nan
bursts T=300s w=0.06,0,tspe,300,0.06,True,0.1,0.0,12.3,robust,240,24,11,0,13,0,1.0,1.0,0.4583333333333333,0.0,0.9160879629629629,0.208995407291094,0,0,0,0,0,nan,nan,nan
bursts T=300s w=0.06,0,tspe_noreverse,300,0.06,True,0.1,0.0,12.3,all,240,24,12,0,12,0,1.0,1.0,0.5,0.0,0.9160879629629629,0.23213015705004025,0,0,0,0,0,nan,nan,nan
bursts T=300s w=0.06,0,tspe_noreverse,300,0.06,True,0.1,0.0,12.3,no_bursts,210,21,16,0,5,0,1.0,1.0,0.7619047619047619,0.0,0.9536407155454775,0.2416676773479569,0,0,1,0,0,0.0,nan,nan
bursts T=300s w=0.06,0,tspe_noreverse,300,0.06,True,0.1,0.0,12.3,robust,240,24,11,0,13,0,1.0,1.0,0.4583333333333333,0.0,0.9160879629629629,0.208995407291094,0,0,0,0,0,nan,nan,nan
bursts T=300s w=0.06,0,cfp,300,0.06,True,0.1,0.0,8.13,all,240,24,11,182,13,53,0.05699481865284974,0.3316062176165803,0.4583333333333333,0.8425925925925926,0.9382716049382716,1.946407942777138,0,nan,nan,nan,nan,nan,nan,nan
bursts T=300s w=0.06,0,cfp,300,0.06,True,0.1,0.0,8.13,no_bursts,210,21,0,0,21,0,nan,nan,0.0,0.0,0.999244142101285,nan,0,nan,nan,nan,nan,nan,nan,nan
bursts T=300s w=0.06,0,cfp,300,0.06,True,0.1,0.0,8.13,robust,240,24,0,0,24,0,nan,nan,0.0,0.0,0.9382716049382716,nan,0,nan,nan,nan,nan,nan,nan,nan
bursts T=300s w=0.06,0,cfp_narrow,300,0.06,True,0.1,0.0,8.13,all,240,24,24,187,0,56,0.11374407582938388,0.3791469194312796,1.0,0.8657407407407407,0.9382716049382716,0.2505151574855339,0,nan,nan,nan,nan,nan,nan,nan
bursts T=300s w=0.06,0,cfp_narrow,300,0.06,True,0.1,0.0,8.13,no_bursts,210,21,21,2,0,2,0.9130434782608695,1.0,1.0,0.010582010582010581,0.999244142101285,0.11252717193409278,0,nan,nan,nan,nan,nan,nan,nan
bursts T=300s w=0.06,0,cfp_narrow,300,0.06,True,0.1,0.0,8.13,robust,240,24,21,2,3,2,0.9130434782608695,1.0,0.875,0.009259259259259259,0.9382716049382716,0.2350738957552625,0,nan,nan,nan,nan,nan,nan,nan
bursts T=300s w=0.06,1,cch_hollow,300,0.06,True,0.1,0.0,0.01,all,240,27,20,0,7,0,1.0,1.0,0.7407407407407407,0.0,0.981394540079986,0.16247990502407894,0,nan,nan,nan,nan,nan,nan,nan
bursts T=300s w=0.06,1,cch_hollow,300,0.06,True,0.1,0.0,0.01,no_bursts,182,20,17,0,3,0,1.0,1.0,0.85,0.0,0.9996913580246913,0.16474039689182263,0,nan,nan,nan,nan,nan,nan,nan
bursts T=300s w=0.06,1,cch_hollow,300,0.06,True,0.1,0.0,0.01,robust,240,27,16,0,11,0,1.0,1.0,0.5925925925925926,0.0,0.981394540079986,0.15080182567297118,0,nan,nan,nan,nan,nan,nan,nan
bursts T=300s w=0.06,1,cch_jitter,300,0.06,True,0.1,0.0,4.41,all,240,27,19,0,8,0,1.0,1.0,0.7037037037037037,0.0,0.9643540253868892,0.16021941315633526,0,nan,nan,nan,nan,nan,nan,nan
bursts T=300s w=0.06,1,cch_jitter,300,0.06,True,0.1,0.0,4.41,no_bursts,182,20,15,0,5,0,1.0,1.0,0.75,0.0,0.9990740740740741,0.1413842381896071,0,nan,nan,nan,nan,nan,nan,nan
bursts T=300s w=0.06,1,cch_jitter,300,0.06,True,0.1,0.0,4.41,robust,240,27,15,0,12,0,1.0,1.0,0.5555555555555556,0.0,0.9643540253868892,0.1413842381896071,0,nan,nan,nan,nan,nan,nan,nan
bursts T=300s w=0.06,1,sttc,300,0.06,True,0.1,0.0,7.61,all,120,25,14,1,11,0,0.9333333333333333,0.9333333333333333,0.56,0.010526315789473684,0.9010526315789473,nan,0,nan,nan,nan,nan,nan,nan,nan
bursts T=300s w=0.06,1,sttc,300,0.06,True,0.1,0.0,7.61,no_bursts,91,19,11,1,8,1,0.9166666666666666,1.0,0.5789473684210527,0.013888888888888888,0.9327485380116959,nan,0,nan,nan,nan,nan,nan,nan,nan
bursts T=300s w=0.06,1,sttc,300,0.06,True,0.1,0.0,7.61,robust,120,25,10,0,15,0,1.0,1.0,0.4,0.0,0.9010526315789473,nan,0,nan,nan,nan,nan,nan,nan,nan
bursts T=300s w=0.06,1,tspe,300,0.06,True,0.1,0.0,11.75,all,240,27,10,0,17,0,1.0,1.0,0.37037037037037035,0.0,0.8916710137367414,0.2818777849271594,0,0,0,0,0,nan,nan,nan
bursts T=300s w=0.06,1,tspe,300,0.06,True,0.1,0.0,11.75,no_bursts,182,20,15,0,5,0,1.0,1.0,0.75,0.0,0.9814814814814815,0.21516091950802174,0,0,2,0,0,0.0,nan,nan
bursts T=300s w=0.06,1,tspe,300,0.06,True,0.1,0.0,11.75,robust,240,27,8,0,19,0,1.0,1.0,0.2962962962962963,0.0,0.8916710137367414,0.2818777849271594,0,0,0,0,0,nan,nan,nan
bursts T=300s w=0.06,1,tspe_noreverse,300,0.06,True,0.1,0.0,11.75,all,240,27,10,0,17,0,1.0,1.0,0.37037037037037035,0.0,0.8916710137367414,0.2818777849271594,0,0,0,0,0,nan,nan,nan
bursts T=300s w=0.06,1,tspe_noreverse,300,0.06,True,0.1,0.0,11.75,no_bursts,182,20,15,0,5,0,1.0,1.0,0.75,0.0,0.9814814814814815,0.21516091950802174,0,0,2,0,0,0.0,nan,nan
bursts T=300s w=0.06,1,tspe_noreverse,300,0.06,True,0.1,0.0,11.75,robust,240,27,8,0,19,0,1.0,1.0,0.2962962962962963,0.0,0.8916710137367414,0.2818777849271594,0,0,0,0,0,nan,nan,nan
bursts T=300s w=0.06,1,cfp,300,0.06,True,0.1,0.0,7.65,all,240,27,11,173,16,51,0.059782608695652176,0.33695652173913043,0.4074074074074074,0.812206572769953,0.9123630672926447,2.0852596031081774,0,nan,nan,nan,nan,nan,nan,nan
bursts T=300s w=0.06,1,cfp,300,0.06,True,0.1,0.0,7.65,no_bursts,182,20,0,0,20,0,nan,nan,0.0,0.0,0.9712962962962963,nan,0,nan,nan,nan,nan,nan,nan,nan
bursts T=300s w=0.06,1,cfp,300,0.06,True,0.1,0.0,7.65,robust,240,27,0,0,27,0,nan,nan,0.0,0.0,0.9123630672926447,nan,0,nan,nan,nan,nan,nan,nan,nan
bursts T=300s w=0.06,1,cfp_narrow,300,0.06,True,0.1,0.0,7.65,all,240,27,27,188,0,54,0.12558139534883722,0.3767441860465116,1.0,0.8826291079812206,0.9123630672926447,0.25456352290780737,0,nan,nan,nan,nan,nan,nan,nan
bursts T=300s w=0.06,1,cfp_narrow,300,0.06,True,0.1,0.0,7.65,no_bursts,182,20,17,0,3,0,1.0,1.0,0.85,0.0,0.9712962962962963,0.14965233623896124,0,nan,nan,nan,nan,nan,nan,nan
bursts T=300s w=0.06,1,cfp_narrow,300,0.06,True,0.1,0.0,7.65,robust,240,27,17,0,10,0,1.0,1.0,0.6296296296296297,0.0,0.9123630672926447,0.2497467628809087,0,nan,nan,nan,nan,nan,nan,nan
bursts T=300s w=0.06,2,cch_hollow,300,0.06,True,0.1,0.0,0.01,all,240,24,21,0,3,0,1.0,1.0,0.875,0.0,0.9905478395061729,0.058434479002265505,0,nan,nan,nan,nan,nan,nan,nan
bursts T=300s w=0.06,2,cch_hollow,300,0.06,True,0.1,0.0,0.01,no_bursts,182,16,16,1,0,0,0.9411764705882353,0.9411764705882353,1.0,0.006024096385542169,1.0,0.07901286331998758,0,nan,nan,nan,nan,nan,nan,nan
bursts T=300s w=0.06,2,cch_hollow,300,0.06,True,0.1,0.0,0.01,robust,240,24,15,0,9,0,1.0,1.0,0.625,0.0,0.9905478395061729,0.09959124763770966,0,nan,nan,nan,nan,nan,nan,nan
bursts T=300s w=0.06,2,cch_jitter,300,0.06,True,0.1,0.0,4.6,all,240,24,17,1,7,0,0.9444444444444444,0.9444444444444444,0.7083333333333334,0.004629629629629629,0.9945987654320988,0.05746614839571684,0,nan,nan,nan,nan,nan,nan,nan
bursts T=300s w=0.06,2,cch_jitter,300,0.06,True,0.1,0.0,4.6,no_bursts,182,16,12,0,4,0,1.0,1.0,0.75,0.0,0.9988704819277109,0.055714093299049416,0,nan,nan,nan,nan,nan,nan,nan
bursts T=300s w=0.06,2,cch_jitter,300,0.06,True,0.1,0.0,4.6,robust,240,24,11,0,13,0,1.0,1.0,0.4583333333333333,0.0,0.9945987654320988,0.058434479002265505,0,nan,nan,nan,nan,nan,nan,nan
bursts T=300s w=0.06,2,sttc,300,0.06,True,0.1,0.0,7.71,all,120,22,9,0,13,0,1.0,1.0,0.4090909090909091,0.0,0.9188311688311688,nan,0,nan,nan,nan,nan,nan,nan,nan
bursts T=300s w=0.06,2,sttc,300,0.06,True,0.1,0.0,7.71,no_bursts,91,14,11,0,3,0,1.0,1.0,0.7857142857142857,0.0,0.9749536178107606,nan,0,nan,nan,nan,nan,nan,nan,nan
bursts T=300s w=0.06,2,sttc,300,0.06,True,0.1,0.0,7.71,robust,120,22,8,0,14,0,1.0,1.0,0.36363636363636365,0.0,0.9188311688311688,nan,0,nan,nan,nan,nan,nan,nan,nan
bursts T=300s w=0.06,2,tspe,300,0.06,True,0.1,0.0,12.0,all,240,24,11,0,13,0,1.0,1.0,0.4583333333333333,0.0,0.9440586419753086,0.19967587222444472,0,0,0,0,0,nan,nan,nan
bursts T=300s w=0.06,2,tspe,300,0.06,True,0.1,0.0,12.0,no_bursts,182,16,10,0,6,0,1.0,1.0,0.625,0.0,0.9909638554216867,0.1983410823143057,0,0,2,0,1,0.0,nan,nan
bursts T=300s w=0.06,2,tspe,300,0.06,True,0.1,0.0,12.0,robust,240,24,9,0,15,0,1.0,1.0,0.375,0.0,0.9440586419753086,0.19967587222444472,0,0,0,0,0,nan,nan,nan
bursts T=300s w=0.06,2,tspe_noreverse,300,0.06,True,0.1,0.0,12.0,all,240,24,11,0,13,0,1.0,1.0,0.4583333333333333,0.0,0.9440586419753086,0.19967587222444472,0,0,0,0,0,nan,nan,nan
bursts T=300s w=0.06,2,tspe_noreverse,300,0.06,True,0.1,0.0,12.0,no_bursts,182,16,10,0,6,0,1.0,1.0,0.625,0.0,0.9909638554216867,0.1983410823143057,0,0,1,0,0,0.0,nan,nan
bursts T=300s w=0.06,2,tspe_noreverse,300,0.06,True,0.1,0.0,12.0,robust,240,24,9,0,15,0,1.0,1.0,0.375,0.0,0.9440586419753086,0.19967587222444472,0,0,0,0,0,nan,nan,nan
bursts T=300s w=0.06,2,cfp,300,0.06,True,0.1,0.0,7.92,all,240,24,8,156,16,36,0.04878048780487805,0.2682926829268293,0.3333333333333333,0.7222222222222222,0.9157021604938271,2.2071289671357297,0,nan,nan,nan,nan,nan,nan,nan
bursts T=300s w=0.06,2,cfp,300,0.06,True,0.1,0.0,7.92,no_bursts,182,16,0,0,16,0,nan,nan,0.0,0.0,0.9928463855421686,nan,0,nan,nan,nan,nan,nan,nan,nan
bursts T=300s w=0.06,2,cfp,300,0.06,True,0.1,0.0,7.92,robust,240,24,0,0,24,0,nan,nan,0.0,0.0,0.9157021604938271,nan,0,nan,nan,nan,nan,nan,nan,nan
bursts T=300s w=0.06,2,cfp_narrow,300,0.06,True,0.1,0.0,7.92,all,240,24,24,166,0,40,0.12631578947368421,0.3368421052631579,1.0,0.7685185185185185,0.9157021604938271,0.27132692396379254,0,nan,nan,nan,nan,nan,nan,nan
bursts T=300s w=0.06,2,cfp_narrow,300,0.06,True,0.1,0.0,7.92,no_bursts,182,16,14,0,2,0,1.0,1.0,0.875,0.0,0.9928463855421686,0.19540071955205907,0,nan,nan,nan,nan,nan,nan,nan
bursts T=300s w=0.06,2,cfp_narrow,300,0.06,True,0.1,0.0,7.92,robust,240,24,14,0,10,0,1.0,1.0,0.5833333333333334,0.0,0.9157021604938271,0.24138947299877045,0,nan,nan,nan,nan,nan,nan,nan
bursts T=300s w=0.12,0,cch_hollow,300,0.12,True,0.1,0.0,0.01,all,240,24,20,1,4,1,0.9523809523809523,1.0,0.8333333333333334,0.004629629629629629,0.9996141975308642,0.12002485923542006,0,nan,nan,nan,nan,nan,nan,nan
bursts T=300s w=0.12,0,cch_hollow,300,0.12,True,0.1,0.0,0.01,no_bursts,240,24,20,6,4,6,0.7692307692307693,1.0,0.8333333333333334,0.027777777777777776,0.9990354938271605,0.12002485923542006,0,nan,nan,nan,nan,nan,nan,nan
bursts T=300s w=0.12,0,cch_hollow,300,0.12,True,0.1,0.0,0.01,robust,240,24,20,1,4,1,0.9523809523809523,1.0,0.8333333333333334,0.004629629629629629,0.9996141975308642,0.12002485923542006,0,nan,nan,nan,nan,nan,nan,nan
bursts T=300s w=0.12,0,cch_jitter,300,0.12,True,0.1,0.0,5.65,all,240,24,23,1,1,1,0.9583333333333334,1.0,0.9583333333333334,0.004629629629629629,0.9872685185185185,0.12483000462665306,0,nan,nan,nan,nan,nan,nan,nan
bursts T=300s w=0.12,0,cch_jitter,300,0.12,True,0.1,0.0,5.65,no_bursts,240,24,23,2,1,2,0.92,1.0,0.9583333333333334,0.009259259259259259,0.9888117283950617,0.12483000462665306,0,nan,nan,nan,nan,nan,nan,nan
bursts T=300s w=0.12,0,cch_jitter,300,0.12,True,0.1,0.0,5.65,robust,240,24,23,1,1,1,0.9583333333333334,1.0,0.9583333333333334,0.004629629629629629,0.9872685185185185,0.12483000462665306,0,nan,nan,nan,nan,nan,nan,nan
bursts T=300s w=0.12,0,sttc,300,0.12,True,0.1,0.0,9.14,all,120,22,21,3,1,3,0.875,1.0,0.9545454545454546,0.030612244897959183,0.9967532467532467,nan,0,nan,nan,nan,nan,nan,nan,nan
bursts T=300s w=0.12,0,sttc,300,0.12,True,0.1,0.0,9.14,no_bursts,120,22,22,7,0,5,0.7586206896551724,0.9310344827586207,1.0,0.07142857142857142,0.99860853432282,nan,0,nan,nan,nan,nan,nan,nan,nan
bursts T=300s w=0.12,0,sttc,300,0.12,True,0.1,0.0,9.14,robust,120,22,21,3,1,3,0.875,1.0,0.9545454545454546,0.030612244897959183,0.9967532467532467,nan,0,nan,nan,nan,nan,nan,nan,nan
bursts T=300s w=0.12,0,tspe,300,0.12,True,0.1,0.0,12.37,all,240,24,22,0,2,0,1.0,1.0,0.9166666666666666,0.0,0.9596836419753086,0.22462417887241237,0,0,3,0,3,0.0,nan,nan
bursts T=300s w=0.12,0,tspe,300,0.12,True,0.1,0.0,12.37,no_bursts,240,24,22,3,2,3,0.88,1.0,0.9166666666666666,0.013888888888888888,0.9594907407407407,0.22462417887241237,0,0,11,0,8,0.0,nan,nan
bursts T=300s w=0.12,0,tspe,300,0.12,True,0.1,0.0,12.37,robust,240,24,22,0,2,0,1.0,1.0,0.9166666666666666,0.0,0.9596836419753086,0.22462417887241237,0,0,3,0,3,0.0,nan,nan
bursts T=300s w=0.12,0,tspe_noreverse,300,0.12,True,0.1,0.0,12.37,all,240,24,22,0,2,0,1.0,1.0,0.9166666666666666,0.0,0.9596836419753086,0.22462417887241237,0,0,0,0,0,nan,nan,nan
bursts T=300s w=0.12,0,tspe_noreverse,300,0.12,True,0.1,0.0,12.37,no_bursts,240,24,22,3,2,3,0.88,1.0,0.9166666666666666,0.013888888888888888,0.9594907407407407,0.22462417887241237,0,0,3,0,0,0.0,nan,nan
bursts T=300s w=0.12,0,tspe_noreverse,300,0.12,True,0.1,0.0,12.37,robust,240,24,22,0,2,0,1.0,1.0,0.9166666666666666,0.0,0.9596836419753086,0.22462417887241237,0,0,0,0,0,nan,nan,nan
bursts T=300s w=0.12,0,cfp,300,0.12,True,0.1,0.0,8.62,all,240,24,1,190,23,55,0.005235602094240838,0.2931937172774869,0.041666666666666664,0.8796296296296297,0.9664351851851852,2.634780286155813,0,nan,nan,nan,nan,nan,nan,nan
bursts T=300s w=0.12,0,cfp,300,0.12,True,0.1,0.0,8.62,no_bursts,240,24,0,0,24,0,nan,nan,0.0,0.0,0.9998070987654321,nan,0,nan,nan,nan,nan,nan,nan,nan
bursts T=300s w=0.12,0,cfp,300,0.12,True,0.1,0.0,8.62,robust,240,24,0,0,24,0,nan,nan,0.0,0.0,0.9664351851851852,nan,0,nan,nan,nan,nan,nan,nan,nan
bursts T=300s w=0.12,0,cfp_narrow,300,0.12,True,0.1,0.0,8.62,all,240,24,24,198,0,58,0.10810810810810811,0.36936936936936937,1.0,0.9166666666666666,0.9664351851851852,0.1277813564854965,0,nan,nan,nan,nan,nan,nan,nan
bursts T=300s w=0.12,0,cfp_narrow,300,0.12,True,0.1,0.0,8.62,no_bursts,240,24,24,12,0,11,0.6666666666666666,0.9722222222222222,1.0,0.05555555555555555,0.9998070987654321,0.12794512679982017,0,nan,nan,nan,nan,nan,nan,nan
bursts T=300s w=0.12,0,cfp_narrow,300,0.12,True,0.1,0.0,8.62,robust,240,24,24,12,0,11,0.6666666666666666,0.9722222222222222,1.0,0.05555555555555555,0.9664351851851852,0.1277813564854965,0,nan,nan,nan,nan,nan,nan,nan
bursts T=300s w=0.12,1,cch_hollow,300,0.12,True,0.1,0.0,0.01,all,240,27,24,1,3,1,0.96,1.0,0.8888888888888888,0.004694835680751174,1.0,0.15080182567297118,0,nan,nan,nan,nan,nan,nan,nan
bursts T=300s w=0.12,1,cch_hollow,300,0.12,True,0.1,0.0,0.01,no_bursts,240,27,25,1,2,1,0.9615384615384616,1.0,0.9259259259259259,0.004694835680751174,1.0,0.1413842381896071,0,nan,nan,nan,nan,nan,nan,nan
bursts T=300s w=0.12,1,cch_hollow,300,0.12,True,0.1,0.0,0.01,robust,240,27,24,0,3,0,1.0,1.0,0.8888888888888888,0.0,1.0,0.15080182567297118,0,nan,nan,nan,nan,nan,nan,nan
bursts T=300s w=0.12,1,cch_jitter,300,0.12,True,0.1,0.0,5.13,all,240,27,27,1,0,1,0.9642857142857143,1.0,1.0,0.004694835680751174,0.9996522343940184,0.12500847586886343,0,nan,nan,nan,nan,nan,nan,nan
bursts T=300s w=0.12,1,cch_jitter,300,0.12,True,0.1,0.0,5.13,no_bursts,240,27,25,0,2,0,1.0,1.0,0.9259259259259259,0.0,1.0,0.1413842381896071,0,nan,nan,nan,nan,nan,nan,nan
bursts T=300s w=0.12,1,cch_jitter,300,0.12,True,0.1,0.0,5.13,robust,240,27,25,0,2,0,1.0,1.0,0.9259259259259259,0.0,0.9996522343940184,0.1413842381896071,0,nan,nan,nan,nan,nan,nan,nan
bursts T=300s w=0.12,1,sttc,300,0.12,True,0.1,0.0,8.68,all,120,25,24,6,1,4,0.8,0.9333333333333333,0.96,0.06315789473684211,0.9953684210526316,nan,0,nan,nan,nan,nan,nan,nan,nan
bursts T=300s w=0.12,1,sttc,300,0.12,True,0.1,0.0,8.68,no_bursts,120,25,25,4,0,3,0.8620689655172413,0.9655172413793104,1.0,0.042105263157894736,0.9911578947368421,nan,0,nan,nan,nan,nan,nan,nan,nan
bursts T=300s w=0.12,1,sttc,300,0.12,True,0.1,0.0,8.68,robust,120,25,24,1,1,1,0.96,1.0,0.96,0.010526315789473684,0.9953684210526316,nan,0,nan,nan,nan,nan,nan,nan,nan
bursts T=300s w=0.12,1,tspe,300,0.12,True,0.1,0.0,12.22,all,240,27,21,0,6,0,1.0,1.0,0.7777777777777778,0.0,0.9993044687880369,0.21516091950802174,0,0,0,0,0,nan,nan,nan
bursts T=300s w=0.12,1,tspe,300,0.12,True,0.1,0.0,12.22,no_bursts,240,27,25,5,2,4,0.8333333333333334,0.9666666666666667,0.9259259259259259,0.023474178403755867,0.9925230394713963,0.21516091950802174,0,0,16,0,7,0.0,nan,nan
bursts T=300s w=0.12,1,tspe,300,0.12,True,0.1,0.0,12.22,robust,240,27,21,0,6,0,1.0,1.0,0.7777777777777778,0.0,0.9993044687880369,0.21516091950802174,0,0,0,0,0,nan,nan,nan
bursts T=300s w=0.12,1,tspe_noreverse,300,0.12,True,0.1,0.0,12.22,all,240,27,21,0,6,0,1.0,1.0,0.7777777777777778,0.0,0.9993044687880369,0.21516091950802174,0,0,0,0,0,nan,nan,nan
bursts T=300s w=0.12,1,tspe_noreverse,300,0.12,True,0.1,0.0,12.22,no_bursts,240,27,25,5,2,4,0.8333333333333334,0.9666666666666667,0.9259259259259259,0.023474178403755867,0.9925230394713963,0.21516091950802174,0,0,8,0,0,0.0,nan,nan
bursts T=300s w=0.12,1,tspe_noreverse,300,0.12,True,0.1,0.0,12.22,robust,240,27,21,0,6,0,1.0,1.0,0.7777777777777778,0.0,0.9993044687880369,0.21516091950802174,0,0,0,0,0,nan,nan,nan
bursts T=300s w=0.12,1,cfp,300,0.12,True,0.1,0.0,9.37,all,240,27,5,178,22,53,0.0273224043715847,0.31693989071038253,0.18518518518518517,0.8356807511737089,0.9907842114414884,2.2848390804919783,0,nan,nan,nan,nan,nan,nan,nan
bursts T=300s w=0.12,1,cfp,300,0.12,True,0.1,0.0,9.37,no_bursts,240,27,0,0,27,0,nan,nan,0.0,0.0,0.9998261171970092,nan,0,nan,nan,nan,nan,nan,nan,nan
bursts T=300s w=0.12,1,cfp,300,0.12,True,0.1,0.0,9.37,robust,240,27,0,0,27,0,nan,nan,0.0,0.0,0.9907842114414884,nan,0,nan,nan,nan,nan,nan,nan,nan
bursts T=300s w=0.12,1,cfp_narrow,300,0.12,True,0.1,0.0,9.37,all,240,27,27,193,0,53,0.12272727272727273,0.36363636363636365,1.0,0.9061032863849765,0.9907842114414884,0.17643214911902438,0,nan,nan,nan,nan,nan,nan,nan
bursts T=300s w=0.12,1,cfp_narrow,300,0.12,True,0.1,0.0,9.37,no_bursts,240,27,27,7,0,6,0.7941176470588235,0.9705882352941176,1.0,0.03286384976525822,0.9998261171970092,0.11976050454141074,0,nan,nan,nan,nan,nan,nan,nan
bursts T=300s w=0.12,1,cfp_narrow,300,0.12,True,0.1,0.0,9.37,robust,240,27,27,7,0,6,0.7941176470588235,0.9705882352941176,1.0,0.03286384976525822,0.9907842114414884,0.17643214911902438,0,nan,nan,nan,nan,nan,nan,nan
bursts T=300s w=0.12,2,cch_hollow,300,0.12,True,0.1,0.0,0.01,all,240,24,23,3,1,2,0.8846153846153846,0.9615384615384616,0.9583333333333334,0.013888888888888888,0.9992283950617284,0.058434479002265505,0,nan,nan,nan,nan,nan,nan,nan
bursts T=300s w=0.12,2,cch_hollow,300,0.12,True,0.1,0.0,0.01,no_bursts,182,16,14,0,2,0,1.0,1.0,0.875,0.0,1.0,0.055714093299049416,0,nan,nan,nan,nan,nan,nan,nan
bursts T=300s w=0.12,2,cch_hollow,300,0.12,True,0.1,0.0,0.01,robust,240,24,14,0,10,0,1.0,1.0,0.5833333333333334,0.0,0.9992283950617284,0.055714093299049416,0,nan,nan,nan,nan,nan,nan,nan
bursts T=300s w=0.12,2,cch_jitter,300,0.12,True,0.1,0.0,4.86,all,240,24,23,1,1,0,0.9583333333333334,0.9583333333333334,0.9583333333333334,0.004629629629629629,0.9990354938271605,0.058434479002265505,0,nan,nan,nan,nan,nan,nan,nan
bursts T=300s w=0.12,2,cch_jitter,300,0.12,True,0.1,0.0,4.86,no_bursts,182,16,16,0,0,0,1.0,1.0,1.0,0.0,1.0,0.060201747513848436,0,nan,nan,nan,nan,nan,nan,nan
bursts T=300s w=0.12,2,cch_jitter,300,0.12,True,0.1,0.0,4.86,robust,240,24,16,0,8,0,1.0,1.0,0.6666666666666666,0.0,0.9990354938271605,0.060201747513848436,0,nan,nan,nan,nan,nan,nan,nan
bursts T=300s w=0.12,2,sttc,300,0.12,True,0.1,0.0,8.28,all,120,22,19,1,3,1,0.95,1.0,0.8636363636363636,0.01020408163265306,0.9888682745825603,nan,0,nan,nan,nan,nan,nan,nan,nan
bursts T=300s w=0.12,2,sttc,300,0.12,True,0.1,0.0,8.28,no_bursts,91,14,14,1,0,1,0.9333333333333333,1.0,1.0,0.012987012987012988,1.0,nan,0,nan,nan,nan,nan,nan,nan,nan
bursts T=300s w=0.12,2,sttc,300,0.12,True,0.1,0.0,8.28,robust,120,22,14,0,8,0,1.0,1.0,0.6363636363636364,0.0,0.9888682745825603,nan,0,nan,nan,nan,nan,nan,nan,nan
bursts T=300s w=0.12,2,tspe,300,0.12,True,0.1,0.0,12.21,all,240,24,19,1,5,1,0.95,1.0,0.7916666666666666,0.004629629629629629,0.9872685185185185,0.19967587222444472,0,0,1,0,1,0.0,nan,nan
bursts T=300s w=0.12,2,tspe,300,0.12,True,0.1,0.0,12.21,no_bursts,182,16,14,3,2,3,0.8235294117647058,1.0,0.875,0.018072289156626505,0.9947289156626506,0.2140977433262583,0,0,6,0,3,0.0,nan,nan
bursts T=300s w=0.12,2,tspe,300,0.12,True,0.1,0.0,12.21,robust,240,24,13,1,11,1,0.9285714285714286,1.0,0.5416666666666666,0.004629629629629629,0.9872685185185185,0.2110237513845341,0,0,1,0,1,0.0,nan,nan
bursts T=300s w=0.12,2,tspe_noreverse,300,0.12,True,0.1,0.0,12.21,all,240,24,19,1,5,1,0.95,1.0,0.7916666666666666,0.004629629629629629,0.9872685185185185,0.19967587222444472,0,0,0,0,0,nan,nan,nan
bursts T=300s w=0.12,2,tspe_noreverse,300,0.12,True,0.1,0.0,12.21,no_bursts,182,16,14,3,2,3,0.8235294117647058,1.0,0.875,0.018072289156626505,0.9947289156626506,0.2140977433262583,0,0,3,0,0,0.0,nan,nan
bursts T=300s w=0.12,2,tspe_noreverse,300,0.12,True,0.1,0.0,12.21,robust,240,24,13,1,11,1,0.9285714285714286,1.0,0.5416666666666666,0.004629629629629629,0.9872685185185185,0.2110237513845341,0,0,0,0,0,nan,nan,nan
bursts T=300s w=0.12,2,cfp,300,0.12,True,0.1,0.0,7.1,all,240,24,2,170,22,45,0.011627906976744186,0.27325581395348836,0.08333333333333333,0.7870370370370371,0.9656635802469136,2.207128967180963,0,nan,nan,nan,nan,nan,nan,nan
bursts T=300s w=0.12,2,cfp,300,0.12,True,0.1,0.0,7.1,no_bursts,182,16,0,0,16,0,nan,nan,0.0,0.0,1.0,nan,0,nan,nan,nan,nan,nan,nan,nan
bursts T=300s w=0.12,2,cfp,300,0.12,True,0.1,0.0,7.1,robust,240,24,0,0,24,0,nan,nan,0.0,0.0,0.9656635802469136,nan,0,nan,nan,nan,nan,nan,nan,nan
bursts T=300s w=0.12,2,cfp_narrow,300,0.12,True,0.1,0.0,7.1,all,240,24,24,185,0,50,0.11483253588516747,0.35406698564593303,1.0,0.8564814814814815,0.9656635802469136,0.15998364804403065,0,nan,nan,nan,nan,nan,nan,nan
bursts T=300s w=0.12,2,cfp_narrow,300,0.12,True,0.1,0.0,7.1,no_bursts,182,16,16,10,0,9,0.6153846153846154,0.9615384615384616,1.0,0.060240963855421686,1.0,0.1301141363819751,0,nan,nan,nan,nan,nan,nan,nan
bursts T=300s w=0.12,2,cfp_narrow,300,0.12,True,0.1,0.0,7.1,robust,240,24,16,10,8,9,0.6153846153846154,0.9615384615384616,0.6666666666666666,0.046296296296296294,0.9656635802469136,0.1338265459196457,0,nan,nan,nan,nan,nan,nan,nan
bursts T=600s w=0.03,0,cch_hollow,600,0.03,True,0.1,0.0,0.01,all,240,24,20,0,4,0,1.0,1.0,0.8333333333333334,0.0,0.9965277777777778,0.12002485923542006,0,nan,nan,nan,nan,nan,nan,nan
bursts T=600s w=0.03,0,cch_hollow,600,0.03,True,0.1,0.0,0.01,no_bursts,240,24,21,1,3,0,0.9545454545454546,0.9545454545454546,0.875,0.004629629629629629,0.9984567901234568,0.12483000462665306,0,nan,nan,nan,nan,nan,nan,nan
bursts T=600s w=0.03,0,cch_hollow,600,0.03,True,0.1,0.0,0.01,robust,240,24,20,0,4,0,1.0,1.0,0.8333333333333334,0.0,0.9965277777777778,0.12002485923542006,0,nan,nan,nan,nan,nan,nan,nan
bursts T=600s w=0.03,0,cch_jitter,600,0.03,True,0.1,0.0,8.77,all,240,24,15,0,9,0,1.0,1.0,0.625,0.0,0.996141975308642,0.11521971384418705,0,nan,nan,nan,nan,nan,nan,nan
bursts T=600s w=0.03,0,cch_jitter,600,0.03,True,0.1,0.0,8.77,no_bursts,240,24,21,0,3,0,1.0,1.0,0.875,0.0,0.9924768518518519,0.12483000462665306,0,nan,nan,nan,nan,nan,nan,nan
bursts T=600s w=0.03,0,cch_jitter,600,0.03,True,0.1,0.0,8.77,robust,240,24,15,0,9,0,1.0,1.0,0.625,0.0,0.996141975308642,0.11521971384418705,0,nan,nan,nan,nan,nan,nan,nan
bursts T=600s w=0.03,0,sttc,600,0.03,True,0.1,0.0,12.36,all,120,22,14,1,8,0,0.9333333333333333,0.9333333333333333,0.6363636363636364,0.01020408163265306,0.9605751391465677,nan,0,nan,nan,nan,nan,nan,nan,nan
bursts T=600s w=0.03,0,sttc,600,0.03,True,0.1,0.0,12.36,no_bursts,120,22,16,0,6,0,1.0,1.0,0.7272727272727273,0.0,0.9823747680890538,nan,0,nan,nan,nan,nan,nan,nan,nan
bursts T=600s w=0.03,0,sttc,600,0.03,True,0.1,0.0,12.36,robust,120,22,12,0,10,0,1.0,1.0,0.5454545454545454,0.0,0.9605751391465677,nan,0,nan,nan,nan,nan,nan,nan,nan
bursts T=600s w=0.03,0,tspe,600,0.03,True,0.1,0.0,18.87,all,240,24,7,0,17,0,1.0,1.0,0.2916666666666667,0.0,0.9461805555555556,0.2552649068089865,0,0,0,0,0,nan,nan,nan
bursts T=600s w=0.03,0,tspe,600,0.03,True,0.1,0.0,18.87,no_bursts,240,24,19,1,5,0,0.95,0.95,0.7916666666666666,0.004629629629629629,0.9247685185185185,0.24025295045373074,0,0,1,0,1,0.0,nan,nan
bursts T=600s w=0.03,0,tspe,600,0.03,True,0.1,0.0,18.87,robust,240,24,7,0,17,0,1.0,1.0,0.2916666666666667,0.0,0.9461805555555556,0.2552649068089865,0,0,0,0,0,nan,nan,nan
bursts T=600s w=0.03,0,tspe_noreverse,600,0.03,True,0.1,0.0,18.87,all,240,24,7,0,17,0,1.0,1.0,0.2916666666666667,0.0,0.9461805555555556,0.2552649068089865,0,0,0,0,0,nan,nan,nan
bursts T=600s w=0.03,0,tspe_noreverse,600,0.03,True,0.1,0.0,18.87,no_bursts,240,24,19,1,5,0,0.95,0.95,0.7916666666666666,0.004629629629629629,0.9247685185185185,0.24025295045373074,0,0,0,0,0,nan,nan,nan
bursts T=600s w=0.03,0,tspe_noreverse,600,0.03,True,0.1,0.0,18.87,robust,240,24,7,0,17,0,1.0,1.0,0.2916666666666667,0.0,0.9461805555555556,0.2552649068089865,0,0,0,0,0,nan,nan,nan
bursts T=600s w=0.03,0,cfp,600,0.03,True,0.1,0.0,8.38,all,240,24,18,204,6,57,0.08108108108108109,0.33783783783783783,0.75,0.9444444444444444,0.9375,1.7813213265447556,0,nan,nan,nan,nan,nan,nan,nan
bursts T=600s w=0.03,0,cfp,600,0.03,True,0.1,0.0,8.38,no_bursts,240,24,0,0,24,0,nan,nan,0.0,0.0,0.9988425925925926,nan,0,nan,nan,nan,nan,nan,nan,nan
bursts T=600s w=0.03,0,cfp,600,0.03,True,0.1,0.0,8.38,robust,240,24,0,0,24,0,nan,nan,0.0,0.0,0.9375,nan,0,nan,nan,nan,nan,nan,nan,nan
bursts T=600s w=0.03,0,cfp_narrow,600,0.03,True,0.1,0.0,8.38,all,240,24,24,209,0,59,0.10300429184549356,0.3562231759656652,1.0,0.9675925925925926,0.9375,1.4216172358891594,0,nan,nan,nan,nan,nan,nan,nan
bursts T=600s w=0.03,0,cfp_narrow,600,0.03,True,0.1,0.0,8.38,no_bursts,240,24,23,2,1,0,0.92,0.92,0.9583333333333334,0.009259259259259259,0.9988425925925926,0.12247435882702185,0,nan,nan,nan,nan,nan,nan,nan
bursts T=600s w=0.03,0,cfp_narrow,600,0.03,True,0.1,0.0,8.38,robust,240,24,23,2,1,0,0.92,0.92,0.9583333333333334,0.009259259259259259,0.9375,1.3976516007311575,0,nan,nan,nan,nan,nan,nan,nan
bursts T=600s w=0.03,1,cch_hollow,600,0.03,True,0.1,0.0,0.01,all,240,27,18,0,9,0,1.0,1.0,0.6666666666666666,0.0,0.9859154929577465,0.12831757175355252,0,nan,nan,nan,nan,nan,nan,nan
bursts T=600s w=0.03,1,cch_hollow,600,0.03,True,0.1,0.0,0.01,no_bursts,240,27,20,0,7,0,1.0,1.0,0.7407407407407407,0.0,0.9803512432620414,0.16376601822841141,0,nan,nan,nan,nan,nan,nan,nan
bursts T=600s w=0.03,1,cch_hollow,600,0.03,True,0.1,0.0,0.01,robust,240,27,18,0,9,0,1.0,1.0,0.6666666666666666,0.0,0.9859154929577465,0.12831757175355252,0,nan,nan,nan,nan,nan,nan,nan
bursts T=600s w=0.03,1,cch_jitter,600,0.03,True,0.1,0.0,7.61,all,240,27,14,0,13,0,1.0,1.0,0.5185185185185185,0.0,0.9880020865936359,0.15080182567297118,0,nan,nan,nan,nan,nan,nan,nan
bursts T=600s w=0.03,1,cch_jitter,600,0.03,True,0.1,0.0,7.61,no_bursts,240,27,17,1,10,0,0.9444444444444444,0.9444444444444444,0.6296296296296297,0.004694835680751174,0.987132672578682,0.16021941315633526,0,nan,nan,nan,nan,nan,nan,nan
bursts T=600s w=0.03,1,cch_jitter,600,0.03,True,0.1,0.0,7.61,robust,240,27,14,0,13,0,1.0,1.0,0.5185185185185185,0.0,0.9880020865936359,0.15080182567297118,0,nan,nan,nan,nan,nan,nan,nan
bursts T=600s w=0.03,1,sttc,600,0.03,True,0.1,0.0,11.27,all,120,25,7,1,18,0,0.875,0.875,0.28,0.010526315789473684,0.9174736842105263,nan,0,nan,nan,nan,nan,nan,nan,nan
bursts T=600s w=0.03,1,sttc,600,0.03,True,0.1,0.0,11.27,no_bursts,120,25,13,2,12,0,0.8666666666666667,0.8666666666666667,0.52,0.021052631578947368,0.9343157894736842,nan,0,nan,nan,nan,nan,nan,nan,nan
bursts T=600s w=0.03,1,sttc,600,0.03,True,0.1,0.0,11.27,robust,120,25,7,0,18,0,1.0,1.0,0.28,0.0,0.9174736842105263,nan,0,nan,nan,nan,nan,nan,nan,nan
bursts T=600s w=0.03,1,tspe,600,0.03,True,0.1,0.0,19.02,all,240,27,7,0,20,0,1.0,1.0,0.25925925925925924,0.0,0.8718483741957921,0.2737019569202581,0,0,0,0,0,nan,nan,nan
bursts T=600s w=0.03,1,tspe,600,0.03,True,0.1,0.0,19.02,no_bursts,240,27,12,0,15,0,1.0,1.0,0.4444444444444444,0.0,0.9382716049382716,0.21071240548172931,0,0,6,0,1,0.0,nan,nan
bursts T=600s w=0.03,1,tspe,600,0.03,True,0.1,0.0,19.02,robust,240,27,7,0,20,0,1.0,1.0,0.25925925925925924,0.0,0.8718483741957921,0.2737019569202581,0,0,0,0,0,nan,nan,nan
bursts T=600s w=0.03,1,tspe_noreverse,600,0.03,True,0.1,0.0,19.02,all,240,27,7,0,20,0,1.0,1.0,0.25925925925925924,0.0,0.8718483741957921,0.2737019569202581,0,0,0,0,0,nan,nan,nan
bursts T=600s w=0.03,1,tspe_noreverse,600,0.03,True,0.1,0.0,19.02,no_bursts,240,27,12,0,15,0,1.0,1.0,0.4444444444444444,0.0,0.9382716049382716,0.21071240548172931,0,0,5,0,0,0.0,nan,nan
bursts T=600s w=0.03,1,tspe_noreverse,600,0.03,True,0.1,0.0,19.02,robust,240,27,7,0,20,0,1.0,1.0,0.25925925925925924,0.0,0.8718483741957921,0.2737019569202581,0,0,0,0,0,nan,nan,nan
bursts T=600s w=0.03,1,cfp,600,0.03,True,0.1,0.0,10.23,all,240,27,15,159,12,50,0.08620689655172414,0.3735632183908046,0.5555555555555556,0.7464788732394366,0.8417666492783864,2.1638822854173836,0,nan,nan,nan,nan,nan,nan,nan
bursts T=600s w=0.03,1,cfp,600,0.03,True,0.1,0.0,10.23,no_bursts,240,27,0,0,27,0,nan,nan,0.0,0.0,0.8934098417666493,nan,0,nan,nan,nan,nan,nan,nan,nan
bursts T=600s w=0.03,1,cfp,600,0.03,True,0.1,0.0,10.23,robust,240,27,0,0,27,0,nan,nan,0.0,0.0,0.8417666492783864,nan,0,nan,nan,nan,nan,nan,nan,nan
bursts T=600s w=0.03,1,cfp_narrow,600,0.03,True,0.1,0.0,10.23,all,240,27,27,169,0,55,0.1377551020408163,0.41836734693877553,1.0,0.7934272300469484,0.8417666492783864,1.3253027298871434,0,nan,nan,nan,nan,nan,nan,nan
bursts T=600s w=0.03,1,cfp_narrow,600,0.03,True,0.1,0.0,10.23,no_bursts,240,27,19,3,8,1,0.8636363636363636,0.9090909090909091,0.7037037037037037,0.014084507042253521,0.8934098417666493,0.14892728997261617,0,nan,nan,nan,nan,nan,nan,nan
bursts T=600s w=0.03,1,cfp_narrow,600,0.03,True,0.1,0.0,10.23,robust,240,27,19,3,8,1,0.8636363636363636,0.9090909090909091,0.7037037037037037,0.014084507042253521,0.8417666492783864,0.30547584334486433,0,nan,nan,nan,nan,nan,nan,nan
bursts T=600s w=0.03,2,cch_hollow,600,0.03,True,0.1,0.0,0.01,all,240,24,20,0,4,0,1.0,1.0,0.8333333333333334,0.0,0.9684606481481481,0.060201747513848436,0,nan,nan,nan,nan,nan,nan,nan
bursts T=600s w=0.03,2,cch_hollow,600,0.03,True,0.1,0.0,0.01,no_bursts,240,24,21,1,3,0,0.9545454545454546,0.9545454545454546,0.875,0.004629629629629629,0.9728009259259259,0.09959124763770966,0,nan,nan,nan,nan,nan,nan,nan
bursts T=600s w=0.03,2,cch_hollow,600,0.03,True,0.1,0.0,0.01,robust,240,24,19,0,5,0,1.0,1.0,0.7916666666666666,0.0,0.9684606481481481,0.06196901602543137,0,nan,nan,nan,nan,nan,nan,nan
bursts T=600s w=0.03,2,cch_jitter,600,0.03,True,0.1,0.0,8.36,all,240,24,12,0,12,0,1.0,1.0,0.5,0.0,0.9708719135802469,0.13344363561436545,0,nan,nan,nan,nan,nan,nan,nan
bursts T=600s w=0.03,2,cch_jitter,600,0.03,True,0.1,0.0,8.36,no_bursts,240,24,17,0,7,0,1.0,1.0,0.7083333333333334,0.0,0.9976851851851852,0.09959124763770966,0,nan,nan,nan,nan,nan,nan,nan
bursts T=600s w=0.03,2,cch_jitter,600,0.03,True,0.1,0.0,8.36,robust,240,24,11,0,13,0,1.0,1.0,0.4583333333333333,0.0,0.9708719135802469,0.14691774064571006,0,nan,nan,nan,nan,nan,nan,nan
bursts T=600s w=0.03,2,sttc,600,0.03,True,0.1,0.0,12.27,all,120,22,8,1,14,1,0.8888888888888888,1.0,0.36363636363636365,0.01020408163265306,0.8682745825602969,nan,0,nan,nan,nan,nan,nan,nan,nan
bursts T=600s w=0.03,2,sttc,600,0.03,True,0.1,0.0,12.27,no_bursts,120,22,13,0,9,0,1.0,1.0,0.5909090909090909,0.0,0.9294990723562152,nan,0,nan,nan,nan,nan,nan,nan,nan
bursts T=600s w=0.03,2,sttc,600,0.03,True,0.1,0.0,12.27,robust,120,22,8,0,14,0,1.0,1.0,0.36363636363636365,0.0,0.8682745825602969,nan,0,nan,nan,nan,nan,nan,nan,nan
bursts T=600s w=0.03,2,tspe,600,0.03,True,0.1,0.0,19.22,all,240,24,5,0,19,0,1.0,1.0,0.20833333333333334,0.0,0.9529320987654321,0.1915655209977345,0,0,0,0,0,nan,nan,nan
bursts T=600s w=0.03,2,tspe,600,0.03,True,0.1,0.0,19.22,no_bursts,240,24,11,3,13,0,0.7857142857142857,0.7857142857142857,0.4583333333333333,0.013888888888888888,0.9714506172839507,0.19700629240416667,0,0,4,0,3,0.0,nan,nan
bursts T=600s w=0.03,2,tspe,600,0.03,True,0.1,0.0,19.22,robust,240,24,5,0,19,0,1.0,1.0,0.20833333333333334,0.0,0.9529320987654321,0.1915655209977345,0,0,0,0,0,nan,nan,nan
bursts T=600s w=0.03,2,tspe_noreverse,600,0.03,True,0.1,0.0,19.22,all,240,24,5,0,19,0,1.0,1.0,0.20833333333333334,0.0,0.9529320987654321,0.1915655209977345,0,0,0,0,0,nan,nan,nan
bursts T=600s w=0.03,2,tspe_noreverse,600,0.03,True,0.1,0.0,19.22,no_bursts,240,24,11,3,13,0,0.7857142857142857,0.7857142857142857,0.4583333333333333,0.013888888888888888,0.9714506172839507,0.19700629240416667,0,0,2,0,1,0.0,nan,nan
bursts T=600s w=0.03,2,tspe_noreverse,600,0.03,True,0.1,0.0,19.22,robust,240,24,5,0,19,0,1.0,1.0,0.20833333333333334,0.0,0.9529320987654321,0.1915655209977345,0,0,0,0,0,nan,nan,nan
bursts T=600s w=0.03,2,cfp,600,0.03,True,0.1,0.0,8.01,all,240,24,13,196,11,49,0.06220095693779904,0.2966507177033493,0.5416666666666666,0.9074074074074074,0.8522376543209876,2.282828264732017,0,nan,nan,nan,nan,nan,nan,nan
bursts T=600s w=0.03,2,cfp,600,0.03,True,0.1,0.0,8.01,no_bursts,240,24,0,0,24,0,nan,nan,0.0,0.0,0.9261188271604939,nan,0,nan,nan,nan,nan,nan,nan,nan
bursts T=600s w=0.03,2,cfp,600,0.03,True,0.1,0.0,8.01,robust,240,24,0,0,24,0,nan,nan,0.0,0.0,0.8522376543209876,nan,0,nan,nan,nan,nan,nan,nan,nan
bursts T=600s w=0.03,2,cfp_narrow,600,0.03,True,0.1,0.0,8.01,all,240,24,24,202,0,51,0.10619469026548672,0.33185840707964603,1.0,0.9351851851851852,0.8522376543209876,1.4475373854580789,0,nan,nan,nan,nan,nan,nan,nan
bursts T=600s w=0.03,2,cfp_narrow,600,0.03,True,0.1,0.0,8.01,no_bursts,240,24,19,1,5,0,0.95,0.95,0.7916666666666666,0.004629629629629629,0.9261188271604939,0.1513853941820309,0,nan,nan,nan,nan,nan,nan,nan
bursts T=600s w=0.03,2,cfp_narrow,600,0.03,True,0.1,0.0,8.01,robust,240,24,19,1,5,0,0.95,0.95,0.7916666666666666,0.004629629629629629,0.8522376543209876,1.396917740645709,0,nan,nan,nan,nan,nan,nan,nan
bursts T=600s w=0.06,0,cch_hollow,600,0.06,True,0.1,0.0,0.01,all,240,24,20,1,4,1,0.9523809523809523,1.0,0.8333333333333334,0.004629629629629629,1.0,0.1258282982381831,0,nan,nan,nan,nan,nan,nan,nan
bursts T=600s w=0.06,0,cch_hollow,600,0.06,True,0.1,0.0,0.01,no_bursts,240,24,20,2,4,1,0.9090909090909091,0.9545454545454546,0.8333333333333334,0.009259259259259259,1.0,0.1258282982381831,0,nan,nan,nan,nan,nan,nan,nan
bursts T=600s w=0.06,0,cch_hollow,600,0.06,True,0.1,0.0,0.01,robust,240,24,20,0,4,0,1.0,1.0,0.8333333333333334,0.0,1.0,0.1258282982381831,0,nan,nan,nan,nan,nan,nan,nan
bursts T=600s w=0.06,0,cch_jitter,600,0.06,True,0.1,0.0,9.0,all,240,24,22,0,2,0,1.0,1.0,0.9166666666666666,0.0,0.9982638888888888,0.1352764106853831,0,nan,nan,nan,nan,nan,nan,nan
bursts T=600s w=0.06,0,cch_jitter,600,0.06,True,0.1,0.0,9.0,no_bursts,240,24,22,0,2,0,1.0,1.0,0.9166666666666666,0.0,0.9972993827160493,0.1352764106853831,0,nan,nan,nan,nan,nan,nan,nan
bursts T=600s w=0.06,0,cch_jitter,600,0.06,True,0.1,0.0,9.0,robust,240,24,22,0,2,0,1.0,1.0,0.9166666666666666,0.0,0.9982638888888888,0.1352764106853831,0,nan,nan,nan,nan,nan,nan,nan
bursts T=600s w=0.06,0,sttc,600,0.06,True,0.1,0.0,13.45,all,120,22,21,6,1,4,0.7777777777777778,0.9259259259259259,0.9545454545454546,0.061224489795918366,0.9916512059369202,nan,0,nan,nan,nan,nan,nan,nan,nan
bursts T=600s w=0.06,0,sttc,600,0.06,True,0.1,0.0,13.45,no_bursts,120,22,20,5,2,3,0.8,0.92,0.9090909090909091,0.05102040816326531,0.9893320964749536,nan,0,nan,nan,nan,nan,nan,nan,nan
bursts T=600s w=0.06,0,sttc,600,0.06,True,0.1,0.0,13.45,robust,120,22,19,2,3,2,0.9047619047619048,1.0,0.8636363636363636,0.02040816326530612,0.9916512059369202,nan,0,nan,nan,nan,nan,nan,nan,nan
bursts T=600s w=0.06,0,tspe,600,0.06,True,0.1,0.0,18.1,all,240,24,20,0,4,0,1.0,1.0,0.8333333333333334,0.0,0.9672067901234568,0.2416676773479569,0,0,2,0,2,0.0,nan,nan
bursts T=600s w=0.06,0,tspe,600,0.06,True,0.1,0.0,18.1,no_bursts,240,24,21,1,3,0,0.9545454545454546,0.9545454545454546,0.875,0.004629629629629629,0.9587191358024691,0.24025295045373074,0,0,7,0,6,0.0,nan,nan
bursts T=600s w=0.06,0,tspe,600,0.06,True,0.1,0.0,18.1,robust,240,24,20,0,4,0,1.0,1.0,0.8333333333333334,0.0,0.9672067901234568,0.2416676773479569,0,0,2,0,2,0.0,nan,nan
bursts T=600s w=0.06,0,tspe_noreverse,600,0.06,True,0.1,0.0,18.1,all,240,24,20,0,4,0,1.0,1.0,0.8333333333333334,0.0,0.9672067901234568,0.2416676773479569,0,0,0,0,0,nan,nan,nan
bursts T=600s w=0.06,0,tspe_noreverse,600,0.06,True,0.1,0.0,18.1,no_bursts,240,24,21,1,3,0,0.9545454545454546,0.9545454545454546,0.875,0.004629629629629629,0.9587191358024691,0.24025295045373074,0,0,1,0,0,0.0,nan,nan
bursts T=600s w=0.06,0,tspe_noreverse,600,0.06,True,0.1,0.0,18.1,robust,240,24,20,0,4,0,1.0,1.0,0.8333333333333334,0.0,0.9672067901234568,0.2416676773479569,0,0,0,0,0,nan,nan,nan
bursts T=600s w=0.06,0,cfp,600,0.06,True,0.1,0.0,8.57,all,240,24,9,208,15,58,0.041474654377880185,0.3087557603686636,0.375,0.9629629629629629,0.9789737654320988,2.3273674786579543,0,nan,nan,nan,nan,nan,nan,nan
bursts T=600s w=0.06,0,cfp,600,0.06,True,0.1,0.0,8.57,no_bursts,240,24,0,0,24,0,nan,nan,0.0,0.0,1.0,nan,0,nan,nan,nan,nan,nan,nan,nan
bursts T=600s w=0.06,0,cfp,600,0.06,True,0.1,0.0,8.57,robust,240,24,0,0,24,0,nan,nan,0.0,0.0,0.9789737654320988,nan,0,nan,nan,nan,nan,nan,nan,nan
bursts T=600s w=0.06,0,cfp_narrow,600,0.06,True,0.1,0.0,8.57,all,240,24,24,212,0,59,0.1016949152542373,0.3516949152542373,1.0,0.9814814814814815,0.9789737654320988,0.25420601317465485,0,nan,nan,nan,nan,nan,nan,nan
bursts T=600s w=0.06,0,cfp_narrow,600,0.06,True,0.1,0.0,8.57,no_bursts,240,24,24,6,0,3,0.8,0.9,1.0,0.027777777777777776,1.0,0.1225270537189409,0,nan,nan,nan,nan,nan,nan,nan
bursts T=600s w=0.06,0,cfp_narrow,600,0.06,True,0.1,0.0,8.57,robust,240,24,24,6,0,3,0.8,0.9,1.0,0.027777777777777776,0.9789737654320988,0.25420601317465485,0,nan,nan,nan,nan,nan,nan,nan
bursts T=600s w=0.06,1,cch_hollow,600,0.06,True,0.1,0.0,0.01,all,240,27,25,0,2,0,1.0,1.0,0.9259259259259259,0.0,1.0,0.1413842381896071,0,nan,nan,nan,nan,nan,nan,nan
bursts T=600s w=0.06,1,cch_hollow,600,0.06,True,0.1,0.0,0.01,no_bursts,240,27,26,0,1,0,1.0,1.0,0.9629629629629629,0.0,0.9998261171970092,0.13319635702923527,0,nan,nan,nan,nan,nan,nan,nan
bursts T=600s w=0.06,1,cch_hollow,600,0.06,True,0.1,0.0,0.01,robust,240,27,25,0,2,0,1.0,1.0,0.9259259259259259,0.0,1.0,0.1413842381896071,0,nan,nan,nan,nan,nan,nan,nan
bursts T=600s w=0.06,1,cch_jitter,600,0.06,True,0.1,0.0,7.86,all,240,27,27,0,0,0,1.0,1.0,1.0,0.0,1.0,0.12500847586886343,0,nan,nan,nan,nan,nan,nan,nan
bursts T=600s w=0.06,1,cch_jitter,600,0.06,True,0.1,0.0,7.86,no_bursts,240,27,25,1,2,0,0.9615384615384616,0.9615384615384616,0.9259259259259259,0.004694835680751174,0.9972178751521474,0.1413842381896071,0,nan,nan,nan,nan,nan,nan,nan
bursts T=600s w=0.06,1,cch_jitter,600,0.06,True,0.1,0.0,7.86,robust,240,27,25,0,2,0,1.0,1.0,0.9259259259259259,0.0,1.0,0.1413842381896071,0,nan,nan,nan,nan,nan,nan,nan
bursts T=600s w=0.06,1,sttc,600,0.06,True,0.1,0.0,11.71,all,120,25,22,1,3,0,0.9565217391304348,0.9565217391304348,0.88,0.010526315789473684,0.991578947368421,nan,0,nan,nan,nan,nan,nan,nan,nan
bursts T=600s w=0.06,1,sttc,600,0.06,True,0.1,0.0,11.71,no_bursts,120,25,24,1,1,0,0.96,0.96,0.96,0.010526315789473684,0.9970526315789474,nan,0,nan,nan,nan,nan,nan,nan,nan
bursts T=600s w=0.06,1,sttc,600,0.06,True,0.1,0.0,11.71,robust,120,25,22,0,3,0,1.0,1.0,0.88,0.0,0.991578947368421,nan,0,nan,nan,nan,nan,nan,nan,nan
bursts T=600s w=0.06,1,tspe,600,0.06,True,0.1,0.0,18.82,all,240,27,17,0,10,0,1.0,1.0,0.6296296296296297,0.0,0.9994783515910276,0.21516091950802174,0,0,0,0,0,nan,nan,nan
bursts T=600s w=0.06,1,tspe,600,0.06,True,0.1,0.0,18.82,no_bursts,240,27,23,0,4,0,1.0,1.0,0.8518518518518519,0.0,0.9697443922796035,0.21516091950802174,0,0,2,0,2,0.0,nan,nan
bursts T=600s w=0.06,1,tspe,600,0.06,True,0.1,0.0,18.82,robust,240,27,17,0,10,0,1.0,1.0,0.6296296296296297,0.0,0.9994783515910276,0.21516091950802174,0,0,0,0,0,nan,nan,nan
bursts T=600s w=0.06,1,tspe_noreverse,600,0.06,True,0.1,0.0,18.82,all,240,27,17,0,10,0,1.0,1.0,0.6296296296296297,0.0,0.9994783515910276,0.21516091950802174,0,0,0,0,0,nan,nan,nan
bursts T=600s w=0.06,1,tspe_noreverse,600,0.06,True,0.1,0.0,18.82,no_bursts,240,27,23,0,4,0,1.0,1.0,0.8518518518518519,0.0,0.9697443922796035,0.21516091950802174,0,0,0,0,0,nan,nan,nan
bursts T=600s w=0.06,1,tspe_noreverse,600,0.06,True,0.1,0.0,18.82,robust,240,27,17,0,10,0,1.0,1.0,0.6296296296296297,0.0,0.9994783515910276,0.21516091950802174,0,0,0,0,0,nan,nan,nan
bursts T=600s w=0.06,1,cfp,600,0.06,True,0.1,0.0,8.48,all,240,27,7,183,20,55,0.03684210526315789,0.3263157894736842,0.25925925925925924,0.8591549295774648,0.9937402190923318,2.1638822854166753,0,nan,nan,nan,nan,nan,nan,nan
bursts T=600s w=0.06,1,cfp,600,0.06,True,0.1,0.0,8.48,no_bursts,240,27,0,0,27,0,nan,nan,0.0,0.0,0.9996522343940184,nan,0,nan,nan,nan,nan,nan,nan,nan
bursts T=600s w=0.06,1,cfp,600,0.06,True,0.1,0.0,8.48,robust,240,27,0,0,27,0,nan,nan,0.0,0.0,0.9937402190923318,nan,0,nan,nan,nan,nan,nan,nan,nan
bursts T=600s w=0.06,1,cfp_narrow,600,0.06,True,0.1,0.0,8.48,all,240,27,27,194,0,58,0.12217194570135746,0.38461538461538464,1.0,0.9107981220657277,0.9937402190923318,0.13979204529270906,0,nan,nan,nan,nan,nan,nan,nan
bursts T=600s w=0.06,1,cfp_narrow,600,0.06,True,0.1,0.0,8.48,no_bursts,240,27,27,4,0,2,0.8709677419354839,0.9354838709677419,1.0,0.018779342723004695,0.9996522343940184,0.11849311193917522,0,nan,nan,nan,nan,nan,nan,nan
bursts T=600s w=0.06,1,cfp_narrow,600,0.06,True,0.1,0.0,8.48,robust,240,27,27,4,0,2,0.8709677419354839,0.9354838709677419,1.0,0.018779342723004695,0.9937402190923318,0.13979204529270906,0,nan,nan,nan,nan,nan,nan,nan
bursts T=600s w=0.06,2,cch_hollow,600,0.06,True,0.1,0.0,0.01,all,240,24,24,1,0,1,0.96,1.0,1.0,0.004629629629629629,1.0,0.060201747513848436,0,nan,nan,nan,nan,nan,nan,nan
bursts T=600s w=0.06,2,cch_hollow,600,0.06,True,0.1,0.0,0.01,no_bursts,240,24,24,0,0,0,1.0,1.0,1.0,0.0,1.0,0.060201747513848436,0,nan,nan,nan,nan,nan,nan,nan
bursts T=600s w=0.06,2,cch_hollow,600,0.06,True,0.1,0.0,0.01,robust,240,24,24,0,0,0,1.0,1.0,1.0,0.0,1.0,0.060201747513848436,0,nan,nan,nan,nan,nan,nan,nan
bursts T=600s w=0.06,2,cch_jitter,600,0.06,True,0.1,0.0,8.75,all,240,24,24,0,0,0,1.0,1.0,1.0,0.0,1.0,0.060201747513848436,0,nan,nan,nan,nan,nan,nan,nan
bursts T=600s w=0.06,2,cch_jitter,600,0.06,True,0.1,0.0,8.75,no_bursts,240,24,23,0,1,0,1.0,1.0,0.9583333333333334,0.0,0.9996141975308642,0.058434479002265505,0,nan,nan,nan,nan,nan,nan,nan
bursts T=600s w=0.06,2,cch_jitter,600,0.06,True,0.1,0.0,8.75,robust,240,24,23,0,1,0,1.0,1.0,0.9583333333333334,0.0,1.0,0.058434479002265505,0,nan,nan,nan,nan,nan,nan,nan
bursts T=600s w=0.06,2,sttc,600,0.06,True,0.1,0.0,12.94,all,120,22,16,3,6,1,0.8421052631578947,0.8947368421052632,0.7272727272727273,0.030612244897959183,0.949443413729128,nan,0,nan,nan,nan,nan,nan,nan,nan
bursts T=600s w=0.06,2,sttc,600,0.06,True,0.1,0.0,12.94,no_bursts,120,22,18,1,4,1,0.9473684210526315,1.0,0.8181818181818182,0.01020408163265306,0.9795918367346939,nan,0,nan,nan,nan,nan,nan,nan,nan
bursts T=600s w=0.06,2,sttc,600,0.06,True,0.1,0.0,12.94,robust,120,22,16,0,6,0,1.0,1.0,0.7272727272727273,0.0,0.949443413729128,nan,0,nan,nan,nan,nan,nan,nan,nan
bursts T=600s w=0.06,2,tspe,600,0.06,True,0.1,0.0,18.92,all,240,24,18,0,6,0,1.0,1.0,0.75,0.0,1.0,0.2053498118044894,0,0,0,0,0,nan,nan,nan
bursts T=600s w=0.06,2,tspe,600,0.06,True,0.1,0.0,18.92,no_bursts,240,24,23,2,1,1,0.92,0.96,0.9583333333333334,0.009259259259259259,0.9953703703703703,0.2110237513845341,0,0,5,0,5,0.0,nan,nan
bursts T=600s w=0.06,2,tspe,600,0.06,True,0.1,0.0,18.92,robust,240,24,17,0,7,0,1.0,1.0,0.7083333333333334,0.0,1.0,0.2110237513845341,0,0,0,0,0,nan,nan,nan
bursts T=600s w=0.06,2,tspe_noreverse,600,0.06,True,0.1,0.0,18.92,all,240,24,18,0,6,0,1.0,1.0,0.75,0.0,1.0,0.2053498118044894,0,0,0,0,0,nan,nan,nan
bursts T=600s w=0.06,2,tspe_noreverse,600,0.06,True,0.1,0.0,18.92,no_bursts,240,24,23,2,1,1,0.92,0.96,0.9583333333333334,0.009259259259259259,0.9953703703703703,0.2110237513845341,0,0,1,0,1,0.0,nan,nan
bursts T=600s w=0.06,2,tspe_noreverse,600,0.06,True,0.1,0.0,18.92,robust,240,24,17,0,7,0,1.0,1.0,0.7083333333333334,0.0,1.0,0.2110237513845341,0,0,0,0,0,nan,nan,nan
bursts T=600s w=0.06,2,cfp,600,0.06,True,0.1,0.0,8.48,all,240,24,5,205,19,54,0.023809523809523808,0.28095238095238095,0.20833333333333334,0.9490740740740741,0.9618055555555556,2.516926390868149,0,nan,nan,nan,nan,nan,nan,nan
bursts T=600s w=0.06,2,cfp,600,0.06,True,0.1,0.0,8.48,no_bursts,240,24,0,0,24,0,nan,nan,0.0,0.0,0.9996141975308642,nan,0,nan,nan,nan,nan,nan,nan,nan
bursts T=600s w=0.06,2,cfp,600,0.06,True,0.1,0.0,8.48,robust,240,24,0,0,24,0,nan,nan,0.0,0.0,0.9618055555555556,nan,0,nan,nan,nan,nan,nan,nan,nan
bursts T=600s w=0.06,2,cfp_narrow,600,0.06,True,0.1,0.0,8.48,all,240,24,24,209,0,54,0.10300429184549356,0.33476394849785407,1.0,0.9675925925925926,0.9618055555555556,0.2160530919411725,0,nan,nan,nan,nan,nan,nan,nan
bursts T=600s w=0.06,2,cfp_narrow,600,0.06,True,0.1,0.0,8.48,no_bursts,240,24,24,2,0,1,0.9230769230769231,0.9615384615384616,1.0,0.009259259259259259,0.9996141975308642,0.16796284457376776,0,nan,nan,nan,nan,nan,nan,nan
bursts T=600s w=0.06,2,cfp_narrow,600,0.06,True,0.1,0.0,8.48,robust,240,24,24,2,0,1,0.9230769230769231,0.9615384615384616,1.0,0.009259259259259259,0.9618055555555556,0.2160530919411725,0,nan,nan,nan,nan,nan,nan,nan
bursts T=600s w=0.12,0,cch_hollow,600,0.12,True,0.1,0.0,0.01,all,240,24,20,9,4,8,0.6896551724137931,0.9655172413793104,0.8333333333333334,0.041666666666666664,1.0,0.12002485923542006,0,nan,nan,nan,nan,nan,nan,nan
bursts T=600s w=0.12,0,cch_hollow,600,0.12,True,0.1,0.0,0.01,no_bursts,240,24,20,7,4,7,0.7407407407407407,1.0,0.8333333333333334,0.032407407407407406,1.0,0.12002485923542006,0,nan,nan,nan,nan,nan,nan,nan
bursts T=600s w=0.12,0,cch_hollow,600,0.12,True,0.1,0.0,0.01,robust,240,24,20,4,4,4,0.8333333333333334,1.0,0.8333333333333334,0.018518518518518517,1.0,0.12002485923542006,0,nan,nan,nan,nan,nan,nan,nan
bursts T=600s w=0.12,0,cch_jitter,600,0.12,True,0.1,0.0,9.97,all,240,24,23,4,1,4,0.8518518518518519,1.0,0.9583333333333334,0.018518518518518517,0.9988425925925926,0.12483000462665306,0,nan,nan,nan,nan,nan,nan,nan
bursts T=600s w=0.12,0,cch_jitter,600,0.12,True,0.1,0.0,9.97,no_bursts,240,24,23,5,1,5,0.8214285714285714,1.0,0.9583333333333334,0.023148148148148147,0.9990354938271605,0.12483000462665306,0,nan,nan,nan,nan,nan,nan,nan
bursts T=600s w=0.12,0,cch_jitter,600,0.12,True,0.1,0.0,9.97,robust,240,24,23,3,1,3,0.8846153846153846,1.0,0.9583333333333334,0.013888888888888888,0.9988425925925926,0.12483000462665306,0,nan,nan,nan,nan,nan,nan,nan
bursts T=600s w=0.12,0,sttc,600,0.12,True,0.1,0.0,14.53,all,120,22,22,12,0,10,0.6470588235294118,0.9411764705882353,1.0,0.12244897959183673,1.0,nan,0,nan,nan,nan,nan,nan,nan,nan
bursts T=600s w=0.12,0,sttc,600,0.12,True,0.1,0.0,14.53,no_bursts,120,22,22,13,0,11,0.6285714285714286,0.9428571428571428,1.0,0.1326530612244898,0.9990723562152134,nan,0,nan,nan,nan,nan,nan,nan,nan
bursts T=600s w=0.12,0,sttc,600,0.12,True,0.1,0.0,14.53,robust,120,22,22,7,0,6,0.7586206896551724,0.9655172413793104,1.0,0.07142857142857142,1.0,nan,0,nan,nan,nan,nan,nan,nan,nan
bursts T=600s w=0.12,0,tspe,600,0.12,True,0.1,0.0,19.16,all,240,24,23,3,1,3,0.8846153846153846,1.0,0.9583333333333334,0.013888888888888888,0.9594907407407407,0.208995407291094,0,0,6,0,6,0.0,nan,nan
bursts T=600s w=0.12,0,tspe,600,0.12,True,0.1,0.0,19.16,no_bursts,240,24,22,11,2,10,0.6666666666666666,0.9696969696969697,0.9166666666666666,0.05092592592592592,0.9577546296296297,0.22462417887241237,0,0,13,0,13,0.0,nan,nan
bursts T=600s w=0.12,0,tspe,600,0.12,True,0.1,0.0,19.16,robust,240,24,22,3,2,3,0.88,1.0,0.9166666666666666,0.013888888888888888,0.9594907407407407,0.22462417887241237,0,0,6,0,6,0.0,nan,nan
bursts T=600s w=0.12,0,tspe_noreverse,600,0.12,True,0.1,0.0,19.16,all,240,24,23,3,1,3,0.8846153846153846,1.0,0.9583333333333334,0.013888888888888888,0.9594907407407407,0.208995407291094,0,0,0,0,0,nan,nan,nan
bursts T=600s w=0.12,0,tspe_noreverse,600,0.12,True,0.1,0.0,19.16,no_bursts,240,24,22,11,2,10,0.6666666666666666,0.9696969696969697,0.9166666666666666,0.05092592592592592,0.9577546296296297,0.22462417887241237,0,0,0,0,0,nan,nan,nan
bursts T=600s w=0.12,0,tspe_noreverse,600,0.12,True,0.1,0.0,19.16,robust,240,24,22,3,2,3,0.88,1.0,0.9166666666666666,0.013888888888888888,0.9594907407407407,0.22462417887241237,0,0,0,0,0,nan,nan,nan
bursts T=600s w=0.12,0,cfp,600,0.12,True,0.1,0.0,9.28,all,240,24,1,213,23,57,0.004672897196261682,0.27102803738317754,0.041666666666666664,0.9861111111111112,0.9718364197530864,1.946407942777138,0,nan,nan,nan,nan,nan,nan,nan
bursts T=600s w=0.12,0,cfp,600,0.12,True,0.1,0.0,9.28,no_bursts,240,24,0,0,24,0,nan,nan,0.0,0.0,0.9984567901234568,nan,0,nan,nan,nan,nan,nan,nan,nan
bursts T=600s w=0.12,0,cfp,600,0.12,True,0.1,0.0,9.28,robust,240,24,0,0,24,0,nan,nan,0.0,0.0,0.9718364197530864,nan,0,nan,nan,nan,nan,nan,nan,nan
bursts T=600s w=0.12,0,cfp_narrow,600,0.12,True,0.1,0.0,9.28,all,240,24,24,216,0,60,0.1,0.35,1.0,1.0,0.9718364197530864,0.1420963673306873,0,nan,nan,nan,nan,nan,nan,nan
bursts T=600s w=0.12,0,cfp_narrow,600,0.12,True,0.1,0.0,9.28,no_bursts,240,24,24,24,0,21,0.5,0.9375,1.0,0.1111111111111111,0.9984567901234568,0.1421518795662633,0,nan,nan,nan,nan,nan,nan,nan
bursts T=600s w=0.12,0,cfp_narrow,600,0.12,True,0.1,0.0,9.28,robust,240,24,24,24,0,21,0.5,0.9375,1.0,0.1111111111111111,0.9718364197530864,0.1420963673306873,0,nan,nan,nan,nan,nan,nan,nan
bursts T=600s w=0.12,1,cch_hollow,600,0.12,True,0.1,0.0,0.01,all,240,27,25,4,2,4,0.8620689655172413,1.0,0.9259259259259259,0.018779342723004695,1.0,0.1413842381896071,0,nan,nan,nan,nan,nan,nan,nan
bursts T=600s w=0.12,1,cch_hollow,600,0.12,True,0.1,0.0,0.01,no_bursts,240,27,25,3,2,3,0.8928571428571429,1.0,0.9259259259259259,0.014084507042253521,1.0,0.1413842381896071,0,nan,nan,nan,nan,nan,nan,nan
bursts T=600s w=0.12,1,cch_hollow,600,0.12,True,0.1,0.0,0.01,robust,240,27,25,2,2,2,0.9259259259259259,1.0,0.9259259259259259,0.009389671361502348,1.0,0.1413842381896071,0,nan,nan,nan,nan,nan,nan,nan
bursts T=600s w=0.12,1,cch_jitter,600,0.12,True,0.1,0.0,8.91,all,240,27,27,0,0,0,1.0,1.0,1.0,0.0,1.0,0.12500847586886343,0,nan,nan,nan,nan,nan,nan,nan
bursts T=600s w=0.12,1,cch_jitter,600,0.12,True,0.1,0.0,8.91,no_bursts,240,27,27,2,0,1,0.9310344827586207,0.9655172413793104,1.0,0.009389671361502348,1.0,0.12500847586886343,0,nan,nan,nan,nan,nan,nan,nan
bursts T=600s w=0.12,1,cch_jitter,600,0.12,True,0.1,0.0,8.91,robust,240,27,27,0,0,0,1.0,1.0,1.0,0.0,1.0,0.12500847586886343,0,nan,nan,nan,nan,nan,nan,nan
bursts T=600s w=0.12,1,sttc,600,0.12,True,0.1,0.0,12.67,all,120,25,25,5,0,5,0.8333333333333334,1.0,1.0,0.05263157894736842,0.999578947368421,nan,0,nan,nan,nan,nan,nan,nan,nan
bursts T=600s w=0.12,1,sttc,600,0.12,True,0.1,0.0,12.67,no_bursts,120,25,25,3,0,2,0.8928571428571429,0.9642857142857143,1.0,0.031578947368421054,0.9987368421052631,nan,0,nan,nan,nan,nan,nan,nan,nan
bursts T=600s w=0.12,1,sttc,600,0.12,True,0.1,0.0,12.67,robust,120,25,25,2,0,2,0.9259259259259259,1.0,1.0,0.021052631578947368,0.999578947368421,nan,0,nan,nan,nan,nan,nan,nan,nan
bursts T=600s w=0.12,1,tspe,600,0.12,True,0.1,0.0,18.84,all,240,27,27,0,0,0,1.0,1.0,1.0,0.0,1.0,0.22529923252474582,0,0,10,0,8,0.0,nan,nan
bursts T=600s w=0.12,1,tspe,600,0.12,True,0.1,0.0,18.84,no_bursts,240,27,27,4,0,4,0.8709677419354839,1.0,1.0,0.018779342723004695,0.9987828203790645,0.22529923252474582,0,0,14,0,12,0.0,nan,nan
bursts T=600s w=0.12,1,tspe,600,0.12,True,0.1,0.0,18.84,robust,240,27,27,0,0,0,1.0,1.0,1.0,0.0,1.0,0.22529923252474582,0,0,7,0,7,0.0,nan,nan
bursts T=600s w=0.12,1,tspe_noreverse,600,0.12,True,0.1,0.0,18.84,all,240,27,27,0,0,0,1.0,1.0,1.0,0.0,1.0,0.22529923252474582,0,0,2,0,0,0.0,nan,nan
bursts T=600s w=0.12,1,tspe_noreverse,600,0.12,True,0.1,0.0,18.84,no_bursts,240,27,27,4,0,4,0.8709677419354839,1.0,1.0,0.018779342723004695,0.9987828203790645,0.22529923252474582,0,0,2,0,0,0.0,nan,nan
bursts T=600s w=0.12,1,tspe_noreverse,600,0.12,True,0.1,0.0,18.84,robust,240,27,27,0,0,0,1.0,1.0,1.0,0.0,1.0,0.22529923252474582,0,0,0,0,0,nan,nan,nan
bursts T=600s w=0.12,1,cfp,600,0.12,True,0.1,0.0,9.41,all,240,27,2,188,25,55,0.010526315789473684,0.3,0.07407407407407407,0.8826291079812206,0.9920013910624239,2.081873842705915,0,nan,nan,nan,nan,nan,nan,nan
bursts T=600s w=0.12,1,cfp,600,0.12,True,0.1,0.0,9.41,no_bursts,240,27,0,0,27,0,nan,nan,0.0,0.0,1.0,nan,0,nan,nan,nan,nan,nan,nan,nan
bursts T=600s w=0.12,1,cfp,600,0.12,True,0.1,0.0,9.41,robust,240,27,0,0,27,0,nan,nan,0.0,0.0,0.9920013910624239,nan,0,nan,nan,nan,nan,nan,nan,nan
bursts T=600s w=0.12,1,cfp_narrow,600,0.12,True,0.1,0.0,9.41,all,240,27,27,197,0,58,0.12053571428571429,0.3794642857142857,1.0,0.9248826291079812,0.9920013910624239,0.14371397395966534,0,nan,nan,nan,nan,nan,nan,nan
bursts T=600s w=0.12,1,cfp_narrow,600,0.12,True,0.1,0.0,9.41,no_bursts,240,27,27,19,0,15,0.5869565217391305,0.9130434782608695,1.0,0.0892018779342723,1.0,0.14620169940004457,0,nan,nan,nan,nan,nan,nan,nan
bursts T=600s w=0.12,1,cfp_narrow,600,0.12,True,0.1,0.0,9.41,robust,240,27,27,18,0,15,0.6,0.9333333333333333,1.0,0.08450704225352113,0.9920013910624239,0.14371397395966534,0,nan,nan,nan,nan,nan,nan,nan
bursts T=600s w=0.12,2,cch_hollow,600,0.12,True,0.1,0.0,0.01,all,240,24,24,2,0,2,0.9230769230769231,1.0,1.0,0.009259259259259259,1.0,0.060201747513848436,0,nan,nan,nan,nan,nan,nan,nan
bursts T=600s w=0.12,2,cch_hollow,600,0.12,True,0.1,0.0,0.01,no_bursts,240,24,24,2,0,2,0.9230769230769231,1.0,1.0,0.009259259259259259,1.0,0.060201747513848436,0,nan,nan,nan,nan,nan,nan,nan
bursts T=600s w=0.12,2,cch_hollow,600,0.12,True,0.1,0.0,0.01,robust,240,24,24,2,0,2,0.9230769230769231,1.0,1.0,0.009259259259259259,1.0,0.060201747513848436,0,nan,nan,nan,nan,nan,nan,nan
bursts T=600s w=0.12,2,cch_jitter,600,0.12,True,0.1,0.0,9.52,all,240,24,24,0,0,0,1.0,1.0,1.0,0.0,1.0,0.060201747513848436,0,nan,nan,nan,nan,nan,nan,nan
bursts T=600s w=0.12,2,cch_jitter,600,0.12,True,0.1,0.0,9.52,no_bursts,240,24,24,0,0,0,1.0,1.0,1.0,0.0,1.0,0.060201747513848436,0,nan,nan,nan,nan,nan,nan,nan
bursts T=600s w=0.12,2,cch_jitter,600,0.12,True,0.1,0.0,9.52,robust,240,24,24,0,0,0,1.0,1.0,1.0,0.0,1.0,0.060201747513848436,0,nan,nan,nan,nan,nan,nan,nan
bursts T=600s w=0.12,2,sttc,600,0.12,True,0.1,0.0,14.14,all,120,22,21,2,1,2,0.9130434782608695,1.0,0.9545454545454546,0.02040816326530612,0.99860853432282,nan,0,nan,nan,nan,nan,nan,nan,nan
bursts T=600s w=0.12,2,sttc,600,0.12,True,0.1,0.0,14.14,no_bursts,120,22,22,0,0,0,1.0,1.0,1.0,0.0,1.0,nan,0,nan,nan,nan,nan,nan,nan,nan
bursts T=600s w=0.12,2,sttc,600,0.12,True,0.1,0.0,14.14,robust,120,22,21,0,1,0,1.0,1.0,0.9545454545454546,0.0,0.99860853432282,nan,0,nan,nan,nan,nan,nan,nan,nan
bursts T=600s w=0.12,2,tspe,600,0.12,True,0.1,0.0,19.14,all,240,24,24,2,0,2,0.9230769230769231,1.0,1.0,0.009259259259259259,1.0,0.2053498118044894,0,0,4,0,4,0.0,nan,nan
bursts T=600s w=0.12,2,tspe,600,0.12,True,0.1,0.0,19.14,no_bursts,240,24,24,4,0,3,0.8571428571428571,0.9642857142857143,1.0,0.018518518518518517,1.0,0.2053498118044894,0,0,9,0,9,0.0,nan,nan
bursts T=600s w=0.12,2,tspe,600,0.12,True,0.1,0.0,19.14,robust,240,24,24,1,0,1,0.96,1.0,1.0,0.004629629629629629,1.0,0.2053498118044894,0,0,4,0,4,0.0,nan,nan
bursts T=600s w=0.12,2,tspe_noreverse,600,0.12,True,0.1,0.0,19.14,all,240,24,24,2,0,2,0.9230769230769231,1.0,1.0,0.009259259259259259,1.0,0.2053498118044894,0,0,0,0,0,nan,nan,nan
bursts T=600s w=0.12,2,tspe_noreverse,600,0.12,True,0.1,0.0,19.14,no_bursts,240,24,24,4,0,3,0.8571428571428571,0.9642857142857143,1.0,0.018518518518518517,1.0,0.2053498118044894,0,0,0,0,0,nan,nan,nan
bursts T=600s w=0.12,2,tspe_noreverse,600,0.12,True,0.1,0.0,19.14,robust,240,24,24,1,0,1,0.96,1.0,1.0,0.004629629629629629,1.0,0.2053498118044894,0,0,0,0,0,nan,nan,nan
bursts T=600s w=0.12,2,cfp,600,0.12,True,0.1,0.0,9.14,all,240,24,0,204,24,51,0.0,0.25,0.0,0.9444444444444444,0.9704861111111112,nan,0,nan,nan,nan,nan,nan,nan,nan
bursts T=600s w=0.12,2,cfp,600,0.12,True,0.1,0.0,9.14,no_bursts,240,24,0,0,24,0,nan,nan,0.0,0.0,1.0,nan,0,nan,nan,nan,nan,nan,nan,nan
bursts T=600s w=0.12,2,cfp,600,0.12,True,0.1,0.0,9.14,robust,240,24,0,0,24,0,nan,nan,0.0,0.0,0.9704861111111112,nan,0,nan,nan,nan,nan,nan,nan,nan
bursts T=600s w=0.12,2,cfp_narrow,600,0.12,True,0.1,0.0,9.14,all,240,24,24,208,0,54,0.10344827586206896,0.33620689655172414,1.0,0.9629629629629629,0.9704861111111112,0.14019347088829437,0,nan,nan,nan,nan,nan,nan,nan
bursts T=600s w=0.12,2,cfp_narrow,600,0.12,True,0.1,0.0,9.14,no_bursts,240,24,24,13,0,10,0.6486486486486487,0.918918918918919,1.0,0.06018518518518518,1.0,0.15452144794112987,0,nan,nan,nan,nan,nan,nan,nan
bursts T=600s w=0.12,2,cfp_narrow,600,0.12,True,0.1,0.0,9.14,robust,240,24,24,13,0,10,0.6486486486486487,0.918918918918919,1.0,0.06018518518518518,0.9704861111111112,0.14019347088829437,0,nan,nan,nan,nan,nan,nan,nan
bursts T=1800s w=0.03,0,cch_hollow,1800,0.03,True,0.1,0.0,0.02,all,240,24,20,1,4,1,0.9523809523809523,1.0,0.8333333333333334,0.004629629629629629,1.0,0.12002485923542006,0,nan,nan,nan,nan,nan,nan,nan
bursts T=1800s w=0.03,0,cch_hollow,1800,0.03,True,0.1,0.0,0.02,no_bursts,240,24,20,1,4,0,0.9523809523809523,0.9523809523809523,0.8333333333333334,0.004629629629629629,1.0,0.12544132195113056,0,nan,nan,nan,nan,nan,nan,nan
bursts T=1800s w=0.03,0,cch_hollow,1800,0.03,True,0.1,0.0,0.02,robust,240,24,20,0,4,0,1.0,1.0,0.8333333333333334,0.0,1.0,0.12002485923542006,0,nan,nan,nan,nan,nan,nan,nan
bursts T=1800s w=0.03,0,cch_jitter,1800,0.03,True,0.1,0.0,26.78,all,240,24,23,0,1,0,1.0,1.0,0.9583333333333334,0.0,0.9836033950617284,0.12483000462665306,0,nan,nan,nan,nan,nan,nan,nan
bursts T=1800s w=0.03,0,cch_jitter,1800,0.03,True,0.1,0.0,26.78,no_bursts,240,24,23,1,1,0,0.9583333333333334,0.9583333333333334,0.9583333333333334,0.004629629629629629,0.9893904320987654,0.12483000462665306,0,nan,nan,nan,nan,nan,nan,nan
bursts T=1800s w=0.03,0,cch_jitter,1800,0.03,True,0.1,0.0,26.78,robust,240,24,23,0,1,0,1.0,1.0,0.9583333333333334,0.0,0.9836033950617284,0.12483000462665306,0,nan,nan,nan,nan,nan,nan,nan
bursts T=1800s w=0.03,0,sttc,1800,0.03,True,0.1,0.0,32.1,all,120,22,21,2,1,1,0.9130434782608695,0.9565217391304348,0.9545454545454546,0.02040816326530612,0.9944341372912802,nan,0,nan,nan,nan,nan,nan,nan,nan
bursts T=1800s w=0.03,0,sttc,1800,0.03,True,0.1,0.0,32.1,no_bursts,120,22,21,2,1,0,0.9130434782608695,0.9130434782608695,0.9545454545454546,0.02040816326530612,0.9976808905380334,nan,0,nan,nan,nan,nan,nan,nan,nan
bursts T=1800s w=0.03,0,sttc,1800,0.03,True,0.1,0.0,32.1,robust,120,22,20,0,2,0,1.0,1.0,0.9090909090909091,0.0,0.9944341372912802,nan,0,nan,nan,nan,nan,nan,nan,nan
bursts T=1800s w=0.03,0,tspe,1800,0.03,True,0.1,0.0,50.74,all,240,24,22,0,2,0,1.0,1.0,0.9166666666666666,0.0,0.9203317901234568,0.22462417887241237,0,0,4,0,4,0.0,nan,nan
bursts T=1800s w=0.03,0,tspe,1800,0.03,True,0.1,0.0,50.74,no_bursts,240,24,22,0,2,0,1.0,1.0,0.9166666666666666,0.0,0.9209104938271605,0.22462417887241237,0,0,6,0,5,0.0,nan,nan
bursts T=1800s w=0.03,0,tspe,1800,0.03,True,0.1,0.0,50.74,robust,240,24,22,0,2,0,1.0,1.0,0.9166666666666666,0.0,0.9203317901234568,0.22462417887241237,0,0,3,0,3,0.0,nan,nan
bursts T=1800s w=0.03,0,tspe_noreverse,1800,0.03,True,0.1,0.0,50.74,all,240,24,22,0,2,0,1.0,1.0,0.9166666666666666,0.0,0.9203317901234568,0.22462417887241237,0,0,0,0,0,nan,nan,nan
bursts T=1800s w=0.03,0,tspe_noreverse,1800,0.03,True,0.1,0.0,50.74,no_bursts,240,24,22,0,2,0,1.0,1.0,0.9166666666666666,0.0,0.9209104938271605,0.22462417887241237,0,0,1,0,0,0.0,nan,nan
bursts T=1800s w=0.03,0,tspe_noreverse,1800,0.03,True,0.1,0.0,50.74,robust,240,24,22,0,2,0,1.0,1.0,0.9166666666666666,0.0,0.9203317901234568,0.22462417887241237,0,0,0,0,0,nan,nan,nan
bursts T=1800s w=0.03,0,cfp,1800,0.03,True,0.1,0.0,14.22,all,240,24,17,214,7,60,0.0735930735930736,0.3333333333333333,0.7083333333333334,0.9907407407407407,0.9728009259259259,2.256917595757816,0,nan,nan,nan,nan,nan,nan,nan
bursts T=1800s w=0.03,0,cfp,1800,0.03,True,0.1,0.0,14.22,no_bursts,240,24,0,0,24,0,nan,nan,0.0,0.0,1.0,nan,0,nan,nan,nan,nan,nan,nan,nan
bursts T=1800s w=0.03,0,cfp,1800,0.03,True,0.1,0.0,14.22,robust,240,24,0,0,24,0,nan,nan,0.0,0.0,0.9728009259259259,nan,0,nan,nan,nan,nan,nan,nan,nan
bursts T=1800s w=0.03,0,cfp_narrow,1800,0.03,True,0.1,0.0,14.22,all,240,24,24,214,0,60,0.10084033613445378,0.35294117647058826,1.0,0.9907407407407407,0.9728009259259259,1.5452521930916248,0,nan,nan,nan,nan,nan,nan,nan
bursts T=1800s w=0.03,0,cfp_narrow,1800,0.03,True,0.1,0.0,14.22,no_bursts,240,24,24,6,0,1,0.8,0.8333333333333334,1.0,0.027777777777777776,1.0,0.1428480896182731,0,nan,nan,nan,nan,nan,nan,nan
bursts T=1800s w=0.03,0,cfp_narrow,1800,0.03,True,0.1,0.0,14.22,robust,240,24,24,6,0,1,0.8,0.8333333333333334,1.0,0.027777777777777776,0.9728009259259259,1.5452521930916248,0,nan,nan,nan,nan,nan,nan,nan
bursts T=1800s w=0.03,1,cch_hollow,1800,0.03,True,0.1,0.0,0.02,all,240,27,25,3,2,0,0.8928571428571429,0.8928571428571429,0.9259259259259259,0.014084507042253521,0.9998261171970092,0.1413842381896071,0,nan,nan,nan,nan,nan,nan,nan
bursts T=1800s w=0.03,1,cch_hollow,1800,0.03,True,0.1,0.0,0.02,no_bursts,240,27,25,3,2,1,0.8928571428571429,0.9285714285714286,0.9259259259259259,0.014084507042253521,1.0,0.16474039689182263,0,nan,nan,nan,nan,nan,nan,nan
bursts T=1800s w=0.03,1,cch_hollow,1800,0.03,True,0.1,0.0,0.02,robust,240,27,25,1,2,0,0.9615384615384616,0.9615384615384616,0.9259259259259259,0.004694835680751174,0.9998261171970092,0.1413842381896071,0,nan,nan,nan,nan,nan,nan,nan
bursts T=1800s w=0.03,1,cch_jitter,1800,0.03,True,0.1,0.0,23.33,all,240,27,26,1,1,0,0.9629629629629629,0.9629629629629629,0.9629629629629629,0.004694835680751174,0.9977395235611198,0.15080182567297118,0,nan,nan,nan,nan,nan,nan,nan
bursts T=1800s w=0.03,1,cch_jitter,1800,0.03,True,0.1,0.0,23.33,no_bursts,240,27,27,0,0,0,1.0,1.0,1.0,0.0,1.0,0.16021941315633526,0,nan,nan,nan,nan,nan,nan,nan
bursts T=1800s w=0.03,1,cch_jitter,1800,0.03,True,0.1,0.0,23.33,robust,240,27,26,0,1,0,1.0,1.0,0.9629629629629629,0.0,0.9977395235611198,0.15080182567297118,0,nan,nan,nan,nan,nan,nan,nan
bursts T=1800s w=0.03,1,sttc,1800,0.03,True,0.1,0.0,28.58,all,120,25,20,2,5,1,0.9090909090909091,0.9545454545454546,0.8,0.021052631578947368,0.9797894736842105,nan,0,nan,nan,nan,nan,nan,nan,nan
bursts T=1800s w=0.03,1,sttc,1800,0.03,True,0.1,0.0,28.58,no_bursts,120,25,22,1,3,0,0.9565217391304348,0.9565217391304348,0.88,0.010526315789473684,0.9953684210526316,nan,0,nan,nan,nan,nan,nan,nan,nan
bursts T=1800s w=0.03,1,sttc,1800,0.03,True,0.1,0.0,28.58,robust,120,25,18,0,7,0,1.0,1.0,0.72,0.0,0.9797894736842105,nan,0,nan,nan,nan,nan,nan,nan,nan
bursts T=1800s w=0.03,1,tspe,1800,0.03,True,0.1,0.0,50.63,all,240,27,18,0,9,0,1.0,1.0,0.6666666666666666,0.0,0.975830290384281,0.21071240548172931,0,0,2,0,1,0.0,nan,nan
bursts T=1800s w=0.03,1,tspe,1800,0.03,True,0.1,0.0,50.63,no_bursts,240,27,24,0,3,0,1.0,1.0,0.8888888888888888,0.0,0.9989567031820553,0.22023007601638378,0,0,5,0,4,0.0,nan,nan
bursts T=1800s w=0.03,1,tspe,1800,0.03,True,0.1,0.0,50.63,robust,240,27,17,0,10,0,1.0,1.0,0.6296296296296297,0.0,0.975830290384281,0.21516091950802174,0,0,1,0,1,0.0,nan,nan
bursts T=1800s w=0.03,1,tspe_noreverse,1800,0.03,True,0.1,0.0,50.63,all,240,27,18,0,9,0,1.0,1.0,0.6666666666666666,0.0,0.975830290384281,0.21071240548172931,0,0,1,0,0,0.0,nan,nan
bursts T=1800s w=0.03,1,tspe_noreverse,1800,0.03,True,0.1,0.0,50.63,no_bursts,240,27,24,0,3,0,1.0,1.0,0.8888888888888888,0.0,0.9989567031820553,0.22023007601638378,0,0,1,0,0,0.0,nan,nan
bursts T=1800s w=0.03,1,tspe_noreverse,1800,0.03,True,0.1,0.0,50.63,robust,240,27,17,0,10,0,1.0,1.0,0.6296296296296297,0.0,0.975830290384281,0.21516091950802174,0,0,0,0,0,nan,nan,nan
bursts T=1800s w=0.03,1,cfp,1800,0.03,True,0.1,0.0,12.7,all,240,27,16,211,11,59,0.07048458149779736,0.3303964757709251,0.5925925925925926,0.9906103286384976,0.9441836202399583,1.9366106955709061,0,nan,nan,nan,nan,nan,nan,nan
bursts T=1800s w=0.03,1,cfp,1800,0.03,True,0.1,0.0,12.7,no_bursts,240,27,0,0,27,0,nan,nan,0.0,0.0,1.0,nan,0,nan,nan,nan,nan,nan,nan,nan
bursts T=1800s w=0.03,1,cfp,1800,0.03,True,0.1,0.0,12.7,robust,240,27,0,0,27,0,nan,nan,0.0,0.0,0.9441836202399583,nan,0,nan,nan,nan,nan,nan,nan,nan
bursts T=1800s w=0.03,1,cfp_narrow,1800,0.03,True,0.1,0.0,12.7,all,240,27,27,212,0,59,0.11297071129707113,0.3598326359832636,1.0,0.9953051643192489,0.9441836202399583,1.3253027298698647,0,nan,nan,nan,nan,nan,nan,nan
bursts T=1800s w=0.03,1,cfp_narrow,1800,0.03,True,0.1,0.0,12.7,no_bursts,240,27,27,3,0,2,0.9,0.9666666666666667,1.0,0.014084507042253521,1.0,0.1346053297102121,0,nan,nan,nan,nan,nan,nan,nan
bursts T=1800s w=0.03,1,cfp_narrow,1800,0.03,True,0.1,0.0,12.7,robust,240,27,27,3,0,2,0.9,0.9666666666666667,1.0,0.014084507042253521,0.9441836202399583,1.3253027298698647,0,nan,nan,nan,nan,nan,nan,nan
bursts T=1800s w=0.03,2,cch_hollow,1800,0.03,True,0.1,0.0,0.02,all,240,24,24,0,0,0,1.0,1.0,1.0,0.0,1.0,0.060201747513848436,0,nan,nan,nan,nan,nan,nan,nan
bursts T=1800s w=0.03,2,cch_hollow,1800,0.03,True,0.1,0.0,0.02,no_bursts,240,24,24,0,0,0,1.0,1.0,1.0,0.0,1.0,0.060201747513848436,0,nan,nan,nan,nan,nan,nan,nan
bursts T=1800s w=0.03,2,cch_hollow,1800,0.03,True,0.1,0.0,0.02,robust,240,24,24,0,0,0,1.0,1.0,1.0,0.0,1.0,0.060201747513848436,0,nan,nan,nan,nan,nan,nan,nan
bursts T=1800s w=0.03,2,cch_jitter,1800,0.03,True,0.1,0.0,25.12,all,240,24,23,0,1,0,1.0,1.0,0.9583333333333334,0.0,0.9992283950617284,0.06196901602543137,0,nan,nan,nan,nan,nan,nan,nan
bursts T=1800s w=0.03,2,cch_jitter,1800,0.03,True,0.1,0.0,25.12,no_bursts,240,24,24,1,0,1,0.96,1.0,1.0,0.004629629629629629,1.0,0.060201747513848436,0,nan,nan,nan,nan,nan,nan,nan
bursts T=1800s w=0.03,2,cch_jitter,1800,0.03,True,0.1,0.0,25.12,robust,240,24,23,0,1,0,1.0,1.0,0.9583333333333334,0.0,0.9992283950617284,0.06196901602543137,0,nan,nan,nan,nan,nan,nan,nan
bursts T=1800s w=0.03,2,sttc,1800,0.03,True,0.1,0.0,29.97,all,120,22,17,2,5,0,0.8947368421052632,0.8947368421052632,0.7727272727272727,0.02040816326530612,0.950834879406308,nan,0,nan,nan,nan,nan,nan,nan,nan
bursts T=1800s w=0.03,2,sttc,1800,0.03,True,0.1,0.0,29.97,no_bursts,120,22,19,1,3,1,0.95,1.0,0.8636363636363636,0.01020408163265306,0.9944341372912802,nan,0,nan,nan,nan,nan,nan,nan,nan
bursts T=1800s w=0.03,2,sttc,1800,0.03,True,0.1,0.0,29.97,robust,120,22,15,0,7,0,1.0,1.0,0.6818181818181818,0.0,0.950834879406308,nan,0,nan,nan,nan,nan,nan,nan,nan
bursts T=1800s w=0.03,2,tspe,1800,0.03,True,0.1,0.0,51.15,all,240,24,15,0,9,0,1.0,1.0,0.625,0.0,0.9608410493827161,0.2171717352679825,0,0,0,0,0,nan,nan,nan
bursts T=1800s w=0.03,2,tspe,1800,0.03,True,0.1,0.0,51.15,no_bursts,240,24,21,0,3,0,1.0,1.0,0.875,0.0,1.0,0.2110237513845341,0,0,4,0,3,0.0,nan,nan
bursts T=1800s w=0.03,2,tspe,1800,0.03,True,0.1,0.0,51.15,robust,240,24,15,0,9,0,1.0,1.0,0.625,0.0,0.9608410493827161,0.2171717352679825,0,0,0,0,0,nan,nan,nan
bursts T=1800s w=0.03,2,tspe_noreverse,1800,0.03,True,0.1,0.0,51.15,all,240,24,15,0,9,0,1.0,1.0,0.625,0.0,0.9608410493827161,0.2171717352679825,0,0,0,0,0,nan,nan,nan
bursts T=1800s w=0.03,2,tspe_noreverse,1800,0.03,True,0.1,0.0,51.15,no_bursts,240,24,21,0,3,0,1.0,1.0,0.875,0.0,1.0,0.2110237513845341,0,0,1,0,0,0.0,nan,nan
bursts T=1800s w=0.03,2,tspe_noreverse,1800,0.03,True,0.1,0.0,51.15,robust,240,24,15,0,9,0,1.0,1.0,0.625,0.0,0.9608410493827161,0.2171717352679825,0,0,0,0,0,nan,nan,nan
bursts T=1800s w=0.03,2,cfp,1800,0.03,True,0.1,0.0,13.1,all,240,24,16,212,8,54,0.07017543859649122,0.30701754385964913,0.6666666666666666,0.9814814814814815,0.8777970679012346,2.285902256673742,0,nan,nan,nan,nan,nan,nan,nan
bursts T=1800s w=0.03,2,cfp,1800,0.03,True,0.1,0.0,13.1,no_bursts,240,24,0,0,24,0,nan,nan,0.0,0.0,1.0,nan,0,nan,nan,nan,nan,nan,nan,nan
bursts T=1800s w=0.03,2,cfp,1800,0.03,True,0.1,0.0,13.1,robust,240,24,0,0,24,0,nan,nan,0.0,0.0,0.8777970679012346,nan,0,nan,nan,nan,nan,nan,nan,nan
bursts T=1800s w=0.03,2,cfp_narrow,1800,0.03,True,0.1,0.0,13.1,all,240,24,24,213,0,54,0.10126582278481013,0.3291139240506329,1.0,0.9861111111111112,0.8777970679012346,1.6416123689195727,0,nan,nan,nan,nan,nan,nan,nan
bursts T=1800s w=0.03,2,cfp_narrow,1800,0.03,True,0.1,0.0,13.1,no_bursts,240,24,24,1,0,1,0.96,1.0,1.0,0.004629629629629629,1.0,0.17378226005264952,0,nan,nan,nan,nan,nan,nan,nan
bursts T=1800s w=0.03,2,cfp_narrow,1800,0.03,True,0.1,0.0,13.1,robust,240,24,24,1,0,1,0.96,1.0,1.0,0.004629629629629629,0.8777970679012346,1.6416123689195727,0,nan,nan,nan,nan,nan,nan,nan
bursts T=1800s w=0.06,0,cch_hollow,1800,0.06,True,0.1,0.0,0.02,all,240,24,20,2,4,2,0.9090909090909091,1.0,0.8333333333333334,0.009259259259259259,1.0,0.12002485923542006,0,nan,nan,nan,nan,nan,nan,nan
bursts T=1800s w=0.06,0,cch_hollow,1800,0.06,True,0.1,0.0,0.02,no_bursts,240,24,20,5,4,4,0.8,0.96,0.8333333333333334,0.023148148148148147,1.0,0.12002485923542006,0,nan,nan,nan,nan,nan,nan,nan
bursts T=1800s w=0.06,0,cch_hollow,1800,0.06,True,0.1,0.0,0.02,robust,240,24,20,2,4,2,0.9090909090909091,1.0,0.8333333333333334,0.009259259259259259,1.0,0.12002485923542006,0,nan,nan,nan,nan,nan,nan,nan
bursts T=1800s w=0.06,0,cch_jitter,1800,0.06,True,0.1,0.0,28.56,all,240,24,23,0,1,0,1.0,1.0,0.9583333333333334,0.0,0.9994212962962963,0.12483000462665306,0,nan,nan,nan,nan,nan,nan,nan
bursts T=1800s w=0.06,0,cch_jitter,1800,0.06,True,0.1,0.0,28.56,no_bursts,240,24,23,2,1,2,0.92,1.0,0.9583333333333334,0.009259259259259259,0.9965277777777778,0.12483000462665306,0,nan,nan,nan,nan,nan,nan,nan
bursts T=1800s w=0.06,0,cch_jitter,1800,0.06,True,0.1,0.0,28.56,robust,240,24,23,0,1,0,1.0,1.0,0.9583333333333334,0.0,0.9994212962962963,0.12483000462665306,0,nan,nan,nan,nan,nan,nan,nan
bursts T=1800s w=0.06,0,sttc,1800,0.06,True,0.1,0.0,34.81,all,120,22,22,6,0,3,0.7857142857142857,0.8928571428571429,1.0,0.061224489795918366,0.9995361781076066,nan,0,nan,nan,nan,nan,nan,nan,nan
bursts T=1800s w=0.06,0,sttc,1800,0.06,True,0.1,0.0,34.81,no_bursts,120,22,22,5,0,4,0.8148148148148148,0.9629629629629629,1.0,0.05102040816326531,1.0,nan,0,nan,nan,nan,nan,nan,nan,nan
bursts T=1800s w=0.06,0,sttc,1800,0.06,True,0.1,0.0,34.81,robust,120,22,22,2,0,2,0.9166666666666666,1.0,1.0,0.02040816326530612,0.9995361781076066,nan,0,nan,nan,nan,nan,nan,nan,nan
bursts T=1800s w=0.06,0,tspe,1800,0.06,True,0.1,0.0,48.95,all,240,24,23,0,1,0,1.0,1.0,0.9583333333333334,0.0,0.9598765432098766,0.208995407291094,0,0,9,0,9,0.0,nan,nan
bursts T=1800s w=0.06,0,tspe,1800,0.06,True,0.1,0.0,48.95,no_bursts,240,24,22,1,2,1,0.9565217391304348,1.0,0.9166666666666666,0.004629629629629629,0.9211033950617284,0.22462417887241237,0,0,17,0,16,0.0,nan,nan
bursts T=1800s w=0.06,0,tspe,1800,0.06,True,0.1,0.0,48.95,robust,240,24,22,0,2,0,1.0,1.0,0.9166666666666666,0.0,0.9598765432098766,0.22462417887241237,0,0,9,0,9,0.0,nan,nan
bursts T=1800s w=0.06,0,tspe_noreverse,1800,0.06,True,0.1,0.0,48.95,all,240,24,23,0,1,0,1.0,1.0,0.9583333333333334,0.0,0.9598765432098766,0.208995407291094,0,0,0,0,0,nan,nan,nan
bursts T=1800s w=0.06,0,tspe_noreverse,1800,0.06,True,0.1,0.0,48.95,no_bursts,240,24,22,1,2,1,0.9565217391304348,1.0,0.9166666666666666,0.004629629629629629,0.9211033950617284,0.22462417887241237,0,0,1,0,0,0.0,nan,nan
bursts T=1800s w=0.06,0,tspe_noreverse,1800,0.06,True,0.1,0.0,48.95,robust,240,24,22,0,2,0,1.0,1.0,0.9166666666666666,0.0,0.9598765432098766,0.22462417887241237,0,0,0,0,0,nan,nan,nan
bursts T=1800s w=0.06,0,cfp,1800,0.06,True,0.1,0.0,12.29,all,240,24,6,215,18,60,0.027149321266968326,0.2986425339366516,0.25,0.9953703703703703,0.9884259259259259,2.4687202675416278,0,nan,nan,nan,nan,nan,nan,nan
bursts T=1800s w=0.06,0,cfp,1800,0.06,True,0.1,0.0,12.29,no_bursts,240,24,0,0,24,0,nan,nan,0.0,0.0,1.0,nan,0,nan,nan,nan,nan,nan,nan,nan
bursts T=1800s w=0.06,0,cfp,1800,0.06,True,0.1,0.0,12.29,robust,240,24,0,0,24,0,nan,nan,0.0,0.0,0.9884259259259259,nan,0,nan,nan,nan,nan,nan,nan,nan
bursts T=1800s w=0.06,0,cfp_narrow,1800,0.06,True,0.1,0.0,12.29,all,240,24,24,215,0,60,0.100418410041841,0.3514644351464435,1.0,0.9953703703703703,0.9884259259259259,0.14333860022900646,0,nan,nan,nan,nan,nan,nan,nan
bursts T=1800s w=0.06,0,cfp_narrow,1800,0.06,True,0.1,0.0,12.29,no_bursts,240,24,24,12,0,5,0.6666666666666666,0.8055555555555556,1.0,0.05555555555555555,1.0,0.12776915150262802,0,nan,nan,nan,nan,nan,nan,nan
bursts T=1800s w=0.06,0,cfp_narrow,1800,0.06,True,0.1,0.0,12.29,robust,240,24,24,12,0,5,0.6666666666666666,0.8055555555555556,1.0,0.05555555555555555,0.9884259259259259,0.14333860022900646,0,nan,nan,nan,nan,nan,nan,nan
bursts T=1800s w=0.06,1,cch_hollow,1800,0.06,True,0.1,0.0,0.02,all,240,27,25,3,2,0,0.8928571428571429,0.8928571428571429,0.9259259259259259,0.014084507042253521,1.0,0.1413842381896071,0,nan,nan,nan,nan,nan,nan,nan
bursts T=1800s w=0.06,1,cch_hollow,1800,0.06,True,0.1,0.0,0.02,no_bursts,240,27,25,2,2,0,0.9259259259259259,0.9259259259259259,0.9259259259259259,0.009389671361502348,1.0,0.1413842381896071,0,nan,nan,nan,nan,nan,nan,nan
bursts T=1800s w=0.06,1,cch_hollow,1800,0.06,True,0.1,0.0,0.02,robust,240,27,25,1,2,0,0.9615384615384616,0.9615384615384616,0.9259259259259259,0.004694835680751174,1.0,0.1413842381896071,0,nan,nan,nan,nan,nan,nan,nan
bursts T=1800s w=0.06,1,cch_jitter,1800,0.06,True,0.1,0.0,24.55,all,240,27,27,1,0,0,0.9642857142857143,0.9642857142857143,1.0,0.004694835680751174,1.0,0.12500847586886343,0,nan,nan,nan,nan,nan,nan,nan
bursts T=1800s w=0.06,1,cch_jitter,1800,0.06,True,0.1,0.0,24.55,no_bursts,240,27,27,0,0,0,1.0,1.0,1.0,0.0,1.0,0.12500847586886343,0,nan,nan,nan,nan,nan,nan,nan
bursts T=1800s w=0.06,1,cch_jitter,1800,0.06,True,0.1,0.0,24.55,robust,240,27,27,0,0,0,1.0,1.0,1.0,0.0,1.0,0.12500847586886343,0,nan,nan,nan,nan,nan,nan,nan
bursts T=1800s w=0.06,1,sttc,1800,0.06,True,0.1,0.0,28.09,all,120,25,25,4,0,2,0.8620689655172413,0.9310344827586207,1.0,0.042105263157894736,0.999578947368421,nan,0,nan,nan,nan,nan,nan,nan,nan
bursts T=1800s w=0.06,1,sttc,1800,0.06,True,0.1,0.0,28.09,no_bursts,120,25,25,4,0,1,0.8620689655172413,0.896551724137931,1.0,0.042105263157894736,1.0,nan,0,nan,nan,nan,nan,nan,nan,nan
bursts T=1800s w=0.06,1,sttc,1800,0.06,True,0.1,0.0,28.09,robust,120,25,25,0,0,0,1.0,1.0,1.0,0.0,0.999578947368421,nan,0,nan,nan,nan,nan,nan,nan,nan
bursts T=1800s w=0.06,1,tspe,1800,0.06,True,0.1,0.0,47.19,all,240,27,27,0,0,0,1.0,1.0,1.0,0.0,1.0,0.22529923252474582,0,0,6,0,4,0.0,nan,nan
bursts T=1800s w=0.06,1,tspe,1800,0.06,True,0.1,0.0,47.19,no_bursts,240,27,27,0,0,0,1.0,1.0,1.0,0.0,1.0,0.22529923252474582,0,0,14,0,12,0.0,nan,nan
bursts T=1800s w=0.06,1,tspe,1800,0.06,True,0.1,0.0,47.19,robust,240,27,27,0,0,0,1.0,1.0,1.0,0.0,1.0,0.22529923252474582,0,0,4,0,4,0.0,nan,nan
bursts T=1800s w=0.06,1,tspe_noreverse,1800,0.06,True,0.1,0.0,47.19,all,240,27,27,0,0,0,1.0,1.0,1.0,0.0,1.0,0.22529923252474582,0,0,2,0,0,0.0,nan,nan
bursts T=1800s w=0.06,1,tspe_noreverse,1800,0.06,True,0.1,0.0,47.19,no_bursts,240,27,27,0,0,0,1.0,1.0,1.0,0.0,1.0,0.22529923252474582,0,0,2,0,0,0.0,nan,nan
bursts T=1800s w=0.06,1,tspe_noreverse,1800,0.06,True,0.1,0.0,47.19,robust,240,27,27,0,0,0,1.0,1.0,1.0,0.0,1.0,0.22529923252474582,0,0,0,0,0,nan,nan,nan
bursts T=1800s w=0.06,1,cfp,1800,0.06,True,0.1,0.0,12.6,all,240,27,9,211,18,58,0.04090909090909091,0.30454545454545456,0.3333333333333333,0.9906103286384976,0.9852199617457833,2.007970485824327,0,nan,nan,nan,nan,nan,nan,nan
bursts T=1800s w=0.06,1,cfp,1800,0.06,True,0.1,0.0,12.6,no_bursts,240,27,0,0,27,0,nan,nan,0.0,0.0,1.0,nan,0,nan,nan,nan,nan,nan,nan,nan
bursts T=1800s w=0.06,1,cfp,1800,0.06,True,0.1,0.0,12.6,robust,240,27,0,0,27,0,nan,nan,0.0,0.0,0.9852199617457833,nan,0,nan,nan,nan,nan,nan,nan,nan
bursts T=1800s w=0.06,1,cfp_narrow,1800,0.06,True,0.1,0.0,12.6,all,240,27,27,211,0,58,0.1134453781512605,0.35714285714285715,1.0,0.9906103286384976,0.9852199617457833,0.1972210947037225,0,nan,nan,nan,nan,nan,nan,nan
bursts T=1800s w=0.06,1,cfp_narrow,1800,0.06,True,0.1,0.0,12.6,no_bursts,240,27,27,4,0,3,0.8709677419354839,0.967741935483871,1.0,0.018779342723004695,1.0,0.1251431871005848,0,nan,nan,nan,nan,nan,nan,nan
bursts T=1800s w=0.06,1,cfp_narrow,1800,0.06,True,0.1,0.0,12.6,robust,240,27,27,4,0,3,0.8709677419354839,0.967741935483871,1.0,0.018779342723004695,0.9852199617457833,0.1972210947037225,0,nan,nan,nan,nan,nan,nan,nan
bursts T=1800s w=0.06,2,cch_hollow,1800,0.06,True,0.1,0.0,0.02,all,240,24,24,0,0,0,1.0,1.0,1.0,0.0,1.0,0.060201747513848436,0,nan,nan,nan,nan,nan,nan,nan
bursts T=1800s w=0.06,2,cch_hollow,1800,0.06,True,0.1,0.0,0.02,no_bursts,240,24,24,0,0,0,1.0,1.0,1.0,0.0,1.0,0.060201747513848436,0,nan,nan,nan,nan,nan,nan,nan
bursts T=1800s w=0.06,2,cch_hollow,1800,0.06,True,0.1,0.0,0.02,robust,240,24,24,0,0,0,1.0,1.0,1.0,0.0,1.0,0.060201747513848436,0,nan,nan,nan,nan,nan,nan,nan
bursts T=1800s w=0.06,2,cch_jitter,1800,0.06,True,0.1,0.0,26.04,all,240,24,24,1,0,0,0.96,0.96,1.0,0.004629629629629629,1.0,0.060201747513848436,0,nan,nan,nan,nan,nan,nan,nan
bursts T=1800s w=0.06,2,cch_jitter,1800,0.06,True,0.1,0.0,26.04,no_bursts,240,24,24,0,0,0,1.0,1.0,1.0,0.0,1.0,0.060201747513848436,0,nan,nan,nan,nan,nan,nan,nan
bursts T=1800s w=0.06,2,cch_jitter,1800,0.06,True,0.1,0.0,26.04,robust,240,24,24,0,0,0,1.0,1.0,1.0,0.0,1.0,0.060201747513848436,0,nan,nan,nan,nan,nan,nan,nan
bursts T=1800s w=0.06,2,sttc,1800,0.06,True,0.1,0.0,29.53,all,120,22,22,3,0,0,0.88,0.88,1.0,0.030612244897959183,0.9967532467532467,nan,0,nan,nan,nan,nan,nan,nan,nan
bursts T=1800s w=0.06,2,sttc,1800,0.06,True,0.1,0.0,29.53,no_bursts,120,22,21,2,1,1,0.9130434782608695,0.9565217391304348,0.9545454545454546,0.02040816326530612,0.99860853432282,nan,0,nan,nan,nan,nan,nan,nan,nan
bursts T=1800s w=0.06,2,sttc,1800,0.06,True,0.1,0.0,29.53,robust,120,22,21,0,1,0,1.0,1.0,0.9545454545454546,0.0,0.9967532467532467,nan,0,nan,nan,nan,nan,nan,nan,nan
bursts T=1800s w=0.06,2,tspe,1800,0.06,True,0.1,0.0,48.79,all,240,24,23,0,1,0,1.0,1.0,0.9583333333333334,0.0,0.9998070987654321,0.19967587222444472,0,0,3,0,3,0.0,nan,nan
bursts T=1800s w=0.06,2,tspe,1800,0.06,True,0.1,0.0,48.79,no_bursts,240,24,24,1,0,1,0.96,1.0,1.0,0.004629629629629629,1.0,0.2053498118044894,0,0,11,0,10,0.0,nan,nan
bursts T=1800s w=0.06,2,tspe,1800,0.06,True,0.1,0.0,48.79,robust,240,24,23,0,1,0,1.0,1.0,0.9583333333333334,0.0,0.9998070987654321,0.19967587222444472,0,0,3,0,3,0.0,nan,nan
bursts T=1800s w=0.06,2,tspe_noreverse,1800,0.06,True,0.1,0.0,48.79,all,240,24,23,0,1,0,1.0,1.0,0.9583333333333334,0.0,0.9998070987654321,0.19967587222444472,0,0,0,0,0,nan,nan,nan
bursts T=1800s w=0.06,2,tspe_noreverse,1800,0.06,True,0.1,0.0,48.79,no_bursts,240,24,24,1,0,1,0.96,1.0,1.0,0.004629629629629629,1.0,0.2053498118044894,0,0,1,0,0,0.0,nan,nan
bursts T=1800s w=0.06,2,tspe_noreverse,1800,0.06,True,0.1,0.0,48.79,robust,240,24,23,0,1,0,1.0,1.0,0.9583333333333334,0.0,0.9998070987654321,0.19967587222444472,0,0,0,0,0,nan,nan,nan
bursts T=1800s w=0.06,2,cfp,1800,0.06,True,0.1,0.0,12.94,all,240,24,8,213,16,55,0.03619909502262444,0.2850678733031674,0.3333333333333333,0.9861111111111112,0.9475308641975309,2.20712896718168,0,nan,nan,nan,nan,nan,nan,nan
bursts T=1800s w=0.06,2,cfp,1800,0.06,True,0.1,0.0,12.94,no_bursts,240,24,0,0,24,0,nan,nan,0.0,0.0,1.0,nan,0,nan,nan,nan,nan,nan,nan,nan
bursts T=1800s w=0.06,2,cfp,1800,0.06,True,0.1,0.0,12.94,robust,240,24,0,0,24,0,nan,nan,0.0,0.0,0.9475308641975309,nan,0,nan,nan,nan,nan,nan,nan,nan
bursts T=1800s w=0.06,2,cfp_narrow,1800,0.06,True,0.1,0.0,12.94,all,240,24,24,214,0,55,0.10084033613445378,0.3319327731092437,1.0,0.9907407407407407,0.9475308641975309,0.21712255069635145,0,nan,nan,nan,nan,nan,nan,nan
bursts T=1800s w=0.06,2,cfp_narrow,1800,0.06,True,0.1,0.0,12.94,no_bursts,240,24,24,6,0,4,0.8,0.9333333333333333,1.0,0.027777777777777776,1.0,0.15964249850656698,0,nan,nan,nan,nan,nan,nan,nan
bursts T=1800s w=0.06,2,cfp_narrow,1800,0.06,True,0.1,0.0,12.94,robust,240,24,24,6,0,4,0.8,0.9333333333333333,1.0,0.027777777777777776,0.9475308641975309,0.21712255069635145,0,nan,nan,nan,nan,nan,nan,nan
bursts T=1800s w=0.12,0,cch_hollow,1800,0.12,True,0.1,0.0,0.03,all,240,24,20,15,4,14,0.5714285714285714,0.9714285714285714,0.8333333333333334,0.06944444444444445,1.0,0.12002485923542006,0,nan,nan,nan,nan,nan,nan,nan
bursts T=1800s w=0.12,0,cch_hollow,1800,0.12,True,0.1,0.0,0.03,no_bursts,240,24,20,16,4,14,0.5555555555555556,0.9444444444444444,0.8333333333333334,0.07407407407407407,1.0,0.12002485923542006,0,nan,nan,nan,nan,nan,nan,nan
bursts T=1800s w=0.12,0,cch_hollow,1800,0.12,True,0.1,0.0,0.03,robust,240,24,20,13,4,13,0.6060606060606061,1.0,0.8333333333333334,0.06018518518518518,1.0,0.12002485923542006,0,nan,nan,nan,nan,nan,nan,nan
bursts T=1800s w=0.12,0,cch_jitter,1800,0.12,True,0.1,0.0,31.03,all,240,24,24,9,0,9,0.7272727272727273,1.0,1.0,0.041666666666666664,0.9984567901234568,0.12002485923542006,0,nan,nan,nan,nan,nan,nan,nan
bursts T=1800s w=0.12,0,cch_jitter,1800,0.12,True,0.1,0.0,31.03,no_bursts,240,24,23,10,1,9,0.696969696969697,0.9696969696969697,0.9583333333333334,0.046296296296296294,0.9972993827160493,0.12483000462665306,0,nan,nan,nan,nan,nan,nan,nan
bursts T=1800s w=0.12,0,cch_jitter,1800,0.12,True,0.1,0.0,31.03,robust,240,24,23,9,1,9,0.71875,1.0,0.9583333333333334,0.041666666666666664,0.9984567901234568,0.12483000462665306,0,nan,nan,nan,nan,nan,nan,nan
bursts T=1800s w=0.12,0,sttc,1800,0.12,True,0.1,0.0,37.33,all,120,22,22,25,0,20,0.46808510638297873,0.8936170212765957,1.0,0.25510204081632654,1.0,nan,0,nan,nan,nan,nan,nan,nan,nan
bursts T=1800s w=0.12,0,sttc,1800,0.12,True,0.1,0.0,37.33,no_bursts,120,22,22,23,0,22,0.4888888888888889,0.9777777777777777,1.0,0.23469387755102042,0.9995361781076066,nan,0,nan,nan,nan,nan,nan,nan,nan
bursts T=1800s w=0.12,0,sttc,1800,0.12,True,0.1,0.0,37.33,robust,120,22,22,19,0,19,0.5365853658536586,1.0,1.0,0.19387755102040816,1.0,nan,0,nan,nan,nan,nan,nan,nan,nan
bursts T=1800s w=0.12,0,tspe,1800,0.12,True,0.1,0.0,52.47,all,240,24,23,17,1,17,0.575,1.0,0.9583333333333334,0.0787037037037037,0.9587191358024691,0.208995407291094,0,0,18,0,18,0.0,nan,nan
bursts T=1800s w=0.12,0,tspe,1800,0.12,True,0.1,0.0,52.47,no_bursts,240,24,23,21,1,21,0.5227272727272727,1.0,0.9583333333333334,0.09722222222222222,0.956983024691358,0.208995407291094,0,0,22,0,20,0.0,nan,nan
bursts T=1800s w=0.12,0,tspe,1800,0.12,True,0.1,0.0,52.47,robust,240,24,23,16,1,16,0.5897435897435898,1.0,0.9583333333333334,0.07407407407407407,0.9587191358024691,0.208995407291094,0,0,18,0,18,0.0,nan,nan
bursts T=1800s w=0.12,0,tspe_noreverse,1800,0.12,True,0.1,0.0,52.47,all,240,24,23,17,1,17,0.575,1.0,0.9583333333333334,0.0787037037037037,0.9587191358024691,0.208995407291094,0,0,0,0,0,nan,nan,nan
bursts T=1800s w=0.12,0,tspe_noreverse,1800,0.12,True,0.1,0.0,52.47,no_bursts,240,24,23,21,1,21,0.5227272727272727,1.0,0.9583333333333334,0.09722222222222222,0.956983024691358,0.208995407291094,0,0,1,0,0,0.0,nan,nan
bursts T=1800s w=0.12,0,tspe_noreverse,1800,0.12,True,0.1,0.0,52.47,robust,240,24,23,16,1,16,0.5897435897435898,1.0,0.9583333333333334,0.07407407407407407,0.9587191358024691,0.208995407291094,0,0,0,0,0,nan,nan,nan
bursts T=1800s w=0.12,0,cfp,1800,0.12,True,0.1,0.0,15.22,all,240,24,0,215,24,59,0.0,0.2744186046511628,0.0,0.9953703703703703,0.9444444444444444,nan,0,nan,nan,nan,nan,nan,nan,nan
bursts T=1800s w=0.12,0,cfp,1800,0.12,True,0.1,0.0,15.22,no_bursts,240,24,0,0,24,0,nan,nan,0.0,0.0,1.0,nan,0,nan,nan,nan,nan,nan,nan,nan
bursts T=1800s w=0.12,0,cfp,1800,0.12,True,0.1,0.0,15.22,robust,240,24,0,0,24,0,nan,nan,0.0,0.0,0.9444444444444444,nan,0,nan,nan,nan,nan,nan,nan,nan
bursts T=1800s w=0.12,0,cfp_narrow,1800,0.12,True,0.1,0.0,15.22,all,240,24,24,216,0,60,0.1,0.35,1.0,1.0,0.9444444444444444,0.1263275588264431,0,nan,nan,nan,nan,nan,nan,nan
bursts T=1800s w=0.12,0,cfp_narrow,1800,0.12,True,0.1,0.0,15.22,no_bursts,240,24,24,47,0,40,0.3380281690140845,0.9014084507042254,1.0,0.2175925925925926,1.0,0.14317689596989136,0,nan,nan,nan,nan,nan,nan,nan
bursts T=1800s w=0.12,0,cfp_narrow,1800,0.12,True,0.1,0.0,15.22,robust,240,24,24,47,0,40,0.3380281690140845,0.9014084507042254,1.0,0.2175925925925926,0.9444444444444444,0.1263275588264431,0,nan,nan,nan,nan,nan,nan,nan
bursts T=1800s w=0.12,1,cch_hollow,1800,0.12,True,0.1,0.0,0.02,all,240,27,25,10,2,9,0.7142857142857143,0.9714285714285714,0.9259259259259259,0.046948356807511735,1.0,0.1413842381896071,0,nan,nan,nan,nan,nan,nan,nan
bursts T=1800s w=0.12,1,cch_hollow,1800,0.12,True,0.1,0.0,0.02,no_bursts,240,27,25,15,2,13,0.625,0.95,0.9259259259259259,0.07042253521126761,1.0,0.1413842381896071,0,nan,nan,nan,nan,nan,nan,nan
bursts T=1800s w=0.12,1,cch_hollow,1800,0.12,True,0.1,0.0,0.02,robust,240,27,25,9,2,9,0.7352941176470589,1.0,0.9259259259259259,0.04225352112676056,1.0,0.1413842381896071,0,nan,nan,nan,nan,nan,nan,nan
bursts T=1800s w=0.12,1,cch_jitter,1800,0.12,True,0.1,0.0,26.45,all,240,27,27,4,0,4,0.8709677419354839,1.0,1.0,0.018779342723004695,1.0,0.12500847586886343,0,nan,nan,nan,nan,nan,nan,nan
bursts T=1800s w=0.12,1,cch_jitter,1800,0.12,True,0.1,0.0,26.45,no_bursts,240,27,27,8,0,7,0.7714285714285715,0.9714285714285714,1.0,0.03755868544600939,1.0,0.12500847586886343,0,nan,nan,nan,nan,nan,nan,nan
bursts T=1800s w=0.12,1,cch_jitter,1800,0.12,True,0.1,0.0,26.45,robust,240,27,27,4,0,4,0.8709677419354839,1.0,1.0,0.018779342723004695,1.0,0.12500847586886343,0,nan,nan,nan,nan,nan,nan,nan
bursts T=1800s w=0.12,1,sttc,1800,0.12,True,0.1,0.0,32.87,all,120,25,25,13,0,10,0.6578947368421053,0.9210526315789473,1.0,0.1368421052631579,1.0,nan,0,nan,nan,nan,nan,nan,nan,nan
bursts T=1800s w=0.12,1,sttc,1800,0.12,True,0.1,0.0,32.87,no_bursts,120,25,25,8,0,8,0.7575757575757576,1.0,1.0,0.08421052631578947,1.0,nan,0,nan,nan,nan,nan,nan,nan,nan
bursts T=1800s w=0.12,1,sttc,1800,0.12,True,0.1,0.0,32.87,robust,120,25,25,6,0,6,0.8064516129032258,1.0,1.0,0.06315789473684211,1.0,nan,0,nan,nan,nan,nan,nan,nan,nan
bursts T=1800s w=0.12,1,tspe,1800,0.12,True,0.1,0.0,50.76,all,240,27,27,5,0,5,0.84375,1.0,1.0,0.023474178403755867,0.9998261171970092,0.22529923252474582,0,0,18,0,18,0.0,nan,nan
bursts T=1800s w=0.12,1,tspe,1800,0.12,True,0.1,0.0,50.76,no_bursts,240,27,27,19,0,19,0.5869565217391305,1.0,1.0,0.0892018779342723,0.9989567031820553,0.22529923252474582,0,0,23,0,22,0.0,nan,nan
bursts T=1800s w=0.12,1,tspe,1800,0.12,True,0.1,0.0,50.76,robust,240,27,27,4,0,4,0.8709677419354839,1.0,1.0,0.018779342723004695,0.9998261171970092,0.22529923252474582,0,0,18,0,18,0.0,nan,nan
bursts T=1800s w=0.12,1,tspe_noreverse,1800,0.12,True,0.1,0.0,50.76,all,240,27,27,5,0,5,0.84375,1.0,1.0,0.023474178403755867,0.9998261171970092,0.22529923252474582,0,0,0,0,0,nan,nan,nan
bursts T=1800s w=0.12,1,tspe_noreverse,1800,0.12,True,0.1,0.0,50.76,no_bursts,240,27,27,19,0,19,0.5869565217391305,1.0,1.0,0.0892018779342723,0.9989567031820553,0.22529923252474582,0,0,0,0,0,nan,nan,nan
bursts T=1800s w=0.12,1,tspe_noreverse,1800,0.12,True,0.1,0.0,50.76,robust,240,27,27,4,0,4,0.8709677419354839,1.0,1.0,0.018779342723004695,0.9998261171970092,0.22529923252474582,0,0,0,0,0,nan,nan,nan
bursts T=1800s w=0.12,1,cfp,1800,0.12,True,0.1,0.0,13.22,all,240,27,4,212,23,58,0.018518518518518517,0.28703703703703703,0.14814814814814814,0.9953051643192489,0.9694835680751174,2.185049341800078,0,nan,nan,nan,nan,nan,nan,nan
bursts T=1800s w=0.12,1,cfp,1800,0.12,True,0.1,0.0,13.22,no_bursts,240,27,0,1,27,1,0.0,1.0,0.0,0.004694835680751174,1.0,nan,0,nan,nan,nan,nan,nan,nan,nan
bursts T=1800s w=0.12,1,cfp,1800,0.12,True,0.1,0.0,13.22,robust,240,27,0,1,27,1,0.0,1.0,0.0,0.004694835680751174,0.9694835680751174,nan,0,nan,nan,nan,nan,nan,nan,nan
bursts T=1800s w=0.12,1,cfp_narrow,1800,0.12,True,0.1,0.0,13.22,all,240,27,27,212,0,58,0.11297071129707113,0.35564853556485354,1.0,0.9953051643192489,0.9694835680751174,0.14112919429394255,0,nan,nan,nan,nan,nan,nan,nan
bursts T=1800s w=0.12,1,cfp_narrow,1800,0.12,True,0.1,0.0,13.22,no_bursts,240,27,27,41,0,34,0.39705882352941174,0.8970588235294118,1.0,0.19248826291079812,1.0,0.11904265390031954,0,nan,nan,nan,nan,nan,nan,nan
bursts T=1800s w=0.12,1,cfp_narrow,1800,0.12,True,0.1,0.0,13.22,robust,240,27,27,41,0,34,0.39705882352941174,0.8970588235294118,1.0,0.19248826291079812,0.9694835680751174,0.14112919429394255,0,nan,nan,nan,nan,nan,nan,nan
bursts T=1800s w=0.12,2,cch_hollow,1800,0.12,True,0.1,0.0,0.03,all,240,24,24,5,0,3,0.8275862068965517,0.9310344827586207,1.0,0.023148148148148147,1.0,0.060201747513848436,0,nan,nan,nan,nan,nan,nan,nan
bursts T=1800s w=0.12,2,cch_hollow,1800,0.12,True,0.1,0.0,0.03,no_bursts,240,24,24,4,0,4,0.8571428571428571,1.0,1.0,0.018518518518518517,1.0,0.060201747513848436,0,nan,nan,nan,nan,nan,nan,nan
bursts T=1800s w=0.12,2,cch_hollow,1800,0.12,True,0.1,0.0,0.03,robust,240,24,24,3,0,3,0.8888888888888888,1.0,1.0,0.013888888888888888,1.0,0.060201747513848436,0,nan,nan,nan,nan,nan,nan,nan
bursts T=1800s w=0.12,2,cch_jitter,1800,0.12,True,0.1,0.0,30.34,all,240,24,24,1,0,1,0.96,1.0,1.0,0.004629629629629629,1.0,0.060201747513848436,0,nan,nan,nan,nan,nan,nan,nan
bursts T=1800s w=0.12,2,cch_jitter,1800,0.12,True,0.1,0.0,30.34,no_bursts,240,24,24,1,0,1,0.96,1.0,1.0,0.004629629629629629,1.0,0.060201747513848436,0,nan,nan,nan,nan,nan,nan,nan
bursts T=1800s w=0.12,2,cch_jitter,1800,0.12,True,0.1,0.0,30.34,robust,240,24,24,1,0,1,0.96,1.0,1.0,0.004629629629629629,1.0,0.060201747513848436,0,nan,nan,nan,nan,nan,nan,nan
bursts T=1800s w=0.12,2,sttc,1800,0.12,True,0.1,0.0,33.7,all,120,22,22,9,0,6,0.7096774193548387,0.9032258064516129,1.0,0.09183673469387756,1.0,nan,0,nan,nan,nan,nan,nan,nan,nan
bursts T=1800s w=0.12,2,sttc,1800,0.12,True,0.1,0.0,33.7,no_bursts,120,22,22,8,0,6,0.7333333333333333,0.9333333333333333,1.0,0.08163265306122448,1.0,nan,0,nan,nan,nan,nan,nan,nan,nan
bursts T=1800s w=0.12,2,sttc,1800,0.12,True,0.1,0.0,33.7,robust,120,22,22,4,0,3,0.8461538461538461,0.9615384615384616,1.0,0.04081632653061224,1.0,nan,0,nan,nan,nan,nan,nan,nan,nan
bursts T=1800s w=0.12,2,tspe,1800,0.12,True,0.1,0.0,46.65,all,240,24,24,7,0,7,0.7741935483870968,1.0,1.0,0.032407407407407406,1.0,0.2053498118044894,0,0,10,0,10,0.0,nan,nan
bursts T=1800s w=0.12,2,tspe,1800,0.12,True,0.1,0.0,46.65,no_bursts,240,24,24,13,0,13,0.6486486486486487,1.0,1.0,0.06018518518518518,0.9978780864197531,0.2053498118044894,0,0,20,0,19,0.0,nan,nan
bursts T=1800s w=0.12,2,tspe,1800,0.12,True,0.1,0.0,46.65,robust,240,24,24,7,0,7,0.7741935483870968,1.0,1.0,0.032407407407407406,1.0,0.2053498118044894,0,0,10,0,10,0.0,nan,nan
bursts T=1800s w=0.12,2,tspe_noreverse,1800,0.12,True,0.1,0.0,46.65,all,240,24,24,7,0,7,0.7741935483870968,1.0,1.0,0.032407407407407406,1.0,0.2053498118044894,0,0,0,0,0,nan,nan,nan
bursts T=1800s w=0.12,2,tspe_noreverse,1800,0.12,True,0.1,0.0,46.65,no_bursts,240,24,24,13,0,13,0.6486486486486487,1.0,1.0,0.06018518518518518,0.9978780864197531,0.2053498118044894,0,0,1,0,0,0.0,nan,nan
bursts T=1800s w=0.12,2,tspe_noreverse,1800,0.12,True,0.1,0.0,46.65,robust,240,24,24,7,0,7,0.7741935483870968,1.0,1.0,0.032407407407407406,1.0,0.2053498118044894,0,0,0,0,0,nan,nan,nan
bursts T=1800s w=0.12,2,cfp,1800,0.12,True,0.1,0.0,12.52,all,240,24,1,212,23,54,0.004694835680751174,0.25821596244131456,0.041666666666666664,0.9814814814814815,0.9388503086419753,2.516926390868149,0,nan,nan,nan,nan,nan,nan,nan
bursts T=1800s w=0.12,2,cfp,1800,0.12,True,0.1,0.0,12.52,no_bursts,240,24,0,0,24,0,nan,nan,0.0,0.0,0.9988425925925926,nan,0,nan,nan,nan,nan,nan,nan,nan
bursts T=1800s w=0.12,2,cfp,1800,0.12,True,0.1,0.0,12.52,robust,240,24,0,0,24,0,nan,nan,0.0,0.0,0.9388503086419753,nan,0,nan,nan,nan,nan,nan,nan,nan
bursts T=1800s w=0.12,2,cfp_narrow,1800,0.12,True,0.1,0.0,12.52,all,240,24,24,214,0,55,0.10084033613445378,0.3319327731092437,1.0,0.9907407407407407,0.9388503086419753,0.16160803177815275,0,nan,nan,nan,nan,nan,nan,nan
bursts T=1800s w=0.12,2,cfp_narrow,1800,0.12,True,0.1,0.0,12.52,no_bursts,240,24,24,22,0,21,0.5217391304347826,0.9782608695652174,1.0,0.10185185185185185,0.9988425925925926,0.1309041292708073,0,nan,nan,nan,nan,nan,nan,nan
bursts T=1800s w=0.12,2,cfp_narrow,1800,0.12,True,0.1,0.0,12.52,robust,240,24,24,22,0,21,0.5217391304347826,0.9782608695652174,1.0,0.10185185185185185,0.9388503086419753,0.16160803177815275,0,nan,nan,nan,nan,nan,nan,nan
bursts null T=600s,0,cch_hollow,600.0,0.2,True,0.0,0.0,0.01,all,240,0,0,0,0,0,nan,nan,nan,0.0,nan,nan,0,nan,nan,nan,nan,nan,nan,nan
bursts null T=600s,0,cch_hollow,600.0,0.2,True,0.0,0.0,0.01,no_bursts,240,0,0,0,0,0,nan,nan,nan,0.0,nan,nan,0,nan,nan,nan,nan,nan,nan,nan
bursts null T=600s,0,cch_hollow,600.0,0.2,True,0.0,0.0,0.01,robust,240,0,0,0,0,0,nan,nan,nan,0.0,nan,nan,0,nan,nan,nan,nan,nan,nan,nan
bursts null T=600s,0,cch_jitter,600.0,0.2,True,0.0,0.0,8.86,all,240,0,0,0,0,0,nan,nan,nan,0.0,nan,nan,0,nan,nan,nan,nan,nan,nan,nan
bursts null T=600s,0,cch_jitter,600.0,0.2,True,0.0,0.0,8.86,no_bursts,240,0,0,0,0,0,nan,nan,nan,0.0,nan,nan,0,nan,nan,nan,nan,nan,nan,nan
bursts null T=600s,0,cch_jitter,600.0,0.2,True,0.0,0.0,8.86,robust,240,0,0,0,0,0,nan,nan,nan,0.0,nan,nan,0,nan,nan,nan,nan,nan,nan,nan
bursts null T=600s,0,sttc,600.0,0.2,True,0.0,0.0,13.09,all,120,0,0,0,0,0,nan,nan,nan,0.0,nan,nan,0,nan,nan,nan,nan,nan,nan,nan
bursts null T=600s,0,sttc,600.0,0.2,True,0.0,0.0,13.09,no_bursts,120,0,0,0,0,0,nan,nan,nan,0.0,nan,nan,0,nan,nan,nan,nan,nan,nan,nan
bursts null T=600s,0,sttc,600.0,0.2,True,0.0,0.0,13.09,robust,120,0,0,0,0,0,nan,nan,nan,0.0,nan,nan,0,nan,nan,nan,nan,nan,nan,nan
bursts null T=600s,0,tspe,600.0,0.2,True,0.0,0.0,19.79,all,240,0,0,0,0,0,nan,nan,nan,0.0,nan,nan,0,0,0,0,0,nan,nan,nan
bursts null T=600s,0,tspe,600.0,0.2,True,0.0,0.0,19.79,no_bursts,240,0,0,1,0,0,0.0,0.0,nan,0.004166666666666667,nan,nan,0,0,0,0,0,nan,nan,nan
bursts null T=600s,0,tspe,600.0,0.2,True,0.0,0.0,19.79,robust,240,0,0,0,0,0,nan,nan,nan,0.0,nan,nan,0,0,0,0,0,nan,nan,nan
bursts null T=600s,0,tspe_noreverse,600.0,0.2,True,0.0,0.0,19.79,all,240,0,0,0,0,0,nan,nan,nan,0.0,nan,nan,0,0,0,0,0,nan,nan,nan
bursts null T=600s,0,tspe_noreverse,600.0,0.2,True,0.0,0.0,19.79,no_bursts,240,0,0,1,0,0,0.0,0.0,nan,0.004166666666666667,nan,nan,0,0,0,0,0,nan,nan,nan
bursts null T=600s,0,tspe_noreverse,600.0,0.2,True,0.0,0.0,19.79,robust,240,0,0,0,0,0,nan,nan,nan,0.0,nan,nan,0,0,0,0,0,nan,nan,nan
bursts null T=600s,0,cfp,600.0,0.2,True,0.0,0.0,9.77,all,240,0,0,217,0,0,0.0,0.0,nan,0.9041666666666667,nan,nan,0,nan,nan,nan,nan,nan,nan,nan
bursts null T=600s,0,cfp,600.0,0.2,True,0.0,0.0,9.77,no_bursts,240,0,0,0,0,0,nan,nan,nan,0.0,nan,nan,0,nan,nan,nan,nan,nan,nan,nan
bursts null T=600s,0,cfp,600.0,0.2,True,0.0,0.0,9.77,robust,240,0,0,0,0,0,nan,nan,nan,0.0,nan,nan,0,nan,nan,nan,nan,nan,nan,nan
bursts null T=600s,0,cfp_narrow,600.0,0.2,True,0.0,0.0,9.77,all,240,0,0,226,0,0,0.0,0.0,nan,0.9416666666666667,nan,nan,0,nan,nan,nan,nan,nan,nan,nan
bursts null T=600s,0,cfp_narrow,600.0,0.2,True,0.0,0.0,9.77,no_bursts,240,0,0,2,0,0,0.0,0.0,nan,0.008333333333333333,nan,nan,0,nan,nan,nan,nan,nan,nan,nan
bursts null T=600s,0,cfp_narrow,600.0,0.2,True,0.0,0.0,9.77,robust,240,0,0,2,0,0,0.0,0.0,nan,0.008333333333333333,nan,nan,0,nan,nan,nan,nan,nan,nan,nan
bursts null T=600s,1,cch_hollow,600.0,0.2,True,0.0,0.0,0.01,all,240,0,0,0,0,0,nan,nan,nan,0.0,nan,nan,0,nan,nan,nan,nan,nan,nan,nan
bursts null T=600s,1,cch_hollow,600.0,0.2,True,0.0,0.0,0.01,no_bursts,240,0,0,0,0,0,nan,nan,nan,0.0,nan,nan,0,nan,nan,nan,nan,nan,nan,nan
bursts null T=600s,1,cch_hollow,600.0,0.2,True,0.0,0.0,0.01,robust,240,0,0,0,0,0,nan,nan,nan,0.0,nan,nan,0,nan,nan,nan,nan,nan,nan,nan
bursts null T=600s,1,cch_jitter,600.0,0.2,True,0.0,0.0,7.56,all,240,0,0,0,0,0,nan,nan,nan,0.0,nan,nan,0,nan,nan,nan,nan,nan,nan,nan
bursts null T=600s,1,cch_jitter,600.0,0.2,True,0.0,0.0,7.56,no_bursts,240,0,0,0,0,0,nan,nan,nan,0.0,nan,nan,0,nan,nan,nan,nan,nan,nan,nan
bursts null T=600s,1,cch_jitter,600.0,0.2,True,0.0,0.0,7.56,robust,240,0,0,0,0,0,nan,nan,nan,0.0,nan,nan,0,nan,nan,nan,nan,nan,nan,nan
bursts null T=600s,1,sttc,600.0,0.2,True,0.0,0.0,11.6,all,120,0,0,0,0,0,nan,nan,nan,0.0,nan,nan,0,nan,nan,nan,nan,nan,nan,nan
bursts null T=600s,1,sttc,600.0,0.2,True,0.0,0.0,11.6,no_bursts,120,0,0,0,0,0,nan,nan,nan,0.0,nan,nan,0,nan,nan,nan,nan,nan,nan,nan
bursts null T=600s,1,sttc,600.0,0.2,True,0.0,0.0,11.6,robust,120,0,0,0,0,0,nan,nan,nan,0.0,nan,nan,0,nan,nan,nan,nan,nan,nan,nan
bursts null T=600s,1,tspe,600.0,0.2,True,0.0,0.0,18.42,all,240,0,0,0,0,0,nan,nan,nan,0.0,nan,nan,0,0,1,0,0,0.0,nan,nan
bursts null T=600s,1,tspe,600.0,0.2,True,0.0,0.0,18.42,no_bursts,240,0,0,0,0,0,nan,nan,nan,0.0,nan,nan,0,0,0,0,0,nan,nan,nan
bursts null T=600s,1,tspe,600.0,0.2,True,0.0,0.0,18.42,robust,240,0,0,0,0,0,nan,nan,nan,0.0,nan,nan,0,0,0,0,0,nan,nan,nan
bursts null T=600s,1,tspe_noreverse,600.0,0.2,True,0.0,0.0,18.42,all,240,0,0,0,0,0,nan,nan,nan,0.0,nan,nan,0,0,1,0,0,0.0,nan,nan
bursts null T=600s,1,tspe_noreverse,600.0,0.2,True,0.0,0.0,18.42,no_bursts,240,0,0,0,0,0,nan,nan,nan,0.0,nan,nan,0,0,0,0,0,nan,nan,nan
bursts null T=600s,1,tspe_noreverse,600.0,0.2,True,0.0,0.0,18.42,robust,240,0,0,0,0,0,nan,nan,nan,0.0,nan,nan,0,0,0,0,0,nan,nan,nan
bursts null T=600s,1,cfp,600.0,0.2,True,0.0,0.0,10.7,all,240,0,0,177,0,0,0.0,0.0,nan,0.7375,nan,nan,0,nan,nan,nan,nan,nan,nan,nan
bursts null T=600s,1,cfp,600.0,0.2,True,0.0,0.0,10.7,no_bursts,240,0,0,0,0,0,nan,nan,nan,0.0,nan,nan,0,nan,nan,nan,nan,nan,nan,nan
bursts null T=600s,1,cfp,600.0,0.2,True,0.0,0.0,10.7,robust,240,0,0,0,0,0,nan,nan,nan,0.0,nan,nan,0,nan,nan,nan,nan,nan,nan,nan
bursts null T=600s,1,cfp_narrow,600.0,0.2,True,0.0,0.0,10.7,all,240,0,0,194,0,0,0.0,0.0,nan,0.8083333333333333,nan,nan,0,nan,nan,nan,nan,nan,nan,nan
bursts null T=600s,1,cfp_narrow,600.0,0.2,True,0.0,0.0,10.7,no_bursts,240,0,0,0,0,0,nan,nan,nan,0.0,nan,nan,0,nan,nan,nan,nan,nan,nan,nan
bursts null T=600s,1,cfp_narrow,600.0,0.2,True,0.0,0.0,10.7,robust,240,0,0,0,0,0,nan,nan,nan,0.0,nan,nan,0,nan,nan,nan,nan,nan,nan,nan
bursts null T=600s,2,cch_hollow,600.0,0.2,True,0.0,0.0,0.01,all,240,0,0,0,0,0,nan,nan,nan,0.0,nan,nan,0,nan,nan,nan,nan,nan,nan,nan
bursts null T=600s,2,cch_hollow,600.0,0.2,True,0.0,0.0,0.01,no_bursts,240,0,0,0,0,0,nan,nan,nan,0.0,nan,nan,0,nan,nan,nan,nan,nan,nan,nan
bursts null T=600s,2,cch_hollow,600.0,0.2,True,0.0,0.0,0.01,robust,240,0,0,0,0,0,nan,nan,nan,0.0,nan,nan,0,nan,nan,nan,nan,nan,nan,nan
bursts null T=600s,2,cch_jitter,600.0,0.2,True,0.0,0.0,8.11,all,240,0,0,0,0,0,nan,nan,nan,0.0,nan,nan,0,nan,nan,nan,nan,nan,nan,nan
bursts null T=600s,2,cch_jitter,600.0,0.2,True,0.0,0.0,8.11,no_bursts,240,0,0,0,0,0,nan,nan,nan,0.0,nan,nan,0,nan,nan,nan,nan,nan,nan,nan
bursts null T=600s,2,cch_jitter,600.0,0.2,True,0.0,0.0,8.11,robust,240,0,0,0,0,0,nan,nan,nan,0.0,nan,nan,0,nan,nan,nan,nan,nan,nan,nan
bursts null T=600s,2,sttc,600.0,0.2,True,0.0,0.0,12.4,all,120,0,0,0,0,0,nan,nan,nan,0.0,nan,nan,0,nan,nan,nan,nan,nan,nan,nan
bursts null T=600s,2,sttc,600.0,0.2,True,0.0,0.0,12.4,no_bursts,120,0,0,0,0,0,nan,nan,nan,0.0,nan,nan,0,nan,nan,nan,nan,nan,nan,nan
bursts null T=600s,2,sttc,600.0,0.2,True,0.0,0.0,12.4,robust,120,0,0,0,0,0,nan,nan,nan,0.0,nan,nan,0,nan,nan,nan,nan,nan,nan,nan
bursts null T=600s,2,tspe,600.0,0.2,True,0.0,0.0,20.22,all,240,0,0,0,0,0,nan,nan,nan,0.0,nan,nan,0,0,1,0,0,0.0,nan,nan
bursts null T=600s,2,tspe,600.0,0.2,True,0.0,0.0,20.22,no_bursts,240,0,0,3,0,0,0.0,0.0,nan,0.0125,nan,nan,0,0,0,0,0,nan,nan,nan
bursts null T=600s,2,tspe,600.0,0.2,True,0.0,0.0,20.22,robust,240,0,0,0,0,0,nan,nan,nan,0.0,nan,nan,0,0,0,0,0,nan,nan,nan
bursts null T=600s,2,tspe_noreverse,600.0,0.2,True,0.0,0.0,20.22,all,240,0,0,0,0,0,nan,nan,nan,0.0,nan,nan,0,0,1,0,0,0.0,nan,nan
bursts null T=600s,2,tspe_noreverse,600.0,0.2,True,0.0,0.0,20.22,no_bursts,240,0,0,3,0,0,0.0,0.0,nan,0.0125,nan,nan,0,0,0,0,0,nan,nan,nan
bursts null T=600s,2,tspe_noreverse,600.0,0.2,True,0.0,0.0,20.22,robust,240,0,0,0,0,0,nan,nan,nan,0.0,nan,nan,0,0,0,0,0,nan,nan,nan
bursts null T=600s,2,cfp,600.0,0.2,True,0.0,0.0,9.25,all,240,0,0,213,0,0,0.0,0.0,nan,0.8875,nan,nan,0,nan,nan,nan,nan,nan,nan,nan
bursts null T=600s,2,cfp,600.0,0.2,True,0.0,0.0,9.25,no_bursts,240,0,0,0,0,0,nan,nan,nan,0.0,nan,nan,0,nan,nan,nan,nan,nan,nan,nan
bursts null T=600s,2,cfp,600.0,0.2,True,0.0,0.0,9.25,robust,240,0,0,0,0,0,nan,nan,nan,0.0,nan,nan,0,nan,nan,nan,nan,nan,nan,nan
bursts null T=600s,2,cfp_narrow,600.0,0.2,True,0.0,0.0,9.25,all,240,0,0,223,0,0,0.0,0.0,nan,0.9291666666666667,nan,nan,0,nan,nan,nan,nan,nan,nan,nan
bursts null T=600s,2,cfp_narrow,600.0,0.2,True,0.0,0.0,9.25,no_bursts,240,0,0,0,0,0,nan,nan,nan,0.0,nan,nan,0,nan,nan,nan,nan,nan,nan,nan
bursts null T=600s,2,cfp_narrow,600.0,0.2,True,0.0,0.0,9.25,robust,240,0,0,0,0,0,nan,nan,nan,0.0,nan,nan,0,nan,nan,nan,nan,nan,nan,nan
stim null T=600s,0,cch_hollow,600.0,0.2,False,0.0,0.0,0.01,all,240,0,0,0,0,0,nan,nan,nan,0.0,nan,nan,0,nan,nan,nan,nan,nan,nan,nan
stim null T=600s,0,cch_hollow,600.0,0.2,False,0.0,0.0,0.01,no_bursts,240,0,0,0,0,0,nan,nan,nan,0.0,nan,nan,0,nan,nan,nan,nan,nan,nan,nan
stim null T=600s,0,cch_hollow,600.0,0.2,False,0.0,0.0,0.01,robust,240,0,0,0,0,0,nan,nan,nan,0.0,nan,nan,0,nan,nan,nan,nan,nan,nan,nan
stim null T=600s,0,cch_jitter,600.0,0.2,False,0.0,0.0,7.35,all,240,0,0,0,0,0,nan,nan,nan,0.0,nan,nan,0,nan,nan,nan,nan,nan,nan,nan
stim null T=600s,0,cch_jitter,600.0,0.2,False,0.0,0.0,7.35,no_bursts,240,0,0,0,0,0,nan,nan,nan,0.0,nan,nan,0,nan,nan,nan,nan,nan,nan,nan
stim null T=600s,0,cch_jitter,600.0,0.2,False,0.0,0.0,7.35,robust,240,0,0,0,0,0,nan,nan,nan,0.0,nan,nan,0,nan,nan,nan,nan,nan,nan,nan
stim null T=600s,0,sttc,600.0,0.2,False,0.0,0.0,11.65,all,120,0,0,52,0,0,0.0,0.0,nan,0.43333333333333335,nan,nan,0,nan,nan,nan,nan,nan,nan,nan
stim null T=600s,0,sttc,600.0,0.2,False,0.0,0.0,11.65,no_bursts,120,0,0,37,0,0,0.0,0.0,nan,0.30833333333333335,nan,nan,0,nan,nan,nan,nan,nan,nan,nan
stim null T=600s,0,sttc,600.0,0.2,False,0.0,0.0,11.65,robust,120,0,0,37,0,0,0.0,0.0,nan,0.30833333333333335,nan,nan,0,nan,nan,nan,nan,nan,nan,nan
stim null T=600s,0,tspe,600.0,0.2,False,0.0,0.0,19.98,all,240,0,0,0,0,0,nan,nan,nan,0.0,nan,nan,0,0,1,0,0,0.0,nan,nan
stim null T=600s,0,tspe,600.0,0.2,False,0.0,0.0,19.98,no_bursts,240,0,0,0,0,0,nan,nan,nan,0.0,nan,nan,0,0,0,0,0,nan,nan,nan
stim null T=600s,0,tspe,600.0,0.2,False,0.0,0.0,19.98,robust,240,0,0,0,0,0,nan,nan,nan,0.0,nan,nan,0,0,0,0,0,nan,nan,nan
stim null T=600s,0,tspe_noreverse,600.0,0.2,False,0.0,0.0,19.98,all,240,0,0,0,0,0,nan,nan,nan,0.0,nan,nan,0,0,1,0,0,0.0,nan,nan
stim null T=600s,0,tspe_noreverse,600.0,0.2,False,0.0,0.0,19.98,no_bursts,240,0,0,0,0,0,nan,nan,nan,0.0,nan,nan,0,0,0,0,0,nan,nan,nan
stim null T=600s,0,tspe_noreverse,600.0,0.2,False,0.0,0.0,19.98,robust,240,0,0,0,0,0,nan,nan,nan,0.0,nan,nan,0,0,0,0,0,nan,nan,nan
stim null T=600s,0,cfp,600.0,0.2,False,0.0,0.0,8.02,all,240,0,0,1,0,0,0.0,0.0,nan,0.004166666666666667,nan,nan,0,nan,nan,nan,nan,nan,nan,nan
stim null T=600s,0,cfp,600.0,0.2,False,0.0,0.0,8.02,no_bursts,240,0,0,0,0,0,nan,nan,nan,0.0,nan,nan,0,nan,nan,nan,nan,nan,nan,nan
stim null T=600s,0,cfp,600.0,0.2,False,0.0,0.0,8.02,robust,240,0,0,0,0,0,nan,nan,nan,0.0,nan,nan,0,nan,nan,nan,nan,nan,nan,nan
stim null T=600s,0,cfp_narrow,600.0,0.2,False,0.0,0.0,8.02,all,240,0,0,13,0,0,0.0,0.0,nan,0.05416666666666667,nan,nan,0,nan,nan,nan,nan,nan,nan,nan
stim null T=600s,0,cfp_narrow,600.0,0.2,False,0.0,0.0,8.02,no_bursts,240,0,0,9,0,0,0.0,0.0,nan,0.0375,nan,nan,0,nan,nan,nan,nan,nan,nan,nan
stim null T=600s,0,cfp_narrow,600.0,0.2,False,0.0,0.0,8.02,robust,240,0,0,7,0,0,0.0,0.0,nan,0.029166666666666667,nan,nan,0,nan,nan,nan,nan,nan,nan,nan
stim null T=600s,1,cch_hollow,600.0,0.2,False,0.0,0.0,0.01,all,240,0,0,0,0,0,nan,nan,nan,0.0,nan,nan,0,nan,nan,nan,nan,nan,nan,nan
stim null T=600s,1,cch_hollow,600.0,0.2,False,0.0,0.0,0.01,no_bursts,240,0,0,0,0,0,nan,nan,nan,0.0,nan,nan,0,nan,nan,nan,nan,nan,nan,nan
stim null T=600s,1,cch_hollow,600.0,0.2,False,0.0,0.0,0.01,robust,240,0,0,0,0,0,nan,nan,nan,0.0,nan,nan,0,nan,nan,nan,nan,nan,nan,nan
stim null T=600s,1,cch_jitter,600.0,0.2,False,0.0,0.0,7.07,all,240,0,0,0,0,0,nan,nan,nan,0.0,nan,nan,0,nan,nan,nan,nan,nan,nan,nan
stim null T=600s,1,cch_jitter,600.0,0.2,False,0.0,0.0,7.07,no_bursts,240,0,0,0,0,0,nan,nan,nan,0.0,nan,nan,0,nan,nan,nan,nan,nan,nan,nan
stim null T=600s,1,cch_jitter,600.0,0.2,False,0.0,0.0,7.07,robust,240,0,0,0,0,0,nan,nan,nan,0.0,nan,nan,0,nan,nan,nan,nan,nan,nan,nan
stim null T=600s,1,sttc,600.0,0.2,False,0.0,0.0,11.02,all,120,0,0,69,0,0,0.0,0.0,nan,0.575,nan,nan,0,nan,nan,nan,nan,nan,nan,nan
stim null T=600s,1,sttc,600.0,0.2,False,0.0,0.0,11.02,no_bursts,120,0,0,34,0,0,0.0,0.0,nan,0.2833333333333333,nan,nan,0,nan,nan,nan,nan,nan,nan,nan
stim null T=600s,1,sttc,600.0,0.2,False,0.0,0.0,11.02,robust,120,0,0,32,0,0,0.0,0.0,nan,0.26666666666666666,nan,nan,0,nan,nan,nan,nan,nan,nan,nan
stim null T=600s,1,tspe,600.0,0.2,False,0.0,0.0,17.5,all,240,0,0,0,0,0,nan,nan,nan,0.0,nan,nan,0,0,0,0,0,nan,nan,nan
stim null T=600s,1,tspe,600.0,0.2,False,0.0,0.0,17.5,no_bursts,240,0,0,0,0,0,nan,nan,nan,0.0,nan,nan,0,0,1,0,0,0.0,nan,nan
stim null T=600s,1,tspe,600.0,0.2,False,0.0,0.0,17.5,robust,240,0,0,0,0,0,nan,nan,nan,0.0,nan,nan,0,0,0,0,0,nan,nan,nan
stim null T=600s,1,tspe_noreverse,600.0,0.2,False,0.0,0.0,17.5,all,240,0,0,0,0,0,nan,nan,nan,0.0,nan,nan,0,0,0,0,0,nan,nan,nan
stim null T=600s,1,tspe_noreverse,600.0,0.2,False,0.0,0.0,17.5,no_bursts,240,0,0,0,0,0,nan,nan,nan,0.0,nan,nan,0,0,1,0,0,0.0,nan,nan
stim null T=600s,1,tspe_noreverse,600.0,0.2,False,0.0,0.0,17.5,robust,240,0,0,0,0,0,nan,nan,nan,0.0,nan,nan,0,0,0,0,0,nan,nan,nan
stim null T=600s,1,cfp,600.0,0.2,False,0.0,0.0,8.3,all,240,0,0,0,0,0,nan,nan,nan,0.0,nan,nan,0,nan,nan,nan,nan,nan,nan,nan
stim null T=600s,1,cfp,600.0,0.2,False,0.0,0.0,8.3,no_bursts,240,0,0,0,0,0,nan,nan,nan,0.0,nan,nan,0,nan,nan,nan,nan,nan,nan,nan
stim null T=600s,1,cfp,600.0,0.2,False,0.0,0.0,8.3,robust,240,0,0,0,0,0,nan,nan,nan,0.0,nan,nan,0,nan,nan,nan,nan,nan,nan,nan
stim null T=600s,1,cfp_narrow,600.0,0.2,False,0.0,0.0,8.3,all,240,0,0,28,0,0,0.0,0.0,nan,0.11666666666666667,nan,nan,0,nan,nan,nan,nan,nan,nan,nan
stim null T=600s,1,cfp_narrow,600.0,0.2,False,0.0,0.0,8.3,no_bursts,240,0,0,20,0,0,0.0,0.0,nan,0.08333333333333333,nan,nan,0,nan,nan,nan,nan,nan,nan,nan
stim null T=600s,1,cfp_narrow,600.0,0.2,False,0.0,0.0,8.3,robust,240,0,0,16,0,0,0.0,0.0,nan,0.06666666666666667,nan,nan,0,nan,nan,nan,nan,nan,nan,nan
stim null T=600s,2,cch_hollow,600.0,0.2,False,0.0,0.0,0.01,all,240,0,0,0,0,0,nan,nan,nan,0.0,nan,nan,0,nan,nan,nan,nan,nan,nan,nan
stim null T=600s,2,cch_hollow,600.0,0.2,False,0.0,0.0,0.01,no_bursts,240,0,0,0,0,0,nan,nan,nan,0.0,nan,nan,0,nan,nan,nan,nan,nan,nan,nan
stim null T=600s,2,cch_hollow,600.0,0.2,False,0.0,0.0,0.01,robust,240,0,0,0,0,0,nan,nan,nan,0.0,nan,nan,0,nan,nan,nan,nan,nan,nan,nan
stim null T=600s,2,cch_jitter,600.0,0.2,False,0.0,0.0,7.4,all,240,0,0,0,0,0,nan,nan,nan,0.0,nan,nan,0,nan,nan,nan,nan,nan,nan,nan
stim null T=600s,2,cch_jitter,600.0,0.2,False,0.0,0.0,7.4,no_bursts,240,0,0,0,0,0,nan,nan,nan,0.0,nan,nan,0,nan,nan,nan,nan,nan,nan,nan
stim null T=600s,2,cch_jitter,600.0,0.2,False,0.0,0.0,7.4,robust,240,0,0,0,0,0,nan,nan,nan,0.0,nan,nan,0,nan,nan,nan,nan,nan,nan,nan
stim null T=600s,2,sttc,600.0,0.2,False,0.0,0.0,11.03,all,120,0,0,65,0,0,0.0,0.0,nan,0.5416666666666666,nan,nan,0,nan,nan,nan,nan,nan,nan,nan
stim null T=600s,2,sttc,600.0,0.2,False,0.0,0.0,11.03,no_bursts,120,0,0,28,0,0,0.0,0.0,nan,0.23333333333333334,nan,nan,0,nan,nan,nan,nan,nan,nan,nan
stim null T=600s,2,sttc,600.0,0.2,False,0.0,0.0,11.03,robust,120,0,0,28,0,0,0.0,0.0,nan,0.23333333333333334,nan,nan,0,nan,nan,nan,nan,nan,nan,nan
stim null T=600s,2,tspe,600.0,0.2,False,0.0,0.0,18.42,all,240,0,0,0,0,0,nan,nan,nan,0.0,nan,nan,0,0,0,0,0,nan,nan,nan
stim null T=600s,2,tspe,600.0,0.2,False,0.0,0.0,18.42,no_bursts,240,0,0,0,0,0,nan,nan,nan,0.0,nan,nan,0,0,1,0,0,0.0,nan,nan
stim null T=600s,2,tspe,600.0,0.2,False,0.0,0.0,18.42,robust,240,0,0,0,0,0,nan,nan,nan,0.0,nan,nan,0,0,0,0,0,nan,nan,nan
stim null T=600s,2,tspe_noreverse,600.0,0.2,False,0.0,0.0,18.42,all,240,0,0,0,0,0,nan,nan,nan,0.0,nan,nan,0,0,0,0,0,nan,nan,nan
stim null T=600s,2,tspe_noreverse,600.0,0.2,False,0.0,0.0,18.42,no_bursts,240,0,0,0,0,0,nan,nan,nan,0.0,nan,nan,0,0,1,0,0,0.0,nan,nan
stim null T=600s,2,tspe_noreverse,600.0,0.2,False,0.0,0.0,18.42,robust,240,0,0,0,0,0,nan,nan,nan,0.0,nan,nan,0,0,0,0,0,nan,nan,nan
stim null T=600s,2,cfp,600.0,0.2,False,0.0,0.0,9.1,all,240,0,0,0,0,0,nan,nan,nan,0.0,nan,nan,0,nan,nan,nan,nan,nan,nan,nan
stim null T=600s,2,cfp,600.0,0.2,False,0.0,0.0,9.1,no_bursts,240,0,0,0,0,0,nan,nan,nan,0.0,nan,nan,0,nan,nan,nan,nan,nan,nan,nan
stim null T=600s,2,cfp,600.0,0.2,False,0.0,0.0,9.1,robust,240,0,0,0,0,0,nan,nan,nan,0.0,nan,nan,0,nan,nan,nan,nan,nan,nan,nan
stim null T=600s,2,cfp_narrow,600.0,0.2,False,0.0,0.0,9.1,all,240,0,0,15,0,0,0.0,0.0,nan,0.0625,nan,nan,0,nan,nan,nan,nan,nan,nan,nan
stim null T=600s,2,cfp_narrow,600.0,0.2,False,0.0,0.0,9.1,no_bursts,240,0,0,6,0,0,0.0,0.0,nan,0.025,nan,nan,0,nan,nan,nan,nan,nan,nan,nan
stim null T=600s,2,cfp_narrow,600.0,0.2,False,0.0,0.0,9.1,robust,240,0,0,5,0,0,0.0,0.0,nan,0.020833333333333332,nan,nan,0,nan,nan,nan,nan,nan,nan,nan
inh no-bursts T=600s,0,cch_hollow,600,0.06,False,0.1,0.2,0.01,all,240,18,16,0,2,0,1.0,1.0,0.8888888888888888,0.0,1.0,0.1064380335457209,6,nan,nan,nan,nan,nan,nan,nan
inh no-bursts T=600s,0,cch_hollow,600,0.06,False,0.1,0.2,0.01,no_bursts,240,18,16,0,2,0,1.0,1.0,0.8888888888888888,0.0,1.0,0.1064380335457209,6,nan,nan,nan,nan,nan,nan,nan
inh no-bursts T=600s,0,cch_hollow,600,0.06,False,0.1,0.2,0.01,robust,240,18,16,0,2,0,1.0,1.0,0.8888888888888888,0.0,1.0,0.1064380335457209,6,nan,nan,nan,nan,nan,nan,nan
inh no-bursts T=600s,0,cch_jitter,600,0.06,False,0.1,0.2,7.82,all,240,18,17,0,1,0,1.0,1.0,0.9444444444444444,0.0,1.0,0.11521971384418705,6,nan,nan,nan,nan,nan,nan,0.6549145299145299
inh no-bursts T=600s,0,cch_jitter,600,0.06,False,0.1,0.2,7.82,no_bursts,240,18,17,0,1,0,1.0,1.0,0.9444444444444444,0.0,1.0,0.11521971384418705,6,nan,nan,nan,nan,nan,nan,0.6549145299145299
inh no-bursts T=600s,0,cch_jitter,600,0.06,False,0.1,0.2,7.82,robust,240,18,17,0,1,0,1.0,1.0,0.9444444444444444,0.0,1.0,0.11521971384418705,6,nan,nan,nan,nan,nan,nan,0.6549145299145299
inh no-bursts T=600s,0,sttc,600,0.06,False,0.1,0.2,11.41,all,120,17,17,0,0,0,1.0,1.0,1.0,0.0,1.0,nan,6,nan,nan,nan,nan,nan,nan,nan
inh no-bursts T=600s,0,sttc,600,0.06,False,0.1,0.2,11.41,no_bursts,120,17,17,0,0,0,1.0,1.0,1.0,0.0,1.0,nan,6,nan,nan,nan,nan,nan,nan,nan
inh no-bursts T=600s,0,sttc,600,0.06,False,0.1,0.2,11.41,robust,120,17,17,0,0,0,1.0,1.0,1.0,0.0,1.0,nan,6,nan,nan,nan,nan,nan,nan,nan
inh no-bursts T=600s,0,tspe,600,0.06,False,0.1,0.2,18.61,all,240,18,17,0,1,0,1.0,1.0,0.9444444444444444,0.0,0.9491991991991992,0.208995407291094,6,0,4,6,3,0.0,0.0,0.4964387464387464
inh no-bursts T=600s,0,tspe,600,0.06,False,0.1,0.2,18.61,no_bursts,240,18,17,0,1,0,1.0,1.0,0.9444444444444444,0.0,0.9491991991991992,0.208995407291094,6,0,4,6,3,0.0,0.0,0.4964387464387464
inh no-bursts T=600s,0,tspe,600,0.06,False,0.1,0.2,18.61,robust,240,18,17,0,1,0,1.0,1.0,0.9444444444444444,0.0,0.9491991991991992,0.208995407291094,6,0,4,6,3,0.0,0.0,0.4964387464387464
inh no-bursts T=600s,0,tspe_noreverse,600,0.06,False,0.1,0.2,18.61,all,240,18,17,0,1,0,1.0,1.0,0.9444444444444444,0.0,0.9491991991991992,0.208995407291094,6,0,1,6,0,0.0,0.0,0.4964387464387464
inh no-bursts T=600s,0,tspe_noreverse,600,0.06,False,0.1,0.2,18.61,no_bursts,240,18,17,0,1,0,1.0,1.0,0.9444444444444444,0.0,0.9491991991991992,0.208995407291094,6,0,1,6,0,0.0,0.0,0.4964387464387464
inh no-bursts T=600s,0,tspe_noreverse,600,0.06,False,0.1,0.2,18.61,robust,240,18,17,0,1,0,1.0,1.0,0.9444444444444444,0.0,0.9491991991991992,0.208995407291094,6,0,1,6,0,0.0,0.0,0.4964387464387464
inh no-bursts T=600s,0,cfp,600,0.06,False,0.1,0.2,12.02,all,240,18,0,0,18,0,nan,nan,0.0,0.0,1.0,nan,6,nan,nan,nan,nan,nan,nan,nan
inh no-bursts T=600s,0,cfp,600,0.06,False,0.1,0.2,12.02,no_bursts,240,18,0,0,18,0,nan,nan,0.0,0.0,1.0,nan,6,nan,nan,nan,nan,nan,nan,nan
inh no-bursts T=600s,0,cfp,600,0.06,False,0.1,0.2,12.02,robust,240,18,0,0,18,0,nan,nan,0.0,0.0,1.0,nan,6,nan,nan,nan,nan,nan,nan,nan
inh no-bursts T=600s,0,cfp_narrow,600,0.06,False,0.1,0.2,12.02,all,240,18,18,0,0,0,1.0,1.0,1.0,0.0,1.0,0.12192917153516003,6,nan,nan,nan,nan,nan,nan,nan
inh no-bursts T=600s,0,cfp_narrow,600,0.06,False,0.1,0.2,12.02,no_bursts,240,18,18,0,0,0,1.0,1.0,1.0,0.0,1.0,0.12192917153516003,6,nan,nan,nan,nan,nan,nan,nan
inh no-bursts T=600s,0,cfp_narrow,600,0.06,False,0.1,0.2,12.02,robust,240,18,18,0,0,0,1.0,1.0,1.0,0.0,1.0,0.12192917153516003,6,nan,nan,nan,nan,nan,nan,nan
inh no-bursts T=600s,1,cch_hollow,600,0.06,False,0.1,0.2,0.01,all,240,20,19,0,1,0,1.0,1.0,0.95,0.0,0.9963636363636363,0.16474039689182263,7,nan,nan,nan,nan,nan,nan,nan
inh no-bursts T=600s,1,cch_hollow,600,0.06,False,0.1,0.2,0.01,no_bursts,240,20,19,0,1,0,1.0,1.0,0.95,0.0,0.9963636363636363,0.16474039689182263,7,nan,nan,nan,nan,nan,nan,nan
inh no-bursts T=600s,1,cch_hollow,600,0.06,False,0.1,0.2,0.01,robust,240,20,19,0,1,0,1.0,1.0,0.95,0.0,0.9963636363636363,0.16474039689182263,7,nan,nan,nan,nan,nan,nan,nan
inh no-bursts T=600s,1,cch_jitter,600,0.06,False,0.1,0.2,6.74,all,240,20,17,1,3,0,0.9444444444444444,0.9444444444444444,0.85,0.004545454545454545,0.9872727272727273,0.16021941315633526,7,nan,nan,nan,nan,nan,nan,0.40987124463519314
inh no-bursts T=600s,1,cch_jitter,600,0.06,False,0.1,0.2,6.74,no_bursts,240,20,17,1,3,0,0.9444444444444444,0.9444444444444444,0.85,0.004545454545454545,0.9872727272727273,0.16021941315633526,7,nan,nan,nan,nan,nan,nan,0.40987124463519314
inh no-bursts T=600s,1,cch_jitter,600,0.06,False,0.1,0.2,6.74,robust,240,20,17,1,3,0,0.9444444444444444,0.9444444444444444,0.85,0.004545454545454545,0.9872727272727273,0.16021941315633526,7,nan,nan,nan,nan,nan,nan,0.40987124463519314
inh no-bursts T=600s,1,sttc,600,0.06,False,0.1,0.2,10.64,all,120,18,16,2,2,0,0.8888888888888888,0.8888888888888888,0.8888888888888888,0.0196078431372549,0.9907407407407407,nan,7,nan,nan,nan,nan,nan,nan,nan
inh no-bursts T=600s,1,sttc,600,0.06,False,0.1,0.2,10.64,no_bursts,120,18,16,2,2,0,0.8888888888888888,0.8888888888888888,0.8888888888888888,0.0196078431372549,0.9907407407407407,nan,7,nan,nan,nan,nan,nan,nan,nan
inh no-bursts T=600s,1,sttc,600,0.06,False,0.1,0.2,10.64,robust,120,18,16,2,2,0,0.8888888888888888,0.8888888888888888,0.8888888888888888,0.0196078431372549,0.9907407407407407,nan,7,nan,nan,nan,nan,nan,nan,nan
inh no-bursts T=600s,1,tspe,600,0.06,False,0.1,0.2,17.98,all,240,20,15,0,5,0,1.0,1.0,0.75,0.0,0.9606818181818182,0.2062638914554369,7,0,3,7,1,0.0,0.0,0.41263028816676883
inh no-bursts T=600s,1,tspe,600,0.06,False,0.1,0.2,17.98,no_bursts,240,20,15,0,5,0,1.0,1.0,0.75,0.0,0.9606818181818182,0.2062638914554369,7,0,3,7,1,0.0,0.0,0.41263028816676883
inh no-bursts T=600s,1,tspe,600,0.06,False,0.1,0.2,17.98,robust,240,20,15,0,5,0,1.0,1.0,0.75,0.0,0.9606818181818182,0.2062638914554369,7,0,3,7,1,0.0,0.0,0.41263028816676883
inh no-bursts T=600s,1,tspe_noreverse,600,0.06,False,0.1,0.2,17.98,all,240,20,15,0,5,0,1.0,1.0,0.75,0.0,0.9606818181818182,0.2062638914554369,7,0,2,7,0,0.0,0.0,0.41263028816676883
inh no-bursts T=600s,1,tspe_noreverse,600,0.06,False,0.1,0.2,17.98,no_bursts,240,20,15,0,5,0,1.0,1.0,0.75,0.0,0.9606818181818182,0.2062638914554369,7,0,2,7,0,0.0,0.0,0.41263028816676883
inh no-bursts T=600s,1,tspe_noreverse,600,0.06,False,0.1,0.2,17.98,robust,240,20,15,0,5,0,1.0,1.0,0.75,0.0,0.9606818181818182,0.2062638914554369,7,0,2,7,0,0.0,0.0,0.41263028816676883
inh no-bursts T=600s,1,cfp,600,0.06,False,0.1,0.2,12.46,all,240,20,0,0,20,0,nan,nan,0.0,0.0,0.9706818181818182,nan,7,nan,nan,nan,nan,nan,nan,nan
inh no-bursts T=600s,1,cfp,600,0.06,False,0.1,0.2,12.46,no_bursts,240,20,0,0,20,0,nan,nan,0.0,0.0,0.9706818181818182,nan,7,nan,nan,nan,nan,nan,nan,nan
inh no-bursts T=600s,1,cfp,600,0.06,False,0.1,0.2,12.46,robust,240,20,0,0,20,0,nan,nan,0.0,0.0,0.9706818181818182,nan,7,nan,nan,nan,nan,nan,nan,nan
inh no-bursts T=600s,1,cfp_narrow,600,0.06,False,0.1,0.2,12.46,all,240,20,18,1,2,0,0.9473684210526315,0.9473684210526315,0.9,0.004545454545454545,0.9706818181818182,0.16299291865537924,7,nan,nan,nan,nan,nan,nan,nan
inh no-bursts T=600s,1,cfp_narrow,600,0.06,False,0.1,0.2,12.46,no_bursts,240,20,18,1,2,0,0.9473684210526315,0.9473684210526315,0.9,0.004545454545454545,0.9706818181818182,0.16299291865537924,7,nan,nan,nan,nan,nan,nan,nan
inh no-bursts T=600s,1,cfp_narrow,600,0.06,False,0.1,0.2,12.46,robust,240,20,18,1,2,0,0.9473684210526315,0.9473684210526315,0.9,0.004545454545454545,0.9706818181818182,0.16299291865537924,7,nan,nan,nan,nan,nan,nan,nan
inh no-bursts T=600s,2,cch_hollow,600,0.06,False,0.1,0.2,0.01,all,240,19,19,0,0,0,1.0,1.0,1.0,0.0,1.0,0.06196901602543137,5,nan,nan,nan,nan,nan,nan,nan
inh no-bursts T=600s,2,cch_hollow,600,0.06,False,0.1,0.2,0.01,no_bursts,240,19,19,0,0,0,1.0,1.0,1.0,0.0,1.0,0.06196901602543137,5,nan,nan,nan,nan,nan,nan,nan
inh no-bursts T=600s,2,cch_hollow,600,0.06,False,0.1,0.2,0.01,robust,240,19,19,0,0,0,1.0,1.0,1.0,0.0,1.0,0.06196901602543137,5,nan,nan,nan,nan,nan,nan,nan
inh no-bursts T=600s,2,cch_jitter,600,0.06,False,0.1,0.2,7.35,all,240,19,19,0,0,0,1.0,1.0,1.0,0.0,1.0,0.06196901602543137,5,nan,nan,nan,nan,nan,nan,0.6978723404255319
inh no-bursts T=600s,2,cch_jitter,600,0.06,False,0.1,0.2,7.35,no_bursts,240,19,19,0,0,0,1.0,1.0,1.0,0.0,1.0,0.06196901602543137,5,nan,nan,nan,nan,nan,nan,0.6978723404255319
inh no-bursts T=600s,2,cch_jitter,600,0.06,False,0.1,0.2,7.35,robust,240,19,19,0,0,0,1.0,1.0,1.0,0.0,1.0,0.06196901602543137,5,nan,nan,nan,nan,nan,nan,0.6978723404255319
inh no-bursts T=600s,2,sttc,600,0.06,False,0.1,0.2,11.1,all,120,18,16,3,2,1,0.8421052631578947,0.8947368421052632,0.8888888888888888,0.029411764705882353,0.9820261437908496,nan,5,nan,nan,nan,nan,nan,nan,nan
inh no-bursts T=600s,2,sttc,600,0.06,False,0.1,0.2,11.1,no_bursts,120,18,16,3,2,1,0.8421052631578947,0.8947368421052632,0.8888888888888888,0.029411764705882353,0.9820261437908496,nan,5,nan,nan,nan,nan,nan,nan,nan
inh no-bursts T=600s,2,sttc,600,0.06,False,0.1,0.2,11.1,robust,120,18,16,3,2,1,0.8421052631578947,0.8947368421052632,0.8888888888888888,0.029411764705882353,0.9820261437908496,nan,5,nan,nan,nan,nan,nan,nan,nan
inh no-bursts T=600s,2,tspe,600,0.06,False,0.1,0.2,17.89,all,240,19,17,0,2,0,1.0,1.0,0.8947368421052632,0.0,0.9990473922362467,0.2171717352679825,5,1,3,4,3,0.25,0.2,0.705531914893617
inh no-bursts T=600s,2,tspe,600,0.06,False,0.1,0.2,17.89,no_bursts,240,19,17,0,2,0,1.0,1.0,0.8947368421052632,0.0,0.9990473922362467,0.2171717352679825,5,1,3,4,3,0.25,0.2,0.705531914893617
inh no-bursts T=600s,2,tspe,600,0.06,False,0.1,0.2,17.89,robust,240,19,17,0,2,0,1.0,1.0,0.8947368421052632,0.0,0.9990473922362467,0.2171717352679825,5,1,3,4,3,0.25,0.2,0.705531914893617
inh no-bursts T=600s,2,tspe_noreverse,600,0.06,False,0.1,0.2,17.89,all,240,19,17,0,2,0,1.0,1.0,0.8947368421052632,0.0,0.9990473922362467,0.2171717352679825,5,1,0,4,0,1.0,0.2,0.705531914893617
inh no-bursts T=600s,2,tspe_noreverse,600,0.06,False,0.1,0.2,17.89,no_bursts,240,19,17,0,2,0,1.0,1.0,0.8947368421052632,0.0,0.9990473922362467,0.2171717352679825,5,1,0,4,0,1.0,0.2,0.705531914893617
inh no-bursts T=600s,2,tspe_noreverse,600,0.06,False,0.1,0.2,17.89,robust,240,19,17,0,2,0,1.0,1.0,0.8947368421052632,0.0,0.9990473922362467,0.2171717352679825,5,1,0,4,0,1.0,0.2,0.705531914893617
inh no-bursts T=600s,2,cfp,600,0.06,False,0.1,0.2,9.37,all,240,19,0,0,19,0,nan,nan,0.0,0.0,0.9997618480590617,nan,5,nan,nan,nan,nan,nan,nan,nan
inh no-bursts T=600s,2,cfp,600,0.06,False,0.1,0.2,9.37,no_bursts,240,19,0,0,19,0,nan,nan,0.0,0.0,0.9997618480590617,nan,5,nan,nan,nan,nan,nan,nan,nan
inh no-bursts T=600s,2,cfp,600,0.06,False,0.1,0.2,9.37,robust,240,19,0,0,19,0,nan,nan,0.0,0.0,0.9997618480590617,nan,5,nan,nan,nan,nan,nan,nan,nan
inh no-bursts T=600s,2,cfp_narrow,600,0.06,False,0.1,0.2,9.37,all,240,19,19,2,0,1,0.9047619047619048,0.9523809523809523,1.0,0.00904977375565611,0.9997618480590617,0.1772524777831226,5,nan,nan,nan,nan,nan,nan,nan
inh no-bursts T=600s,2,cfp_narrow,600,0.06,False,0.1,0.2,9.37,no_bursts,240,19,19,2,0,1,0.9047619047619048,0.9523809523809523,1.0,0.00904977375565611,0.9997618480590617,0.1772524777831226,5,nan,nan,nan,nan,nan,nan,nan
inh no-bursts T=600s,2,cfp_narrow,600,0.06,False,0.1,0.2,9.37,robust,240,19,19,2,0,1,0.9047619047619048,0.9523809523809523,1.0,0.00904977375565611,0.9997618480590617,0.1772524777831226,5,nan,nan,nan,nan,nan,nan,nan
inh no-bursts T=1800s,0,cch_hollow,1800,0.06,False,0.1,0.2,0.01,all,240,18,16,3,2,3,0.8421052631578947,1.0,0.8888888888888888,0.013513513513513514,1.0,0.1064380335457209,6,nan,nan,nan,nan,nan,nan,nan
inh no-bursts T=1800s,0,cch_hollow,1800,0.06,False,0.1,0.2,0.01,no_bursts,240,18,16,3,2,3,0.8421052631578947,1.0,0.8888888888888888,0.013513513513513514,1.0,0.1064380335457209,6,nan,nan,nan,nan,nan,nan,nan
inh no-bursts T=1800s,0,cch_hollow,1800,0.06,False,0.1,0.2,0.01,robust,240,18,16,3,2,3,0.8421052631578947,1.0,0.8888888888888888,0.013513513513513514,1.0,0.1064380335457209,6,nan,nan,nan,nan,nan,nan,nan
inh no-bursts T=1800s,0,cch_jitter,1800,0.06,False,0.1,0.2,21.65,all,240,18,18,1,0,1,0.9473684210526315,1.0,1.0,0.0045045045045045045,0.9997497497497497,0.12002485923542006,6,nan,nan,nan,nan,nan,nan,0.7222222222222222
inh no-bursts T=1800s,0,cch_jitter,1800,0.06,False,0.1,0.2,21.65,no_bursts,240,18,18,1,0,1,0.9473684210526315,1.0,1.0,0.0045045045045045045,0.9997497497497497,0.12002485923542006,6,nan,nan,nan,nan,nan,nan,0.7193732193732194
inh no-bursts T=1800s,0,cch_jitter,1800,0.06,False,0.1,0.2,21.65,robust,240,18,18,1,0,1,0.9473684210526315,1.0,1.0,0.0045045045045045045,0.9997497497497497,0.12002485923542006,6,nan,nan,nan,nan,nan,nan,0.7222222222222222
inh no-bursts T=1800s,0,sttc,1800,0.06,False,0.1,0.2,26.01,all,120,17,17,3,0,2,0.85,0.95,1.0,0.02912621359223301,1.0,nan,6,nan,nan,nan,nan,nan,nan,nan
inh no-bursts T=1800s,0,sttc,1800,0.06,False,0.1,0.2,26.01,no_bursts,120,17,17,1,0,0,0.9444444444444444,0.9444444444444444,1.0,0.009708737864077669,1.0,nan,6,nan,nan,nan,nan,nan,nan,nan
inh no-bursts T=1800s,0,sttc,1800,0.06,False,0.1,0.2,26.01,robust,120,17,17,1,0,0,0.9444444444444444,0.9444444444444444,1.0,0.009708737864077669,1.0,nan,6,nan,nan,nan,nan,nan,nan,nan
inh no-bursts T=1800s,0,tspe,1800,0.06,False,0.1,0.2,51.83,all,240,18,17,2,1,2,0.8947368421052632,1.0,0.9444444444444444,0.009009009009009009,0.9494494494494494,0.208995407291094,6,1,12,5,10,0.07692307692307693,0.16666666666666666,0.457977207977208
inh no-bursts T=1800s,0,tspe,1800,0.06,False,0.1,0.2,51.83,no_bursts,240,18,17,2,1,2,0.8947368421052632,1.0,0.9444444444444444,0.009009009009009009,0.9504504504504504,0.208995407291094,6,1,11,5,10,0.08333333333333333,0.16666666666666666,0.4829059829059829
inh no-bursts T=1800s,0,tspe,1800,0.06,False,0.1,0.2,51.83,robust,240,18,17,2,1,2,0.8947368421052632,1.0,0.9444444444444444,0.009009009009009009,0.9494494494494494,0.208995407291094,6,1,11,5,10,0.08333333333333333,0.16666666666666666,0.457977207977208
inh no-bursts T=1800s,0,tspe_noreverse,1800,0.06,False,0.1,0.2,51.83,all,240,18,17,2,1,2,0.8947368421052632,1.0,0.9444444444444444,0.009009009009009009,0.9494494494494494,0.208995407291094,6,0,2,6,0,0.0,0.0,0.457977207977208
inh no-bursts T=1800s,0,tspe_noreverse,1800,0.06,False,0.1,0.2,51.83,no_bursts,240,18,17,2,1,2,0.8947368421052632,1.0,0.9444444444444444,0.009009009009009009,0.9504504504504504,0.208995407291094,6,0,1,6,0,0.0,0.0,0.4829059829059829
inh no-bursts T=1800s,0,tspe_noreverse,1800,0.06,False,0.1,0.2,51.83,robust,240,18,17,2,1,2,0.8947368421052632,1.0,0.9444444444444444,0.009009009009009009,0.9494494494494494,0.208995407291094,6,0,1,6,0,0.0,0.0,0.457977207977208
inh no-bursts T=1800s,0,cfp,1800,0.06,False,0.1,0.2,10.36,all,240,18,0,0,18,0,nan,nan,0.0,0.0,1.0,nan,6,nan,nan,nan,nan,nan,nan,nan
inh no-bursts T=1800s,0,cfp,1800,0.06,False,0.1,0.2,10.36,no_bursts,240,18,0,0,18,0,nan,nan,0.0,0.0,1.0,nan,6,nan,nan,nan,nan,nan,nan,nan
inh no-bursts T=1800s,0,cfp,1800,0.06,False,0.1,0.2,10.36,robust,240,18,0,0,18,0,nan,nan,0.0,0.0,1.0,nan,6,nan,nan,nan,nan,nan,nan,nan
inh no-bursts T=1800s,0,cfp_narrow,1800,0.06,False,0.1,0.2,10.36,all,240,18,18,4,0,3,0.8181818181818182,0.9545454545454546,1.0,0.018018018018018018,1.0,0.1287642680363038,6,nan,nan,nan,nan,nan,nan,nan
inh no-bursts T=1800s,0,cfp_narrow,1800,0.06,False,0.1,0.2,10.36,no_bursts,240,18,18,3,0,3,0.8571428571428571,1.0,1.0,0.013513513513513514,1.0,0.1264403867058197,6,nan,nan,nan,nan,nan,nan,nan
inh no-bursts T=1800s,0,cfp_narrow,1800,0.06,False,0.1,0.2,10.36,robust,240,18,18,3,0,3,0.8571428571428571,1.0,1.0,0.013513513513513514,1.0,0.1287642680363038,6,nan,nan,nan,nan,nan,nan,nan
inh no-bursts T=1800s,1,cch_hollow,1800,0.06,False,0.1,0.2,0.01,all,240,20,18,2,2,2,0.9,1.0,0.9,0.00909090909090909,1.0,0.16247990502407894,7,nan,nan,nan,nan,nan,nan,nan
inh no-bursts T=1800s,1,cch_hollow,1800,0.06,False,0.1,0.2,0.01,no_bursts,240,20,18,2,2,2,0.9,1.0,0.9,0.00909090909090909,1.0,0.16247990502407894,7,nan,nan,nan,nan,nan,nan,nan
inh no-bursts T=1800s,1,cch_hollow,1800,0.06,False,0.1,0.2,0.01,robust,240,20,18,2,2,2,0.9,1.0,0.9,0.00909090909090909,1.0,0.16247990502407894,7,nan,nan,nan,nan,nan,nan,nan
inh no-bursts T=1800s,1,cch_jitter,1800,0.06,False,0.1,0.2,18.72,all,240,20,20,1,0,1,0.9523809523809523,1.0,1.0,0.004545454545454545,1.0,0.14261394451259934,7,nan,nan,nan,nan,nan,nan,0.7087676272225628
inh no-bursts T=1800s,1,cch_jitter,1800,0.06,False,0.1,0.2,18.72,no_bursts,240,20,20,1,0,1,0.9523809523809523,1.0,1.0,0.004545454545454545,1.0,0.14261394451259934,7,nan,nan,nan,nan,nan,nan,0.7179644389944819
inh no-bursts T=1800s,1,cch_jitter,1800,0.06,False,0.1,0.2,18.72,robust,240,20,20,1,0,1,0.9523809523809523,1.0,1.0,0.004545454545454545,1.0,0.14261394451259934,7,nan,nan,nan,nan,nan,nan,0.7087676272225628
inh no-bursts T=1800s,1,sttc,1800,0.06,False,0.1,0.2,22.71,all,120,18,18,2,0,1,0.9,0.95,1.0,0.0196078431372549,0.9983660130718954,nan,7,nan,nan,nan,nan,nan,nan,nan
inh no-bursts T=1800s,1,sttc,1800,0.06,False,0.1,0.2,22.71,no_bursts,120,18,18,3,0,2,0.8571428571428571,0.9523809523809523,1.0,0.029411764705882353,0.9989106753812637,nan,7,nan,nan,nan,nan,nan,nan,nan
inh no-bursts T=1800s,1,sttc,1800,0.06,False,0.1,0.2,22.71,robust,120,18,18,2,0,1,0.9,0.95,1.0,0.0196078431372549,0.9983660130718954,nan,7,nan,nan,nan,nan,nan,nan,nan
inh no-bursts T=1800s,1,tspe,1800,0.06,False,0.1,0.2,51.06,all,240,20,19,0,1,0,1.0,1.0,0.95,0.0,1.0,0.22529923252474582,7,0,7,7,6,0.0,0.0,0.46229307173513184
inh no-bursts T=1800s,1,tspe,1800,0.06,False,0.1,0.2,51.06,no_bursts,240,20,19,0,1,0,1.0,1.0,0.95,0.0,1.0,0.22529923252474582,7,0,6,7,6,0.0,0.0,0.44022072348252606
inh no-bursts T=1800s,1,tspe,1800,0.06,False,0.1,0.2,51.06,robust,240,20,19,0,1,0,1.0,1.0,0.95,0.0,1.0,0.22529923252474582,7,0,6,7,6,0.0,0.0,0.46229307173513184
inh no-bursts T=1800s,1,tspe_noreverse,1800,0.06,False,0.1,0.2,51.06,all,240,20,19,0,1,0,1.0,1.0,0.95,0.0,1.0,0.22529923252474582,7,0,1,7,0,0.0,0.0,0.46229307173513184
inh no-bursts T=1800s,1,tspe_noreverse,1800,0.06,False,0.1,0.2,51.06,no_bursts,240,20,19,0,1,0,1.0,1.0,0.95,0.0,1.0,0.22529923252474582,7,0,0,7,0,nan,0.0,0.44022072348252606
inh no-bursts T=1800s,1,tspe_noreverse,1800,0.06,False,0.1,0.2,51.06,robust,240,20,19,0,1,0,1.0,1.0,0.95,0.0,1.0,0.22529923252474582,7,0,0,7,0,nan,0.0,0.46229307173513184
inh no-bursts T=1800s,1,cfp,1800,0.06,False,0.1,0.2,11.87,all,240,20,0,0,20,0,nan,nan,0.0,0.0,1.0,nan,7,nan,nan,nan,nan,nan,nan,nan
inh no-bursts T=1800s,1,cfp,1800,0.06,False,0.1,0.2,11.87,no_bursts,240,20,0,0,20,0,nan,nan,0.0,0.0,1.0,nan,7,nan,nan,nan,nan,nan,nan,nan
inh no-bursts T=1800s,1,cfp,1800,0.06,False,0.1,0.2,11.87,robust,240,20,0,0,20,0,nan,nan,0.0,0.0,1.0,nan,7,nan,nan,nan,nan,nan,nan,nan
inh no-bursts T=1800s,1,cfp_narrow,1800,0.06,False,0.1,0.2,11.87,all,240,20,20,6,0,4,0.7692307692307693,0.9230769230769231,1.0,0.02727272727272727,1.0,0.14334257260824113,7,nan,nan,nan,nan,nan,nan,nan
inh no-bursts T=1800s,1,cfp_narrow,1800,0.06,False,0.1,0.2,11.87,no_bursts,240,20,20,6,0,4,0.7692307692307693,0.9230769230769231,1.0,0.02727272727272727,1.0,0.14334257260824113,7,nan,nan,nan,nan,nan,nan,nan
inh no-bursts T=1800s,1,cfp_narrow,1800,0.06,False,0.1,0.2,11.87,robust,240,20,20,6,0,4,0.7692307692307693,0.9230769230769231,1.0,0.02727272727272727,1.0,0.14334257260824113,7,nan,nan,nan,nan,nan,nan,nan
inh no-bursts T=1800s,2,cch_hollow,1800,0.06,False,0.1,0.2,0.01,all,240,19,19,1,0,1,0.95,1.0,1.0,0.004524886877828055,1.0,0.06196901602543137,5,nan,nan,nan,nan,nan,nan,nan
inh no-bursts T=1800s,2,cch_hollow,1800,0.06,False,0.1,0.2,0.01,no_bursts,240,19,19,1,0,1,0.95,1.0,1.0,0.004524886877828055,1.0,0.06196901602543137,5,nan,nan,nan,nan,nan,nan,nan
inh no-bursts T=1800s,2,cch_hollow,1800,0.06,False,0.1,0.2,0.01,robust,240,19,19,1,0,1,0.95,1.0,1.0,0.004524886877828055,1.0,0.06196901602543137,5,nan,nan,nan,nan,nan,nan,nan
inh no-bursts T=1800s,2,cch_jitter,1800,0.06,False,0.1,0.2,20.18,all,240,19,19,1,0,1,0.95,1.0,1.0,0.004524886877828055,1.0,0.06196901602543137,5,nan,nan,nan,nan,nan,nan,0.6561702127659574
inh no-bursts T=1800s,2,cch_jitter,1800,0.06,False,0.1,0.2,20.18,no_bursts,240,19,19,1,0,1,0.95,1.0,1.0,0.004524886877828055,1.0,0.06196901602543137,5,nan,nan,nan,nan,nan,nan,0.6527659574468085
inh no-bursts T=1800s,2,cch_jitter,1800,0.06,False,0.1,0.2,20.18,robust,240,19,19,1,0,1,0.95,1.0,1.0,0.004524886877828055,1.0,0.06196901602543137,5,nan,nan,nan,nan,nan,nan,0.6561702127659574
inh no-bursts T=1800s,2,sttc,1800,0.06,False,0.1,0.2,25.76,all,120,18,18,2,0,1,0.9,0.95,1.0,0.0196078431372549,0.9989106753812637,nan,5,nan,nan,nan,nan,nan,nan,nan
inh no-bursts T=1800s,2,sttc,1800,0.06,False,0.1,0.2,25.76,no_bursts,120,18,18,2,0,1,0.9,0.95,1.0,0.0196078431372549,0.9989106753812637,nan,5,nan,nan,nan,nan,nan,nan,nan
inh no-bursts T=1800s,2,sttc,1800,0.06,False,0.1,0.2,25.76,robust,120,18,18,2,0,1,0.9,0.95,1.0,0.0196078431372549,0.9989106753812637,nan,5,nan,nan,nan,nan,nan,nan,nan
inh no-bursts T=1800s,2,tspe,1800,0.06,False,0.1,0.2,49.94,all,240,19,19,0,0,0,1.0,1.0,1.0,0.0,1.0,0.2171717352679825,5,0,6,5,6,0.0,0.0,0.6953191489361702
inh no-bursts T=1800s,2,tspe,1800,0.06,False,0.1,0.2,49.94,no_bursts,240,19,19,0,0,0,1.0,1.0,1.0,0.0,1.0,0.2171717352679825,5,0,7,5,5,0.0,0.0,0.6774468085106383
inh no-bursts T=1800s,2,tspe,1800,0.06,False,0.1,0.2,49.94,robust,240,19,19,0,0,0,1.0,1.0,1.0,0.0,1.0,0.2171717352679825,5,0,5,5,5,0.0,0.0,0.6953191489361702
inh no-bursts T=1800s,2,tspe_noreverse,1800,0.06,False,0.1,0.2,49.94,all,240,19,19,0,0,0,1.0,1.0,1.0,0.0,1.0,0.2171717352679825,5,0,0,5,0,nan,0.0,0.6953191489361702
inh no-bursts T=1800s,2,tspe_noreverse,1800,0.06,False,0.1,0.2,49.94,no_bursts,240,19,19,0,0,0,1.0,1.0,1.0,0.0,1.0,0.2171717352679825,5,0,2,5,0,0.0,0.0,0.6774468085106383
inh no-bursts T=1800s,2,tspe_noreverse,1800,0.06,False,0.1,0.2,49.94,robust,240,19,19,0,0,0,1.0,1.0,1.0,0.0,1.0,0.2171717352679825,5,0,0,5,0,nan,0.0,0.6953191489361702
inh no-bursts T=1800s,2,cfp,1800,0.06,False,0.1,0.2,12.99,all,240,19,0,0,19,0,nan,nan,0.0,0.0,1.0,nan,5,nan,nan,nan,nan,nan,nan,nan
inh no-bursts T=1800s,2,cfp,1800,0.06,False,0.1,0.2,12.99,no_bursts,240,19,0,0,19,0,nan,nan,0.0,0.0,1.0,nan,5,nan,nan,nan,nan,nan,nan,nan
inh no-bursts T=1800s,2,cfp,1800,0.06,False,0.1,0.2,12.99,robust,240,19,0,0,19,0,nan,nan,0.0,0.0,1.0,nan,5,nan,nan,nan,nan,nan,nan,nan
inh no-bursts T=1800s,2,cfp_narrow,1800,0.06,False,0.1,0.2,12.99,all,240,19,19,4,0,1,0.8260869565217391,0.8695652173913043,1.0,0.01809954751131222,1.0,0.1269679754251789,5,nan,nan,nan,nan,nan,nan,nan
inh no-bursts T=1800s,2,cfp_narrow,1800,0.06,False,0.1,0.2,12.99,no_bursts,240,19,19,4,0,1,0.8260869565217391,0.8695652173913043,1.0,0.01809954751131222,1.0,0.12694690745805115,5,nan,nan,nan,nan,nan,nan,nan
inh no-bursts T=1800s,2,cfp_narrow,1800,0.06,False,0.1,0.2,12.99,robust,240,19,19,4,0,1,0.8260869565217391,0.8695652173913043,1.0,0.01809954751131222,1.0,0.1269679754251789,5,nan,nan,nan,nan,nan,nan,nan
inh bursts T=600s,0,cch_hollow,600,0.06,True,0.1,0.2,0.01,all,240,18,16,0,2,0,1.0,1.0,0.8888888888888888,0.0,1.0,0.1064380335457209,6,nan,nan,nan,nan,nan,nan,nan
inh bursts T=600s,0,cch_hollow,600,0.06,True,0.1,0.2,0.01,no_bursts,240,18,16,1,2,1,0.9411764705882353,1.0,0.8888888888888888,0.0045045045045045045,1.0,0.12002485923542006,6,nan,nan,nan,nan,nan,nan,nan
inh bursts T=600s,0,cch_hollow,600,0.06,True,0.1,0.2,0.01,robust,240,18,16,0,2,0,1.0,1.0,0.8888888888888888,0.0,1.0,0.1064380335457209,6,nan,nan,nan,nan,nan,nan,nan
inh bursts T=600s,0,cch_jitter,600,0.06,True,0.1,0.2,8.53,all,240,18,18,0,0,0,1.0,1.0,1.0,0.0,1.0,0.12002485923542006,6,nan,nan,nan,nan,nan,nan,0.7115384615384616
inh bursts T=600s,0,cch_jitter,600,0.06,True,0.1,0.2,8.53,no_bursts,240,18,17,0,1,0,1.0,1.0,0.9444444444444444,0.0,1.0,0.12483000462665306,6,nan,nan,nan,nan,nan,nan,0.5854700854700855
inh bursts T=600s,0,cch_jitter,600,0.06,True,0.1,0.2,8.53,robust,240,18,17,0,1,0,1.0,1.0,0.9444444444444444,0.0,1.0,0.11521971384418705,6,nan,nan,nan,nan,nan,nan,0.7115384615384616
inh bursts T=600s,0,sttc,600,0.06,True,0.1,0.2,12.47,all,120,17,13,2,4,1,0.8666666666666667,0.9333333333333333,0.7647058823529411,0.019417475728155338,0.9794403198172473,nan,6,nan,nan,nan,nan,nan,nan,nan
inh bursts T=600s,0,sttc,600,0.06,True,0.1,0.2,12.47,no_bursts,120,17,16,0,1,0,1.0,1.0,0.9411764705882353,0.0,0.9994288977727013,nan,6,nan,nan,nan,nan,nan,nan,nan
inh bursts T=600s,0,sttc,600,0.06,True,0.1,0.2,12.47,robust,120,17,13,0,4,0,1.0,1.0,0.7647058823529411,0.0,0.9794403198172473,nan,6,nan,nan,nan,nan,nan,nan,nan
inh bursts T=600s,0,tspe,600,0.06,True,0.1,0.2,21.64,all,240,18,16,0,2,0,1.0,1.0,0.8888888888888888,0.0,0.9454454454454454,0.19081396431656983,6,0,2,6,2,0.0,0.0,0.5698005698005698
inh bursts T=600s,0,tspe,600,0.06,True,0.1,0.2,21.64,no_bursts,240,18,17,0,1,0,1.0,1.0,0.9444444444444444,0.0,0.9502002002002002,0.208995407291094,6,0,4,6,2,0.0,0.0,0.5961538461538461
inh bursts T=600s,0,tspe,600,0.06,True,0.1,0.2,21.64,robust,240,18,16,0,2,0,1.0,1.0,0.8888888888888888,0.0,0.9454454454454454,0.19081396431656983,6,0,2,6,2,0.0,0.0,0.5698005698005698
inh bursts T=600s,0,tspe_noreverse,600,0.06,True,0.1,0.2,21.64,all,240,18,16,0,2,0,1.0,1.0,0.8888888888888888,0.0,0.9454454454454454,0.19081396431656983,6,0,0,6,0,nan,0.0,0.5698005698005698
inh bursts T=600s,0,tspe_noreverse,600,0.06,True,0.1,0.2,21.64,no_bursts,240,18,17,0,1,0,1.0,1.0,0.9444444444444444,0.0,0.9502002002002002,0.208995407291094,6,0,2,6,0,0.0,0.0,0.5961538461538461
inh bursts T=600s,0,tspe_noreverse,600,0.06,True,0.1,0.2,21.64,robust,240,18,16,0,2,0,1.0,1.0,0.8888888888888888,0.0,0.9454454454454454,0.19081396431656983,6,0,0,6,0,nan,0.0,0.5698005698005698
inh bursts T=600s,0,cfp,600,0.06,True,0.1,0.2,11.13,all,240,18,3,187,15,38,0.015789473684210527,0.21578947368421053,0.16666666666666666,0.8423423423423423,0.992992992992993,2.634780286155813,6,nan,nan,nan,nan,nan,nan,nan
inh bursts T=600s,0,cfp,600,0.06,True,0.1,0.2,11.13,no_bursts,240,18,0,0,18,0,nan,nan,0.0,0.0,1.0,nan,6,nan,nan,nan,nan,nan,nan,nan
inh bursts T=600s,0,cfp,600,0.06,True,0.1,0.2,11.13,robust,240,18,0,0,18,0,nan,nan,0.0,0.0,0.992992992992993,nan,6,nan,nan,nan,nan,nan,nan,nan
inh bursts T=600s,0,cfp_narrow,600,0.06,True,0.1,0.2,11.13,all,240,18,18,196,0,38,0.08411214953271028,0.2616822429906542,1.0,0.8828828828828829,0.992992992992993,0.12175225157010161,6,nan,nan,nan,nan,nan,nan,nan
inh bursts T=600s,0,cfp_narrow,600,0.06,True,0.1,0.2,11.13,no_bursts,240,18,18,1,0,1,0.9473684210526315,1.0,1.0,0.0045045045045045045,1.0,0.1412154069512377,6,nan,nan,nan,nan,nan,nan,nan
inh bursts T=600s,0,cfp_narrow,600,0.06,True,0.1,0.2,11.13,robust,240,18,18,1,0,1,0.9473684210526315,1.0,1.0,0.0045045045045045045,0.992992992992993,0.12175225157010161,6,nan,nan,nan,nan,nan,nan,nan
inh bursts T=600s,1,cch_hollow,600,0.06,True,0.1,0.2,0.02,all,240,20,18,0,2,0,1.0,1.0,0.9,0.0,1.0,0.16376601822841141,7,nan,nan,nan,nan,nan,nan,nan
inh bursts T=600s,1,cch_hollow,600,0.06,True,0.1,0.2,0.02,no_bursts,240,20,16,0,4,0,1.0,1.0,0.8,0.0,0.9997727272727273,0.16376601822841141,7,nan,nan,nan,nan,nan,nan,nan
inh bursts T=600s,1,cch_hollow,600,0.06,True,0.1,0.2,0.02,robust,240,20,16,0,4,0,1.0,1.0,0.8,0.0,1.0,0.16376601822841141,7,nan,nan,nan,nan,nan,nan,nan
inh bursts T=600s,1,cch_jitter,600,0.06,True,0.1,0.2,8.2,all,240,20,16,0,4,0,1.0,1.0,0.8,0.0,0.9984090909090909,0.16376601822841141,7,nan,nan,nan,nan,nan,nan,0.4230533415082771
inh bursts T=600s,1,cch_jitter,600,0.06,True,0.1,0.2,8.2,no_bursts,240,20,17,1,3,0,0.9444444444444444,0.9444444444444444,0.85,0.004545454545454545,0.9834090909090909,0.16021941315633526,7,nan,nan,nan,nan,nan,nan,0.43041079092581236
inh bursts T=600s,1,cch_jitter,600,0.06,True,0.1,0.2,8.2,robust,240,20,16,0,4,0,1.0,1.0,0.8,0.0,0.9984090909090909,0.16376601822841141,7,nan,nan,nan,nan,nan,nan,0.4230533415082771
inh bursts T=600s,1,sttc,600,0.06,True,0.1,0.2,12.15,all,120,18,13,1,5,0,0.9285714285714286,0.9285714285714286,0.7222222222222222,0.00980392156862745,0.9842047930283224,nan,7,nan,nan,nan,nan,nan,nan,nan
inh bursts T=600s,1,sttc,600,0.06,True,0.1,0.2,12.15,no_bursts,120,18,14,4,4,0,0.7777777777777778,0.7777777777777778,0.7777777777777778,0.0392156862745098,0.9782135076252724,nan,7,nan,nan,nan,nan,nan,nan,nan
inh bursts T=600s,1,sttc,600,0.06,True,0.1,0.2,12.15,robust,120,18,12,0,6,0,1.0,1.0,0.6666666666666666,0.0,0.9842047930283224,nan,7,nan,nan,nan,nan,nan,nan,nan
inh bursts T=600s,1,tspe,600,0.06,True,0.1,0.2,19.57,all,240,20,10,0,10,0,1.0,1.0,0.5,0.0,0.9952272727272727,0.12176762031798694,7,0,0,7,0,nan,0.0,0.5573267933782955
inh bursts T=600s,1,tspe,600,0.06,True,0.1,0.2,19.57,no_bursts,240,20,15,0,5,0,1.0,1.0,0.75,0.0,0.9581818181818181,0.2062638914554369,7,0,4,7,2,0.0,0.0,0.4917228694052728
inh bursts T=600s,1,tspe,600,0.06,True,0.1,0.2,19.57,robust,240,20,10,0,10,0,1.0,1.0,0.5,0.0,0.9952272727272727,0.12176762031798694,7,0,0,7,0,nan,0.0,0.5573267933782955
inh bursts T=600s,1,tspe_noreverse,600,0.06,True,0.1,0.2,19.57,all,240,20,10,0,10,0,1.0,1.0,0.5,0.0,0.9952272727272727,0.12176762031798694,7,0,0,7,0,nan,0.0,0.5573267933782955
inh bursts T=600s,1,tspe_noreverse,600,0.06,True,0.1,0.2,19.57,no_bursts,240,20,15,0,5,0,1.0,1.0,0.75,0.0,0.9581818181818181,0.2062638914554369,7,0,2,7,0,0.0,0.0,0.4917228694052728
inh bursts T=600s,1,tspe_noreverse,600,0.06,True,0.1,0.2,19.57,robust,240,20,10,0,10,0,1.0,1.0,0.5,0.0,0.9952272727272727,0.12176762031798694,7,0,0,7,0,nan,0.0,0.5573267933782955
inh bursts T=600s,1,cfp,600,0.06,True,0.1,0.2,8.66,all,240,20,3,162,17,34,0.01818181818181818,0.22424242424242424,0.15,0.7363636363636363,0.9940909090909091,2.007970485824327,7,nan,nan,nan,nan,nan,nan,nan
inh bursts T=600s,1,cfp,600,0.06,True,0.1,0.2,8.66,no_bursts,240,20,0,0,20,0,nan,nan,0.0,0.0,1.0,nan,7,nan,nan,nan,nan,nan,nan,nan
inh bursts T=600s,1,cfp,600,0.06,True,0.1,0.2,8.66,robust,240,20,0,0,20,0,nan,nan,0.0,0.0,0.9940909090909091,nan,7,nan,nan,nan,nan,nan,nan,nan
inh bursts T=600s,1,cfp_narrow,600,0.06,True,0.1,0.2,8.66,all,240,20,20,182,0,39,0.09900990099009901,0.29207920792079206,1.0,0.8272727272727273,0.9940909090909091,0.19683112181336504,7,nan,nan,nan,nan,nan,nan,nan
inh bursts T=600s,1,cfp_narrow,600,0.06,True,0.1,0.2,8.66,no_bursts,240,20,20,1,0,0,0.9523809523809523,0.9523809523809523,1.0,0.004545454545454545,1.0,0.13075886163585293,7,nan,nan,nan,nan,nan,nan,nan
inh bursts T=600s,1,cfp_narrow,600,0.06,True,0.1,0.2,8.66,robust,240,20,20,1,0,0,0.9523809523809523,0.9523809523809523,1.0,0.004545454545454545,0.9940909090909091,0.19683112181336504,7,nan,nan,nan,nan,nan,nan,nan
inh bursts T=600s,2,cch_hollow,600,0.06,True,0.1,0.2,0.01,all,240,19,19,0,0,0,1.0,1.0,1.0,0.0,1.0,0.06196901602543137,5,nan,nan,nan,nan,nan,nan,nan
inh bursts T=600s,2,cch_hollow,600,0.06,True,0.1,0.2,0.01,no_bursts,240,19,19,0,0,0,1.0,1.0,1.0,0.0,1.0,0.06196901602543137,5,nan,nan,nan,nan,nan,nan,nan
inh bursts T=600s,2,cch_hollow,600,0.06,True,0.1,0.2,0.01,robust,240,19,19,0,0,0,1.0,1.0,1.0,0.0,1.0,0.06196901602543137,5,nan,nan,nan,nan,nan,nan,nan
inh bursts T=600s,2,cch_jitter,600,0.06,True,0.1,0.2,8.64,all,240,19,18,0,1,0,1.0,1.0,0.9473684210526315,0.0,0.9997618480590617,0.07852869801671325,5,nan,nan,nan,nan,nan,nan,0.6008510638297873
inh bursts T=600s,2,cch_jitter,600,0.06,True,0.1,0.2,8.64,no_bursts,240,19,19,0,0,0,1.0,1.0,1.0,0.0,1.0,0.06196901602543137,5,nan,nan,nan,nan,nan,nan,0.7191489361702128
inh bursts T=600s,2,cch_jitter,600,0.06,True,0.1,0.2,8.64,robust,240,19,18,0,1,0,1.0,1.0,0.9473684210526315,0.0,0.9997618480590617,0.07852869801671325,5,nan,nan,nan,nan,nan,nan,0.6008510638297873
inh bursts T=600s,2,sttc,600,0.06,True,0.1,0.2,12.09,all,120,18,13,0,5,0,1.0,1.0,0.7222222222222222,0.0,0.9455337690631809,nan,5,nan,nan,nan,nan,nan,nan,nan
inh bursts T=600s,2,sttc,600,0.06,True,0.1,0.2,12.09,no_bursts,120,18,17,3,1,1,0.85,0.9,0.9444444444444444,0.029411764705882353,0.9950980392156863,nan,5,nan,nan,nan,nan,nan,nan,nan
inh bursts T=600s,2,sttc,600,0.06,True,0.1,0.2,12.09,robust,120,18,13,0,5,0,1.0,1.0,0.7222222222222222,0.0,0.9455337690631809,nan,5,nan,nan,nan,nan,nan,nan,nan
inh bursts T=600s,2,tspe,600,0.06,True,0.1,0.2,17.7,all,240,19,11,0,8,0,1.0,1.0,0.5789473684210527,0.0,0.9997618480590617,0.22685012423020456,5,0,0,5,0,nan,0.0,0.6306382978723404
inh bursts T=600s,2,tspe,600,0.06,True,0.1,0.2,17.7,no_bursts,240,19,16,0,3,0,1.0,1.0,0.8421052631578947,0.0,0.9990473922362467,0.2140977433262583,5,0,3,5,3,0.0,0.0,0.5957446808510638
inh bursts T=600s,2,tspe,600,0.06,True,0.1,0.2,17.7,robust,240,19,11,0,8,0,1.0,1.0,0.5789473684210527,0.0,0.9997618480590617,0.22685012423020456,5,0,0,5,0,nan,0.0,0.6306382978723404
inh bursts T=600s,2,tspe_noreverse,600,0.06,True,0.1,0.2,17.7,all,240,19,11,0,8,0,1.0,1.0,0.5789473684210527,0.0,0.9997618480590617,0.22685012423020456,5,0,0,5,0,nan,0.0,0.6306382978723404
inh bursts T=600s,2,tspe_noreverse,600,0.06,True,0.1,0.2,17.7,no_bursts,240,19,16,0,3,0,1.0,1.0,0.8421052631578947,0.0,0.9990473922362467,0.2140977433262583,5,0,0,5,0,nan,0.0,0.5957446808510638
inh bursts T=600s,2,tspe_noreverse,600,0.06,True,0.1,0.2,17.7,robust,240,19,11,0,8,0,1.0,1.0,0.5789473684210527,0.0,0.9997618480590617,0.22685012423020456,5,0,0,5,0,nan,0.0,0.6306382978723404
inh bursts T=600s,2,cfp,600,0.06,True,0.1,0.2,8.55,all,240,19,5,187,14,34,0.026041666666666668,0.203125,0.2631578947368421,0.8461538461538461,0.9171231245534651,1.8973315434952163,5,nan,nan,nan,nan,nan,nan,nan
inh bursts T=600s,2,cfp,600,0.06,True,0.1,0.2,8.55,no_bursts,240,19,0,0,19,0,nan,nan,0.0,0.0,0.9990473922362467,nan,5,nan,nan,nan,nan,nan,nan,nan
inh bursts T=600s,2,cfp,600,0.06,True,0.1,0.2,8.55,robust,240,19,0,0,19,0,nan,nan,0.0,0.0,0.9171231245534651,nan,5,nan,nan,nan,nan,nan,nan,nan
inh bursts T=600s,2,cfp_narrow,600,0.06,True,0.1,0.2,8.55,all,240,19,19,203,0,38,0.08558558558558559,0.25675675675675674,1.0,0.918552036199095,0.9171231245534651,0.145845360014639,5,nan,nan,nan,nan,nan,nan,nan
inh bursts T=600s,2,cfp_narrow,600,0.06,True,0.1,0.2,8.55,no_bursts,240,19,18,1,1,0,0.9473684210526315,0.9473684210526315,0.9473684210526315,0.004524886877828055,0.9990473922362467,0.15423703839221603,5,nan,nan,nan,nan,nan,nan,nan
inh bursts T=600s,2,cfp_narrow,600,0.06,True,0.1,0.2,8.55,robust,240,19,18,1,1,0,0.9473684210526315,0.9473684210526315,0.9473684210526315,0.004524886877828055,0.9171231245534651,0.13761453370826304,5,nan,nan,nan,nan,nan,nan,nan
inh bursts T=1800s,0,cch_hollow,1800,0.06,True,0.1,0.2,0.02,all,240,18,16,4,2,4,0.8,1.0,0.8888888888888888,0.018018018018018018,1.0,0.1064380335457209,6,nan,nan,nan,nan,nan,nan,nan
inh bursts T=1800s,0,cch_hollow,1800,0.06,True,0.1,0.2,0.02,no_bursts,240,18,16,6,2,6,0.7272727272727273,1.0,0.8888888888888888,0.02702702702702703,1.0,0.1064380335457209,6,nan,nan,nan,nan,nan,nan,nan
inh bursts T=1800s,0,cch_hollow,1800,0.06,True,0.1,0.2,0.02,robust,240,18,16,4,2,4,0.8,1.0,0.8888888888888888,0.018018018018018018,1.0,0.1064380335457209,6,nan,nan,nan,nan,nan,nan,nan
inh bursts T=1800s,0,cch_jitter,1800,0.06,True,0.1,0.2,26.22,all,240,18,18,3,0,2,0.8571428571428571,0.9523809523809523,1.0,0.013513513513513514,1.0,0.12002485923542006,6,nan,nan,nan,nan,nan,nan,0.7457264957264957
inh bursts T=1800s,0,cch_jitter,1800,0.06,True,0.1,0.2,26.22,no_bursts,240,18,18,1,0,1,0.9473684210526315,1.0,1.0,0.0045045045045045045,1.0,0.12002485923542006,6,nan,nan,nan,nan,nan,nan,0.6339031339031339
inh bursts T=1800s,0,cch_jitter,1800,0.06,True,0.1,0.2,26.22,robust,240,18,18,1,0,1,0.9473684210526315,1.0,1.0,0.0045045045045045045,1.0,0.12002485923542006,6,nan,nan,nan,nan,nan,nan,0.7457264957264957
inh bursts T=1800s,0,sttc,1800,0.06,True,0.1,0.2,30.29,all,120,17,17,5,0,1,0.7727272727272727,0.8181818181818182,1.0,0.04854368932038835,1.0,nan,6,nan,nan,nan,nan,nan,nan,nan
inh bursts T=1800s,0,sttc,1800,0.06,True,0.1,0.2,30.29,no_bursts,120,17,17,3,0,2,0.85,0.95,1.0,0.02912621359223301,1.0,nan,6,nan,nan,nan,nan,nan,nan,nan
inh bursts T=1800s,0,sttc,1800,0.06,True,0.1,0.2,30.29,robust,120,17,17,2,0,1,0.8947368421052632,0.9473684210526315,1.0,0.019417475728155338,1.0,nan,6,nan,nan,nan,nan,nan,nan,nan
inh bursts T=1800s,0,tspe,1800,0.06,True,0.1,0.2,50.31,all,240,18,17,0,1,0,1.0,1.0,0.9444444444444444,0.0,0.9461961961961962,0.208995407291094,6,1,6,5,5,0.14285714285714285,0.16666666666666666,0.7136752136752137
inh bursts T=1800s,0,tspe,1800,0.06,True,0.1,0.2,50.31,no_bursts,240,18,17,1,1,1,0.9444444444444444,1.0,0.9444444444444444,0.0045045045045045045,0.9474474474474475,0.208995407291094,6,1,10,5,10,0.09090909090909091,0.16666666666666666,0.5655270655270656
inh bursts T=1800s,0,tspe,1800,0.06,True,0.1,0.2,50.31,robust,240,18,17,0,1,0,1.0,1.0,0.9444444444444444,0.0,0.9461961961961962,0.208995407291094,6,1,5,5,5,0.16666666666666666,0.16666666666666666,0.7136752136752137
inh bursts T=1800s,0,tspe_noreverse,1800,0.06,True,0.1,0.2,50.31,all,240,18,17,0,1,0,1.0,1.0,0.9444444444444444,0.0,0.9461961961961962,0.208995407291094,6,0,1,6,0,0.0,0.0,0.7136752136752137
inh bursts T=1800s,0,tspe_noreverse,1800,0.06,True,0.1,0.2,50.31,no_bursts,240,18,17,1,1,1,0.9444444444444444,1.0,0.9444444444444444,0.0045045045045045045,0.9474474474474475,0.208995407291094,6,0,0,6,0,nan,0.0,0.5655270655270656
inh bursts T=1800s,0,tspe_noreverse,1800,0.06,True,0.1,0.2,50.31,robust,240,18,17,0,1,0,1.0,1.0,0.9444444444444444,0.0,0.9461961961961962,0.208995407291094,6,0,0,6,0,nan,0.0,0.7136752136752137
inh bursts T=1800s,0,cfp,1800,0.06,True,0.1,0.2,14.14,all,240,18,4,218,14,43,0.018018018018018018,0.21171171171171171,0.2222222222222222,0.9819819819819819,0.9887387387387387,2.315873800192235,6,nan,nan,nan,nan,nan,nan,nan
inh bursts T=1800s,0,cfp,1800,0.06,True,0.1,0.2,14.14,no_bursts,240,18,0,0,18,0,nan,nan,0.0,0.0,1.0,nan,6,nan,nan,nan,nan,nan,nan,nan
inh bursts T=1800s,0,cfp,1800,0.06,True,0.1,0.2,14.14,robust,240,18,0,0,18,0,nan,nan,0.0,0.0,0.9887387387387387,nan,6,nan,nan,nan,nan,nan,nan,nan
inh bursts T=1800s,0,cfp_narrow,1800,0.06,True,0.1,0.2,14.14,all,240,18,18,219,0,43,0.0759493670886076,0.25738396624472576,1.0,0.9864864864864865,0.9887387387387387,0.1434854653106733,6,nan,nan,nan,nan,nan,nan,nan
inh bursts T=1800s,0,cfp_narrow,1800,0.06,True,0.1,0.2,14.14,no_bursts,240,18,18,11,0,8,0.6206896551724138,0.896551724137931,1.0,0.04954954954954955,1.0,0.08867887293241683,6,nan,nan,nan,nan,nan,nan,nan
inh bursts T=1800s,0,cfp_narrow,1800,0.06,True,0.1,0.2,14.14,robust,240,18,18,11,0,8,0.6206896551724138,0.896551724137931,1.0,0.04954954954954955,0.9887387387387387,0.1434854653106733,6,nan,nan,nan,nan,nan,nan,nan
inh bursts T=1800s,1,cch_hollow,1800,0.06,True,0.1,0.2,0.02,all,240,20,18,3,2,1,0.8571428571428571,0.9047619047619048,0.9,0.013636363636363636,1.0,0.16247990502407894,7,nan,nan,nan,nan,nan,nan,nan
inh bursts T=1800s,1,cch_hollow,1800,0.06,True,0.1,0.2,0.02,no_bursts,240,20,18,5,2,4,0.782608695652174,0.9565217391304348,0.9,0.022727272727272728,1.0,0.16247990502407894,7,nan,nan,nan,nan,nan,nan,nan
inh bursts T=1800s,1,cch_hollow,1800,0.06,True,0.1,0.2,0.02,robust,240,20,18,2,2,1,0.9,0.95,0.9,0.00909090909090909,1.0,0.16247990502407894,7,nan,nan,nan,nan,nan,nan,nan
inh bursts T=1800s,1,cch_jitter,1800,0.06,True,0.1,0.2,21.42,all,240,20,20,2,0,1,0.9090909090909091,0.9545454545454546,1.0,0.00909090909090909,1.0,0.14261394451259934,7,nan,nan,nan,nan,nan,nan,0.5278969957081545
inh bursts T=1800s,1,cch_jitter,1800,0.06,True,0.1,0.2,21.42,no_bursts,240,20,20,0,0,0,1.0,1.0,1.0,0.0,1.0,0.14261394451259934,7,nan,nan,nan,nan,nan,nan,0.7161250766400981
inh bursts T=1800s,1,cch_jitter,1800,0.06,True,0.1,0.2,21.42,robust,240,20,20,0,0,0,1.0,1.0,1.0,0.0,1.0,0.14261394451259934,7,nan,nan,nan,nan,nan,nan,0.5278969957081545
inh bursts T=1800s,1,sttc,1800,0.06,True,0.1,0.2,26.1,all,120,18,18,4,0,2,0.8181818181818182,0.9090909090909091,1.0,0.0392156862745098,0.9989106753812637,nan,7,nan,nan,nan,nan,nan,nan,nan
inh bursts T=1800s,1,sttc,1800,0.06,True,0.1,0.2,26.1,no_bursts,120,18,18,1,0,1,0.9473684210526315,1.0,1.0,0.00980392156862745,1.0,nan,7,nan,nan,nan,nan,nan,nan,nan
inh bursts T=1800s,1,sttc,1800,0.06,True,0.1,0.2,26.1,robust,120,18,18,1,0,1,0.9473684210526315,1.0,1.0,0.00980392156862745,0.9989106753812637,nan,7,nan,nan,nan,nan,nan,nan,nan
inh bursts T=1800s,1,tspe,1800,0.06,True,0.1,0.2,52.57,all,240,20,20,0,0,0,1.0,1.0,1.0,0.0,1.0,0.23468538428703578,7,0,3,7,2,0.0,0.0,0.7633353770692827
inh bursts T=1800s,1,tspe,1800,0.06,True,0.1,0.2,52.57,no_bursts,240,20,20,1,0,1,0.9523809523809523,1.0,1.0,0.004545454545454545,1.0,0.23468538428703578,7,0,6,7,6,0.0,0.0,0.5199264255058247
inh bursts T=1800s,1,tspe,1800,0.06,True,0.1,0.2,52.57,robust,240,20,20,0,0,0,1.0,1.0,1.0,0.0,1.0,0.23468538428703578,7,0,2,7,2,0.0,0.0,0.7633353770692827
inh bursts T=1800s,1,tspe_noreverse,1800,0.06,True,0.1,0.2,52.57,all,240,20,20,0,0,0,1.0,1.0,1.0,0.0,1.0,0.23468538428703578,7,0,1,7,0,0.0,0.0,0.7633353770692827
inh bursts T=1800s,1,tspe_noreverse,1800,0.06,True,0.1,0.2,52.57,no_bursts,240,20,20,1,0,1,0.9523809523809523,1.0,1.0,0.004545454545454545,1.0,0.23468538428703578,7,0,0,7,0,nan,0.0,0.5199264255058247
inh bursts T=1800s,1,tspe_noreverse,1800,0.06,True,0.1,0.2,52.57,robust,240,20,20,0,0,0,1.0,1.0,1.0,0.0,1.0,0.23468538428703578,7,0,0,7,0,nan,0.0,0.7633353770692827
inh bursts T=1800s,1,cfp,1800,0.06,True,0.1,0.2,11.39,all,240,20,7,214,13,41,0.03167420814479638,0.2171945701357466,0.35,0.9727272727272728,0.995,2.085259603107364,7,nan,nan,nan,nan,nan,nan,nan
inh bursts T=1800s,1,cfp,1800,0.06,True,0.1,0.2,11.39,no_bursts,240,20,0,0,20,0,nan,nan,0.0,0.0,1.0,nan,7,nan,nan,nan,nan,nan,nan,nan
inh bursts T=1800s,1,cfp,1800,0.06,True,0.1,0.2,11.39,robust,240,20,0,0,20,0,nan,nan,0.0,0.0,0.995,nan,7,nan,nan,nan,nan,nan,nan,nan
inh bursts T=1800s,1,cfp_narrow,1800,0.06,True,0.1,0.2,11.39,all,240,20,20,217,0,41,0.08438818565400844,0.25738396624472576,1.0,0.9863636363636363,0.995,0.2069992210548306,7,nan,nan,nan,nan,nan,nan,nan
inh bursts T=1800s,1,cfp_narrow,1800,0.06,True,0.1,0.2,11.39,no_bursts,240,20,20,7,0,5,0.7407407407407407,0.9259259259259259,1.0,0.031818181818181815,1.0,0.10611923779322252,7,nan,nan,nan,nan,nan,nan,nan
inh bursts T=1800s,1,cfp_narrow,1800,0.06,True,0.1,0.2,11.39,robust,240,20,20,7,0,5,0.7407407407407407,0.9259259259259259,1.0,0.031818181818181815,0.995,0.2069992210548306,7,nan,nan,nan,nan,nan,nan,nan
inh bursts T=1800s,2,cch_hollow,1800,0.06,True,0.1,0.2,0.02,all,240,19,19,1,0,1,0.95,1.0,1.0,0.004524886877828055,1.0,0.06196901602543137,5,nan,nan,nan,nan,nan,nan,nan
inh bursts T=1800s,2,cch_hollow,1800,0.06,True,0.1,0.2,0.02,no_bursts,240,19,19,0,0,0,1.0,1.0,1.0,0.0,1.0,0.06196901602543137,5,nan,nan,nan,nan,nan,nan,nan
inh bursts T=1800s,2,cch_hollow,1800,0.06,True,0.1,0.2,0.02,robust,240,19,19,0,0,0,1.0,1.0,1.0,0.0,1.0,0.06196901602543137,5,nan,nan,nan,nan,nan,nan,nan
inh bursts T=1800s,2,cch_jitter,1800,0.06,True,0.1,0.2,23.7,all,240,19,19,0,0,0,1.0,1.0,1.0,0.0,1.0,0.06196901602543137,5,nan,nan,nan,nan,nan,nan,0.6902127659574468
inh bursts T=1800s,2,cch_jitter,1800,0.06,True,0.1,0.2,23.7,no_bursts,240,19,19,1,0,1,0.95,1.0,1.0,0.004524886877828055,1.0,0.06196901602543137,5,nan,nan,nan,nan,nan,nan,0.5923404255319149
inh bursts T=1800s,2,cch_jitter,1800,0.06,True,0.1,0.2,23.7,robust,240,19,19,0,0,0,1.0,1.0,1.0,0.0,1.0,0.06196901602543137,5,nan,nan,nan,nan,nan,nan,0.6902127659574468
inh bursts T=1800s,2,sttc,1800,0.06,True,0.1,0.2,28.65,all,120,18,18,5,0,0,0.782608695652174,0.782608695652174,1.0,0.049019607843137254,0.9956427015250545,nan,5,nan,nan,nan,nan,nan,nan,nan
inh bursts T=1800s,2,sttc,1800,0.06,True,0.1,0.2,28.65,no_bursts,120,18,18,2,0,2,0.9,1.0,1.0,0.0196078431372549,1.0,nan,5,nan,nan,nan,nan,nan,nan,nan
inh bursts T=1800s,2,sttc,1800,0.06,True,0.1,0.2,28.65,robust,120,18,18,0,0,0,1.0,1.0,1.0,0.0,0.9956427015250545,nan,5,nan,nan,nan,nan,nan,nan,nan
inh bursts T=1800s,2,tspe,1800,0.06,True,0.1,0.2,53.48,all,240,19,19,0,0,0,1.0,1.0,1.0,0.0,1.0,0.2171717352679825,5,0,3,5,3,0.0,0.0,0.9055319148936171
inh bursts T=1800s,2,tspe,1800,0.06,True,0.1,0.2,53.48,no_bursts,240,19,19,0,0,0,1.0,1.0,1.0,0.0,1.0,0.2171717352679825,5,0,6,5,6,0.0,0.0,0.465531914893617
inh bursts T=1800s,2,tspe,1800,0.06,True,0.1,0.2,53.48,robust,240,19,19,0,0,0,1.0,1.0,1.0,0.0,1.0,0.2171717352679825,5,0,3,5,3,0.0,0.0,0.9055319148936171
inh bursts T=1800s,2,tspe_noreverse,1800,0.06,True,0.1,0.2,53.48,all,240,19,19,0,0,0,1.0,1.0,1.0,0.0,1.0,0.2171717352679825,5,0,0,5,0,nan,0.0,0.9055319148936171
inh bursts T=1800s,2,tspe_noreverse,1800,0.06,True,0.1,0.2,53.48,no_bursts,240,19,19,0,0,0,1.0,1.0,1.0,0.0,1.0,0.2171717352679825,5,0,0,5,0,nan,0.0,0.465531914893617
inh bursts T=1800s,2,tspe_noreverse,1800,0.06,True,0.1,0.2,53.48,robust,240,19,19,0,0,0,1.0,1.0,1.0,0.0,1.0,0.2171717352679825,5,0,0,5,0,nan,0.0,0.9055319148936171
inh bursts T=1800s,2,cfp,1800,0.06,True,0.1,0.2,12.58,all,240,19,6,219,13,40,0.02666666666666667,0.20444444444444446,0.3157894736842105,0.9909502262443439,0.9602286258633008,2.2071289671816627,5,nan,nan,nan,nan,nan,nan,nan
inh bursts T=1800s,2,cfp,1800,0.06,True,0.1,0.2,12.58,no_bursts,240,19,0,0,19,0,nan,nan,0.0,0.0,1.0,nan,5,nan,nan,nan,nan,nan,nan,nan
inh bursts T=1800s,2,cfp,1800,0.06,True,0.1,0.2,12.58,robust,240,19,0,0,19,0,nan,nan,0.0,0.0,0.9602286258633008,nan,5,nan,nan,nan,nan,nan,nan,nan
inh bursts T=1800s,2,cfp_narrow,1800,0.06,True,0.1,0.2,12.58,all,240,19,19,219,0,40,0.07983193277310924,0.24789915966386555,1.0,0.9909502262443439,0.9602286258633008,0.1609953598906202,5,nan,nan,nan,nan,nan,nan,nan
inh bursts T=1800s,2,cfp_narrow,1800,0.06,True,0.1,0.2,12.58,no_bursts,240,19,19,3,0,1,0.8636363636363636,0.9090909090909091,1.0,0.013574660633484163,1.0,0.13320061235984015,5,nan,nan,nan,nan,nan,nan,nan
inh bursts T=1800s,2,cfp_narrow,1800,0.06,True,0.1,0.2,12.58,robust,240,19,19,3,0,1,0.8636363636363636,0.9090909090909091,1.0,0.013574660633484163,0.9602286258633008,0.1609953598906202,5,nan,nan,nan,nan,nan,nan,nan
inh high-rate T=600s,0,cch_hollow,600.0,0.06,False,0.1,0.2,0.02,all,240,18,16,3,2,2,0.8421052631578947,0.9473684210526315,0.8888888888888888,0.013513513513513514,1.0,0.1064380335457209,6,nan,nan,nan,nan,nan,nan,nan
inh high-rate T=600s,0,cch_hollow,600.0,0.06,False,0.1,0.2,0.02,no_bursts,240,18,12,0,6,0,1.0,1.0,0.6666666666666666,0.0,0.9972472472472472,0.1064380335457209,6,nan,nan,nan,nan,nan,nan,nan
inh high-rate T=600s,0,cch_hollow,600.0,0.06,False,0.1,0.2,0.02,robust,240,18,11,0,7,0,1.0,1.0,0.6111111111111112,0.0,1.0,0.09765635324725475,6,nan,nan,nan,nan,nan,nan,nan
inh high-rate T=600s,0,cch_jitter,600.0,0.06,False,0.1,0.2,26.71,all,240,18,18,0,0,0,1.0,1.0,1.0,0.0,1.0,0.12002485923542006,6,nan,nan,nan,nan,nan,nan,0.7663817663817664
inh high-rate T=600s,0,cch_jitter,600.0,0.06,False,0.1,0.2,26.71,no_bursts,240,18,6,0,12,0,1.0,1.0,0.3333333333333333,0.0,0.9864864864864865,0.1064380335457209,6,nan,nan,nan,nan,nan,nan,0.5292022792022792
inh high-rate T=600s,0,cch_jitter,600.0,0.06,False,0.1,0.2,26.71,robust,240,18,6,0,12,0,1.0,1.0,0.3333333333333333,0.0,1.0,0.1064380335457209,6,nan,nan,nan,nan,nan,nan,0.7663817663817664
inh high-rate T=600s,0,sttc,600.0,0.06,False,0.1,0.2,36.76,all,120,17,17,0,0,0,1.0,1.0,1.0,0.0,1.0,nan,6,nan,nan,nan,nan,nan,nan,nan
inh high-rate T=600s,0,sttc,600.0,0.06,False,0.1,0.2,36.76,no_bursts,120,17,5,0,12,0,1.0,1.0,0.29411764705882354,0.0,0.9229011993146773,nan,6,nan,nan,nan,nan,nan,nan,nan
inh high-rate T=600s,0,sttc,600.0,0.06,False,0.1,0.2,36.76,robust,120,17,5,0,12,0,1.0,1.0,0.29411764705882354,0.0,1.0,nan,6,nan,nan,nan,nan,nan,nan,nan
inh high-rate T=600s,0,tspe,600.0,0.06,False,0.1,0.2,25.18,all,240,18,17,0,1,0,1.0,1.0,0.9444444444444444,0.0,0.9461961961961962,0.208995407291094,6,1,6,5,6,0.14285714285714285,0.16666666666666666,0.8945868945868946
inh high-rate T=600s,0,tspe,600.0,0.06,False,0.1,0.2,25.18,no_bursts,240,18,2,0,16,0,1.0,1.0,0.1111111111111111,0.0,0.9567067067067067,0.3673112543947896,6,0,0,6,0,nan,0.0,0.688034188034188
inh high-rate T=600s,0,tspe,600.0,0.06,False,0.1,0.2,25.18,robust,240,18,2,0,16,0,1.0,1.0,0.1111111111111111,0.0,0.9461961961961962,0.28503239235795563,6,0,0,6,0,nan,0.0,0.8945868945868946
inh high-rate T=600s,0,tspe_noreverse,600.0,0.06,False,0.1,0.2,25.18,all,240,18,17,0,1,0,1.0,1.0,0.9444444444444444,0.0,0.9461961961961962,0.208995407291094,6,0,0,6,0,nan,0.0,0.8945868945868946
inh high-rate T=600s,0,tspe_noreverse,600.0,0.06,False,0.1,0.2,25.18,no_bursts,240,18,2,0,16,0,1.0,1.0,0.1111111111111111,0.0,0.9567067067067067,0.3673112543947896,6,0,0,6,0,nan,0.0,0.688034188034188
inh high-rate T=600s,0,tspe_noreverse,600.0,0.06,False,0.1,0.2,25.18,robust,240,18,2,0,16,0,1.0,1.0,0.1111111111111111,0.0,0.9461961961961962,0.28503239235795563,6,0,0,6,0,nan,0.0,0.8945868945868946
inh high-rate T=600s,0,cfp,600.0,0.06,False,0.1,0.2,22.2,all,240,18,0,0,18,0,nan,nan,0.0,0.0,1.0,nan,6,nan,nan,nan,nan,nan,nan,nan
inh high-rate T=600s,0,cfp,600.0,0.06,False,0.1,0.2,22.2,no_bursts,240,18,10,157,8,31,0.059880239520958084,0.24550898203592814,0.5555555555555556,0.7072072072072072,0.8761261261261262,2.292142534284558,6,nan,nan,nan,nan,nan,nan,nan
inh high-rate T=600s,0,cfp,600.0,0.06,False,0.1,0.2,22.2,robust,240,18,0,0,18,0,nan,nan,0.0,0.0,1.0,nan,6,nan,nan,nan,nan,nan,nan,nan
inh high-rate T=600s,0,cfp_narrow,600.0,0.06,False,0.1,0.2,22.2,all,240,18,18,3,0,2,0.8571428571428571,0.9523809523809523,1.0,0.013513513513513514,1.0,0.14814039303329873,6,nan,nan,nan,nan,nan,nan,nan
inh high-rate T=600s,0,cfp_narrow,600.0,0.06,False,0.1,0.2,22.2,no_bursts,240,18,18,195,0,38,0.08450704225352113,0.26291079812206575,1.0,0.8783783783783784,0.8761261261261262,1.3526649603015868,6,nan,nan,nan,nan,nan,nan,nan
inh high-rate T=600s,0,cfp_narrow,600.0,0.06,False,0.1,0.2,22.2,robust,240,18,18,2,0,1,0.9,0.95,1.0,0.009009009009009009,1.0,0.14814039303329873,6,nan,nan,nan,nan,nan,nan,nan
inh high-rate T=600s,1,cch_hollow,600.0,0.06,False,0.1,0.2,0.02,all,240,20,18,2,2,1,0.9,0.95,0.9,0.00909090909090909,1.0,0.16247990502407894,7,nan,nan,nan,nan,nan,nan,nan
inh high-rate T=600s,1,cch_hollow,600.0,0.06,False,0.1,0.2,0.02,no_bursts,240,20,14,0,6,0,1.0,1.0,0.7,0.0,0.9902272727272727,0.1660265100961551,7,nan,nan,nan,nan,nan,nan,nan
inh high-rate T=600s,1,cch_hollow,600.0,0.06,False,0.1,0.2,0.02,robust,240,20,14,0,6,0,1.0,1.0,0.7,0.0,1.0,0.1660265100961551,7,nan,nan,nan,nan,nan,nan,nan
inh high-rate T=600s,1,cch_jitter,600.0,0.06,False,0.1,0.2,24.74,all,240,20,20,1,0,1,0.9523809523809523,1.0,1.0,0.004545454545454545,1.0,0.14261394451259934,7,nan,nan,nan,nan,nan,nan,0.7167381974248928
inh high-rate T=600s,1,cch_jitter,600.0,0.06,False,0.1,0.2,24.74,no_bursts,240,20,14,0,6,0,1.0,1.0,0.7,0.0,0.9925,0.1660265100961551,7,nan,nan,nan,nan,nan,nan,0.7155119558553035
inh high-rate T=600s,1,cch_jitter,600.0,0.06,False,0.1,0.2,24.74,robust,240,20,14,0,6,0,1.0,1.0,0.7,0.0,1.0,0.1660265100961551,7,nan,nan,nan,nan,nan,nan,0.7167381974248928
inh high-rate T=600s,1,sttc,600.0,0.06,False,0.1,0.2,30.1,all,120,18,18,1,0,1,0.9473684210526315,1.0,1.0,0.00980392156862745,1.0,nan,7,nan,nan,nan,nan,nan,nan,nan
inh high-rate T=600s,1,sttc,600.0,0.06,False,0.1,0.2,30.1,no_bursts,120,18,11,1,7,0,0.9166666666666666,0.9166666666666666,0.6111111111111112,0.00980392156862745,0.9330065359477124,nan,7,nan,nan,nan,nan,nan,nan,nan
inh high-rate T=600s,1,sttc,600.0,0.06,False,0.1,0.2,30.1,robust,120,18,11,0,7,0,1.0,1.0,0.6111111111111112,0.0,1.0,nan,7,nan,nan,nan,nan,nan,nan,nan
inh high-rate T=600s,1,tspe,600.0,0.06,False,0.1,0.2,23.44,all,240,20,20,0,0,0,1.0,1.0,1.0,0.0,1.0,0.23468538428703578,7,0,5,7,5,0.0,0.0,0.8700183936235438
inh high-rate T=600s,1,tspe,600.0,0.06,False,0.1,0.2,23.44,no_bursts,240,20,5,0,15,0,1.0,1.0,0.25,0.0,0.9468181818181818,0.08268737669951243,7,0,0,7,0,nan,0.0,0.37400367872470874
inh high-rate T=600s,1,tspe,600.0,0.06,False,0.1,0.2,23.44,robust,240,20,5,0,15,0,1.0,1.0,0.25,0.0,1.0,0.08268737669951243,7,0,0,7,0,nan,0.0,0.8700183936235438
inh high-rate T=600s,1,tspe_noreverse,600.0,0.06,False,0.1,0.2,23.44,all,240,20,20,0,0,0,1.0,1.0,1.0,0.0,1.0,0.23468538428703578,7,0,0,7,0,nan,0.0,0.8700183936235438
inh high-rate T=600s,1,tspe_noreverse,600.0,0.06,False,0.1,0.2,23.44,no_bursts,240,20,5,0,15,0,1.0,1.0,0.25,0.0,0.9468181818181818,0.08268737669951243,7,0,0,7,0,nan,0.0,0.37400367872470874
inh high-rate T=600s,1,tspe_noreverse,600.0,0.06,False,0.1,0.2,23.44,robust,240,20,5,0,15,0,1.0,1.0,0.25,0.0,1.0,0.08268737669951243,7,0,0,7,0,nan,0.0,0.8700183936235438
inh high-rate T=600s,1,cfp,600.0,0.06,False,0.1,0.2,21.17,all,240,20,0,0,20,0,nan,nan,0.0,0.0,1.0,nan,7,nan,nan,nan,nan,nan,nan,nan
inh high-rate T=600s,1,cfp,600.0,0.06,False,0.1,0.2,21.17,no_bursts,240,20,7,140,13,28,0.047619047619047616,0.23809523809523808,0.35,0.6363636363636364,0.9418181818181818,2.1638822854173836,7,nan,nan,nan,nan,nan,nan,nan
inh high-rate T=600s,1,cfp,600.0,0.06,False,0.1,0.2,21.17,robust,240,20,0,0,20,0,nan,nan,0.0,0.0,1.0,nan,7,nan,nan,nan,nan,nan,nan,nan
inh high-rate T=600s,1,cfp_narrow,600.0,0.06,False,0.1,0.2,21.17,all,240,20,20,2,0,0,0.9090909090909091,0.9090909090909091,1.0,0.00909090909090909,1.0,0.12355617585725875,7,nan,nan,nan,nan,nan,nan,nan
inh high-rate T=600s,1,cfp_narrow,600.0,0.06,False,0.1,0.2,21.17,no_bursts,240,20,20,162,0,31,0.10989010989010989,0.2802197802197802,1.0,0.7363636363636363,0.9418181818181818,0.2133449734554882,7,nan,nan,nan,nan,nan,nan,nan
inh high-rate T=600s,1,cfp_narrow,600.0,0.06,False,0.1,0.2,21.17,robust,240,20,20,2,0,0,0.9090909090909091,0.9090909090909091,1.0,0.00909090909090909,1.0,0.12355617585725875,7,nan,nan,nan,nan,nan,nan,nan
inh high-rate T=600s,2,cch_hollow,600.0,0.06,False,0.1,0.2,0.02,all,240,19,19,1,0,0,0.95,0.95,1.0,0.004524886877828055,1.0,0.06196901602543137,5,nan,nan,nan,nan,nan,nan,nan
inh high-rate T=600s,2,cch_hollow,600.0,0.06,False,0.1,0.2,0.02,no_bursts,240,19,14,0,5,0,1.0,1.0,0.7368421052631579,0.0,0.9869016432483925,0.059717582210574105,5,nan,nan,nan,nan,nan,nan,nan
inh high-rate T=600s,2,cch_hollow,600.0,0.06,False,0.1,0.2,0.02,robust,240,19,14,0,5,0,1.0,1.0,0.7368421052631579,0.0,1.0,0.059717582210574105,5,nan,nan,nan,nan,nan,nan,nan
inh high-rate T=600s,2,cch_jitter,600.0,0.06,False,0.1,0.2,25.76,all,240,19,19,0,0,0,1.0,1.0,1.0,0.0,1.0,0.06196901602543137,5,nan,nan,nan,nan,nan,nan,0.5140425531914894
inh high-rate T=600s,2,cch_jitter,600.0,0.06,False,0.1,0.2,25.76,no_bursts,240,19,6,0,13,0,1.0,1.0,0.3157894736842105,0.0,0.9814241486068112,0.07947288959924337,5,nan,nan,nan,nan,nan,nan,0.6672340425531915
inh high-rate T=600s,2,cch_jitter,600.0,0.06,False,0.1,0.2,25.76,robust,240,19,6,0,13,0,1.0,1.0,0.3157894736842105,0.0,1.0,0.07947288959924337,5,nan,nan,nan,nan,nan,nan,0.5140425531914894
inh high-rate T=600s,2,sttc,600.0,0.06,False,0.1,0.2,32.0,all,120,18,18,0,0,0,1.0,1.0,1.0,0.0,1.0,nan,5,nan,nan,nan,nan,nan,nan,nan
inh high-rate T=600s,2,sttc,600.0,0.06,False,0.1,0.2,32.0,no_bursts,120,18,6,0,12,0,1.0,1.0,0.3333333333333333,0.0,0.8420479302832244,nan,5,nan,nan,nan,nan,nan,nan,nan
inh high-rate T=600s,2,sttc,600.0,0.06,False,0.1,0.2,32.0,robust,120,18,6,0,12,0,1.0,1.0,0.3333333333333333,0.0,1.0,nan,5,nan,nan,nan,nan,nan,nan,nan
inh high-rate T=600s,2,tspe,600.0,0.06,False,0.1,0.2,24.12,all,240,19,19,1,0,0,0.95,0.95,1.0,0.004524886877828055,1.0,0.2171717352679825,5,0,4,5,4,0.0,0.0,0.6561702127659574
inh high-rate T=600s,2,tspe,600.0,0.06,False,0.1,0.2,24.12,no_bursts,240,19,3,0,16,0,1.0,1.0,0.15789473684210525,0.0,0.9056918313884258,0.03896810580983967,5,0,0,5,0,nan,0.0,0.5063829787234042
inh high-rate T=600s,2,tspe,600.0,0.06,False,0.1,0.2,24.12,robust,240,19,3,0,16,0,1.0,1.0,0.15789473684210525,0.0,1.0,0.03896810580983967,5,0,0,5,0,nan,0.0,0.6561702127659574
inh high-rate T=600s,2,tspe_noreverse,600.0,0.06,False,0.1,0.2,24.12,all,240,19,19,1,0,0,0.95,0.95,1.0,0.004524886877828055,1.0,0.2171717352679825,5,0,0,5,0,nan,0.0,0.6561702127659574
inh high-rate T=600s,2,tspe_noreverse,600.0,0.06,False,0.1,0.2,24.12,no_bursts,240,19,3,0,16,0,1.0,1.0,0.15789473684210525,0.0,0.9056918313884258,0.03896810580983967,5,0,0,5,0,nan,0.0,0.5063829787234042
inh high-rate T=600s,2,tspe_noreverse,600.0,0.06,False,0.1,0.2,24.12,robust,240,19,3,0,16,0,1.0,1.0,0.15789473684210525,0.0,1.0,0.03896810580983967,5,0,0,5,0,nan,0.0,0.6561702127659574
inh high-rate T=600s,2,cfp,600.0,0.06,False,0.1,0.2,21.87,all,240,19,0,0,19,0,nan,nan,0.0,0.0,1.0,nan,5,nan,nan,nan,nan,nan,nan,nan
inh high-rate T=600s,2,cfp,600.0,0.06,False,0.1,0.2,21.87,no_bursts,240,19,8,158,11,27,0.04819277108433735,0.21084337349397592,0.42105263157894735,0.7149321266968326,0.8182900690640629,2.373347379809379,5,nan,nan,nan,nan,nan,nan,nan
inh high-rate T=600s,2,cfp,600.0,0.06,False,0.1,0.2,21.87,robust,240,19,0,0,19,0,nan,nan,0.0,0.0,1.0,nan,5,nan,nan,nan,nan,nan,nan,nan
inh high-rate T=600s,2,cfp_narrow,600.0,0.06,False,0.1,0.2,21.87,all,240,19,19,0,0,0,1.0,1.0,1.0,0.0,1.0,0.132758488269765,5,nan,nan,nan,nan,nan,nan,nan
inh high-rate T=600s,2,cfp_narrow,600.0,0.06,False,0.1,0.2,21.87,no_bursts,240,19,18,175,1,31,0.09326424870466321,0.2538860103626943,0.9473684210526315,0.7918552036199095,0.8182900690640629,0.32067725253002055,5,nan,nan,nan,nan,nan,nan,nan
inh high-rate T=600s,2,cfp_narrow,600.0,0.06,False,0.1,0.2,21.87,robust,240,19,18,0,1,0,1.0,1.0,0.9473684210526315,0.0,1.0,0.12394094083895313,5,nan,nan,nan,nan,nan,nan,nan
no-bursts T=120s w=0.03,0,cch_gauss2,120,0.03,False,0.1,0.0,6.88,all,72,7,7,29,0,8,0.19444444444444445,0.4166666666666667,1.0,0.4461538461538462,0.8593406593406593,0.4354857227864768,0,nan,nan,nan,nan,nan,nan,nan
no-bursts T=120s w=0.03,0,cch_gauss2,120,0.03,False,0.1,0.0,6.88,no_bursts,72,7,7,29,0,8,0.19444444444444445,0.4166666666666667,1.0,0.4461538461538462,0.8593406593406593,0.4354857227864768,0,nan,nan,nan,nan,nan,nan,nan
no-bursts T=120s w=0.03,0,cch_gauss2,120,0.03,False,0.1,0.0,6.88,robust,72,7,7,29,0,8,0.19444444444444445,0.4166666666666667,1.0,0.4461538461538462,0.8593406593406593,0.4354857227864768,0,nan,nan,nan,nan,nan,nan,nan
no-bursts T=120s w=0.03,1,cch_gauss2,120,0.03,False,0.1,0.0,2.87,all,20,2,1,9,1,4,0.1,0.5,0.5,0.5,0.5972222222222222,0.5333199990477899,0,nan,nan,nan,nan,nan,nan,nan
no-bursts T=120s w=0.03,1,cch_gauss2,120,0.03,False,0.1,0.0,2.87,no_bursts,20,2,1,9,1,4,0.1,0.5,0.5,0.5,0.5972222222222222,0.5333199990477899,0,nan,nan,nan,nan,nan,nan,nan
no-bursts T=120s w=0.03,1,cch_gauss2,120,0.03,False,0.1,0.0,2.87,robust,20,2,1,9,1,4,0.1,0.5,0.5,0.5,0.5972222222222222,0.5333199990477899,0,nan,nan,nan,nan,nan,nan,nan
no-bursts T=120s w=0.03,2,cch_gauss2,120,0.03,False,0.1,0.0,5.04,all,42,3,2,19,1,3,0.09523809523809523,0.23809523809523808,0.6666666666666666,0.48717948717948717,0.7008547008547008,11.110081455608556,0,nan,nan,nan,nan,nan,nan,nan
no-bursts T=120s w=0.03,2,cch_gauss2,120,0.03,False,0.1,0.0,5.04,no_bursts,42,3,2,19,1,3,0.09523809523809523,0.23809523809523808,0.6666666666666666,0.48717948717948717,0.7008547008547008,11.110081455608556,0,nan,nan,nan,nan,nan,nan,nan
no-bursts T=120s w=0.03,2,cch_gauss2,120,0.03,False,0.1,0.0,5.04,robust,42,3,2,19,1,3,0.09523809523809523,0.23809523809523808,0.6666666666666666,0.48717948717948717,0.7008547008547008,11.110081455608556,0,nan,nan,nan,nan,nan,nan,nan
no-bursts T=120s w=0.06,0,cch_gauss2,120,0.06,False,0.1,0.0,12.44,all,90,12,10,34,2,11,0.22727272727272727,0.4772727272727273,0.8333333333333334,0.4358974358974359,0.7649572649572649,0.44883884090302484,0,nan,nan,nan,nan,nan,nan,nan
no-bursts T=120s w=0.06,0,cch_gauss2,120,0.06,False,0.1,0.0,12.44,no_bursts,90,12,10,34,2,11,0.22727272727272727,0.4772727272727273,0.8333333333333334,0.4358974358974359,0.7660256410256411,0.41078483717485437,0,nan,nan,nan,nan,nan,nan,nan
no-bursts T=120s w=0.06,0,cch_gauss2,120,0.06,False,0.1,0.0,12.44,robust,90,12,10,33,2,10,0.23255813953488372,0.46511627906976744,0.8333333333333334,0.4230769230769231,0.7649572649572649,0.44883884090302484,0,nan,nan,nan,nan,nan,nan,nan
no-bursts T=120s w=0.06,1,cch_gauss2,120,0.06,False,0.1,0.0,1.29,all,20,2,2,8,0,3,0.2,0.5,1.0,0.4444444444444444,0.8333333333333334,0.5450150371102733,0,nan,nan,nan,nan,nan,nan,nan
no-bursts T=120s w=0.06,1,cch_gauss2,120,0.06,False,0.1,0.0,1.29,no_bursts,20,2,2,8,0,3,0.2,0.5,1.0,0.4444444444444444,0.8333333333333334,0.5450150371102733,0,nan,nan,nan,nan,nan,nan,nan
no-bursts T=120s w=0.06,1,cch_gauss2,120,0.06,False,0.1,0.0,1.29,robust,20,2,2,8,0,3,0.2,0.5,1.0,0.4444444444444444,0.8333333333333334,0.5450150371102733,0,nan,nan,nan,nan,nan,nan,nan
no-bursts T=120s w=0.06,2,cch_gauss2,120,0.06,False,0.1,0.0,4.74,all,42,3,2,19,1,4,0.09523809523809523,0.2857142857142857,0.6666666666666666,0.48717948717948717,0.7435897435897436,0.40022216511250874,0,nan,nan,nan,nan,nan,nan,nan
no-bursts T=120s w=0.06,2,cch_gauss2,120,0.06,False,0.1,0.0,4.74,no_bursts,42,3,2,19,1,4,0.09523809523809523,0.2857142857142857,0.6666666666666666,0.48717948717948717,0.7435897435897436,0.40022216511250874,0,nan,nan,nan,nan,nan,nan,nan
no-bursts T=120s w=0.06,2,cch_gauss2,120,0.06,False,0.1,0.0,4.74,robust,42,3,2,19,1,4,0.09523809523809523,0.2857142857142857,0.6666666666666666,0.48717948717948717,0.7435897435897436,0.40022216511250874,0,nan,nan,nan,nan,nan,nan,nan
no-bursts T=120s w=0.12,0,cch_gauss2,120,0.12,False,0.1,0.0,8.31,all,110,15,13,40,2,16,0.24528301886792453,0.5471698113207547,0.8666666666666667,0.42105263157894735,0.8357894736842105,0.41091835519032927,0,nan,nan,nan,nan,nan,nan,nan
no-bursts T=120s w=0.12,0,cch_gauss2,120,0.12,False,0.1,0.0,8.31,no_bursts,110,15,13,40,2,17,0.24528301886792453,0.5660377358490566,0.8666666666666667,0.42105263157894735,0.8280701754385965,0.41091835519032927,0,nan,nan,nan,nan,nan,nan,nan
no-bursts T=120s w=0.12,0,cch_gauss2,120,0.12,False,0.1,0.0,8.31,robust,110,15,13,35,2,15,0.2708333333333333,0.5833333333333334,0.8666666666666667,0.3684210526315789,0.8357894736842105,0.41091835519032927,0,nan,nan,nan,nan,nan,nan,nan
no-bursts T=120s w=0.12,1,cch_gauss2,120,0.12,False,0.1,0.0,2.54,all,30,3,3,12,0,6,0.2,0.6,1.0,0.4444444444444444,0.9382716049382716,0.33127800366318727,0,nan,nan,nan,nan,nan,nan,nan
no-bursts T=120s w=0.12,1,cch_gauss2,120,0.12,False,0.1,0.0,2.54,no_bursts,30,3,3,12,0,6,0.2,0.6,1.0,0.4444444444444444,0.9506172839506173,0.33127800366318727,0,nan,nan,nan,nan,nan,nan,nan
no-bursts T=120s w=0.12,1,cch_gauss2,120,0.12,False,0.1,0.0,2.54,robust,30,3,3,12,0,6,0.2,0.6,1.0,0.4444444444444444,0.9382716049382716,0.33127800366318727,0,nan,nan,nan,nan,nan,nan,nan
no-bursts T=120s w=0.12,2,cch_gauss2,120,0.12,False,0.1,0.0,7.79,all,56,4,3,25,1,3,0.10714285714285714,0.21428571428571427,0.75,0.4807692307692308,0.8100961538461539,0.3616501068288096,0,nan,nan,nan,nan,nan,nan,nan
no-bursts T=120s w=0.12,2,cch_gauss2,120,0.12,False,0.1,0.0,7.79,no_bursts,56,4,3,25,1,3,0.10714285714285714,0.21428571428571427,0.75,0.4807692307692308,0.8100961538461539,0.3616501068288096,0,nan,nan,nan,nan,nan,nan,nan
no-bursts T=120s w=0.12,2,cch_gauss2,120,0.12,False,0.1,0.0,7.79,robust,56,4,3,25,1,3,0.10714285714285714,0.21428571428571427,0.75,0.4807692307692308,0.8100961538461539,0.3616501068288096,0,nan,nan,nan,nan,nan,nan,nan
no-bursts T=300s w=0.03,0,cch_gauss2,300,0.03,False,0.1,0.0,22.9,all,182,17,15,75,2,21,0.16666666666666666,0.4,0.8823529411764706,0.45454545454545453,0.8520499108734403,0.4354857227864768,0,nan,nan,nan,nan,nan,nan,nan
no-bursts T=300s w=0.03,0,cch_gauss2,300,0.03,False,0.1,0.0,22.9,no_bursts,182,17,15,75,2,21,0.16666666666666666,0.4,0.8823529411764706,0.45454545454545453,0.8520499108734403,0.4354857227864768,0,nan,nan,nan,nan,nan,nan,nan
no-bursts T=300s w=0.03,0,cch_gauss2,300,0.03,False,0.1,0.0,22.9,robust,182,17,15,75,2,21,0.16666666666666666,0.4,0.8823529411764706,0.45454545454545453,0.8520499108734403,0.4354857227864768,0,nan,nan,nan,nan,nan,nan,nan
no-bursts T=300s w=0.03,1,cch_gauss2,300,0.03,False,0.1,0.0,20.16,all,156,16,14,64,2,19,0.1794871794871795,0.4230769230769231,0.875,0.45714285714285713,0.790625,0.32943107437842567,0,nan,nan,nan,nan,nan,nan,nan
no-bursts T=300s w=0.03,1,cch_gauss2,300,0.03,False,0.1,0.0,20.16,no_bursts,156,16,14,64,2,19,0.1794871794871795,0.4230769230769231,0.875,0.45714285714285713,0.790625,0.32943107437842567,0,nan,nan,nan,nan,nan,nan,nan
no-bursts T=300s w=0.03,1,cch_gauss2,300,0.03,False,0.1,0.0,20.16,robust,156,16,14,64,2,19,0.1794871794871795,0.4230769230769231,0.875,0.45714285714285713,0.790625,0.32943107437842567,0,nan,nan,nan,nan,nan,nan,nan
no-bursts T=300s w=0.03,2,cch_gauss2,300,0.03,False,0.1,0.0,25.42,all,210,19,17,88,2,25,0.1619047619047619,0.4,0.8947368421052632,0.4607329842931937,0.7798291540369248,0.23203425663715294,0,nan,nan,nan,nan,nan,nan,nan
no-bursts T=300s w=0.03,2,cch_gauss2,300,0.03,False,0.1,0.0,25.42,no_bursts,210,19,17,88,2,25,0.1619047619047619,0.4,0.8947368421052632,0.4607329842931937,0.7798291540369248,0.23203425663715294,0,nan,nan,nan,nan,nan,nan,nan
no-bursts T=300s w=0.03,2,cch_gauss2,300,0.03,False,0.1,0.0,25.42,robust,210,19,17,88,2,25,0.1619047619047619,0.4,0.8947368421052632,0.4607329842931937,0.7798291540369248,0.23203425663715294,0,nan,nan,nan,nan,nan,nan,nan
no-bursts T=300s w=0.06,0,cch_gauss2,300,0.06,False,0.1,0.0,22.14,all,210,21,19,81,2,22,0.19,0.41,0.9047619047619048,0.42857142857142855,0.8851095993953136,0.3118688304279509,0,nan,nan,nan,nan,nan,nan,nan
no-bursts T=300s w=0.06,0,cch_gauss2,300,0.06,False,0.1,0.0,22.14,no_bursts,210,21,19,81,2,21,0.19,0.4,0.9047619047619048,0.42857142857142855,0.854875283446712,0.3118688304279509,0,nan,nan,nan,nan,nan,nan,nan
no-bursts T=300s w=0.06,0,cch_gauss2,300,0.06,False,0.1,0.0,22.14,robust,210,21,19,77,2,20,0.19791666666666666,0.40625,0.9047619047619048,0.4074074074074074,0.8851095993953136,0.3118688304279509,0,nan,nan,nan,nan,nan,nan,nan
no-bursts T=300s w=0.06,1,cch_gauss2,300,0.06,False,0.1,0.0,25.04,all,240,27,23,96,4,28,0.19327731092436976,0.42857142857142855,0.8518518518518519,0.4507042253521127,0.8315075639019301,0.32758414509366407,0,nan,nan,nan,nan,nan,nan,nan
no-bursts T=300s w=0.06,1,cch_gauss2,300,0.06,False,0.1,0.0,25.04,no_bursts,240,27,24,95,3,27,0.20168067226890757,0.42857142857142855,0.8888888888888888,0.4460093896713615,0.8515040862458703,0.32943107437842567,0,nan,nan,nan,nan,nan,nan,nan
no-bursts T=300s w=0.06,1,cch_gauss2,300,0.06,False,0.1,0.0,25.04,robust,240,27,23,91,4,26,0.20175438596491227,0.4298245614035088,0.8518518518518519,0.4272300469483568,0.8315075639019301,0.32758414509366407,0,nan,nan,nan,nan,nan,nan,nan
no-bursts T=300s w=0.06,2,cch_gauss2,300,0.06,False,0.1,0.0,25.07,all,210,19,17,87,2,25,0.16346153846153846,0.40384615384615385,0.8947368421052632,0.45549738219895286,0.8277762468999724,0.2478606294828376,0,nan,nan,nan,nan,nan,nan,nan
no-bursts T=300s w=0.06,2,cch_gauss2,300,0.06,False,0.1,0.0,25.07,no_bursts,210,19,17,87,2,25,0.16346153846153846,0.40384615384615385,0.8947368421052632,0.45549738219895286,0.8255717828602921,0.2478606294828376,0,nan,nan,nan,nan,nan,nan,nan
no-bursts T=300s w=0.06,2,cch_gauss2,300,0.06,False,0.1,0.0,25.07,robust,210,19,17,85,2,24,0.16666666666666666,0.4019607843137255,0.8947368421052632,0.44502617801047123,0.8277762468999724,0.2478606294828376,0,nan,nan,nan,nan,nan,nan,nan
no-bursts T=300s w=0.12,0,cch_gauss2,300,0.12,False,0.1,0.0,24.41,all,240,24,20,91,4,25,0.18018018018018017,0.40540540540540543,0.8333333333333334,0.4212962962962963,0.8682484567901234,0.2729423755234097,0,nan,nan,nan,nan,nan,nan,nan
no-bursts T=300s w=0.12,0,cch_gauss2,300,0.12,False,0.1,0.0,24.41,no_bursts,240,24,20,93,4,26,0.17699115044247787,0.40707964601769914,0.8333333333333334,0.4305555555555556,0.8668981481481481,0.2729423755234097,0,nan,nan,nan,nan,nan,nan,nan
no-bursts T=300s w=0.12,0,cch_gauss2,300,0.12,False,0.1,0.0,24.41,robust,240,24,20,82,4,24,0.19607843137254902,0.43137254901960786,0.8333333333333334,0.37962962962962965,0.8682484567901234,0.2729423755234097,0,nan,nan,nan,nan,nan,nan,nan
no-bursts T=300s w=0.12,1,cch_gauss2,300,0.12,False,0.1,0.0,28.46,all,240,27,25,93,2,27,0.211864406779661,0.4406779661016949,0.9259259259259259,0.43661971830985913,0.9000173882802991,0.32758414509366407,0,nan,nan,nan,nan,nan,nan,nan
no-bursts T=300s w=0.12,1,cch_gauss2,300,0.12,False,0.1,0.0,28.46,no_bursts,240,27,25,92,2,26,0.21367521367521367,0.4358974358974359,0.9259259259259259,0.431924882629108,0.909754825247783,0.31494096990353526,0,nan,nan,nan,nan,nan,nan,nan
no-bursts T=300s w=0.12,1,cch_gauss2,300,0.12,False,0.1,0.0,28.46,robust,240,27,25,87,2,25,0.22321428571428573,0.44642857142857145,0.9259259259259259,0.4084507042253521,0.9000173882802991,0.32758414509366407,0,nan,nan,nan,nan,nan,nan,nan
no-bursts T=300s w=0.12,2,cch_gauss2,300,0.12,False,0.1,0.0,27.17,all,210,19,17,86,2,26,0.1650485436893204,0.4174757281553398,0.8947368421052632,0.450261780104712,0.8638743455497382,0.23818224052061554,0,nan,nan,nan,nan,nan,nan,nan
no-bursts T=300s w=0.12,2,cch_gauss2,300,0.12,False,0.1,0.0,27.17,no_bursts,210,19,17,85,2,26,0.16666666666666666,0.4215686274509804,0.8947368421052632,0.44502617801047123,0.87489666574814,0.23818224052061554,0,nan,nan,nan,nan,nan,nan,nan
no-bursts T=300s w=0.12,2,cch_gauss2,300,0.12,False,0.1,0.0,27.17,robust,210,19,17,84,2,25,0.16831683168316833,0.4158415841584158,0.8947368421052632,0.4397905759162304,0.8638743455497382,0.23818224052061554,0,nan,nan,nan,nan,nan,nan,nan
no-bursts T=600s w=0.03,0,cch_gauss2,600,0.03,False,0.1,0.0,23.84,all,240,24,20,96,4,25,0.1724137931034483,0.3879310344827586,0.8333333333333334,0.4444444444444444,0.8288966049382716,0.3210382804119143,0,nan,nan,nan,nan,nan,nan,nan
no-bursts T=600s w=0.03,0,cch_gauss2,600,0.03,False,0.1,0.0,23.84,no_bursts,240,24,20,96,4,25,0.1724137931034483,0.3879310344827586,0.8333333333333334,0.4444444444444444,0.8288966049382716,0.3210382804119143,0,nan,nan,nan,nan,nan,nan,nan
no-bursts T=600s w=0.03,0,cch_gauss2,600,0.03,False,0.1,0.0,23.84,robust,240,24,20,96,4,25,0.1724137931034483,0.3879310344827586,0.8333333333333334,0.4444444444444444,0.8288966049382716,0.3210382804119143,0,nan,nan,nan,nan,nan,nan,nan
no-bursts T=600s w=0.03,1,cch_gauss2,600,0.03,False,0.1,0.0,23.57,all,240,27,24,94,3,28,0.2033898305084746,0.4406779661016949,0.8888888888888888,0.4413145539906103,0.7916014606155451,0.30880962060908956,0,nan,nan,nan,nan,nan,nan,nan
no-bursts T=600s w=0.03,1,cch_gauss2,600,0.03,False,0.1,0.0,23.57,no_bursts,240,27,24,94,3,28,0.2033898305084746,0.4406779661016949,0.8888888888888888,0.4413145539906103,0.7916014606155451,0.30880962060908956,0,nan,nan,nan,nan,nan,nan,nan
no-bursts T=600s w=0.03,1,cch_gauss2,600,0.03,False,0.1,0.0,23.57,robust,240,27,24,94,3,28,0.2033898305084746,0.4406779661016949,0.8888888888888888,0.4413145539906103,0.7916014606155451,0.30880962060908956,0,nan,nan,nan,nan,nan,nan,nan
no-bursts T=600s w=0.03,2,cch_gauss2,600,0.03,False,0.1,0.0,24.44,all,240,24,21,99,3,29,0.175,0.4166666666666667,0.875,0.4583333333333333,0.8145254629629629,0.29124213461715165,0,nan,nan,nan,nan,nan,nan,nan
no-bursts T=600s w=0.03,2,cch_gauss2,600,0.03,False,0.1,0.0,24.44,no_bursts,240,24,21,99,3,29,0.175,0.4166666666666667,0.875,0.4583333333333333,0.8141396604938271,0.29124213461715165,0,nan,nan,nan,nan,nan,nan,nan
no-bursts T=600s w=0.03,2,cch_gauss2,600,0.03,False,0.1,0.0,24.44,robust,240,24,21,99,3,29,0.175,0.4166666666666667,0.875,0.4583333333333333,0.8145254629629629,0.29124213461715165,0,nan,nan,nan,nan,nan,nan,nan
no-bursts T=600s w=0.06,0,cch_gauss2,600,0.06,False,0.1,0.0,17.16,all,240,24,20,95,4,28,0.17391304347826086,0.41739130434782606,0.8333333333333334,0.4398148148148148,0.8524305555555556,0.3269148531814785,0,nan,nan,nan,nan,nan,nan,nan
no-bursts T=600s w=0.06,0,cch_gauss2,600,0.06,False,0.1,0.0,17.16,no_bursts,240,24,20,96,4,29,0.1724137931034483,0.4224137931034483,0.8333333333333334,0.4444444444444444,0.8485725308641975,0.3269148531814785,0,nan,nan,nan,nan,nan,nan,nan
no-bursts T=600s w=0.06,0,cch_gauss2,600,0.06,False,0.1,0.0,17.16,robust,240,24,20,88,4,25,0.18518518518518517,0.4166666666666667,0.8333333333333334,0.4074074074074074,0.8524305555555556,0.3269148531814785,0,nan,nan,nan,nan,nan,nan,nan
no-bursts T=600s w=0.06,1,cch_gauss2,600,0.06,False,0.1,0.0,28.19,all,240,27,25,95,2,29,0.20833333333333334,0.45,0.9259259259259259,0.4460093896713615,0.879151451921405,0.33127800366318727,0,nan,nan,nan,nan,nan,nan,nan
no-bursts T=600s w=0.06,1,cch_gauss2,600,0.06,False,0.1,0.0,28.19,no_bursts,240,27,25,95,2,28,0.20833333333333334,0.44166666666666665,0.9259259259259259,0.4460093896713615,0.8808902799513129,0.33127800366318727,0,nan,nan,nan,nan,nan,nan,nan
no-bursts T=600s w=0.06,1,cch_gauss2,600,0.06,False,0.1,0.0,28.19,robust,240,27,25,90,2,27,0.21739130434782608,0.45217391304347826,0.9259259259259259,0.4225352112676056,0.879151451921405,0.33127800366318727,0,nan,nan,nan,nan,nan,nan,nan
no-bursts T=600s w=0.06,2,cch_gauss2,600,0.06,False,0.1,0.0,28.83,all,240,24,22,96,2,28,0.1864406779661017,0.423728813559322,0.9166666666666666,0.4444444444444444,0.9006558641975309,0.2587325849951658,0,nan,nan,nan,nan,nan,nan,nan
no-bursts T=600s w=0.06,2,cch_gauss2,600,0.06,False,0.1,0.0,28.83,no_bursts,240,24,22,96,2,28,0.1864406779661017,0.423728813559322,0.9166666666666666,0.4444444444444444,0.9004629629629629,0.2587325849951658,0,nan,nan,nan,nan,nan,nan,nan
no-bursts T=600s w=0.06,2,cch_gauss2,600,0.06,False,0.1,0.0,28.83,robust,240,24,22,95,2,28,0.18803418803418803,0.42735042735042733,0.9166666666666666,0.4398148148148148,0.9006558641975309,0.2587325849951658,0,nan,nan,nan,nan,nan,nan,nan
no-bursts T=600s w=0.12,0,cch_gauss2,600,0.12,False,0.1,0.0,14.4,all,240,24,19,91,5,26,0.17272727272727273,0.4090909090909091,0.7916666666666666,0.4212962962962963,0.8052662037037037,0.35504213402298923,0,nan,nan,nan,nan,nan,nan,nan
no-bursts T=600s w=0.12,0,cch_gauss2,600,0.12,False,0.1,0.0,14.4,no_bursts,240,24,19,92,5,27,0.17117117117117117,0.4144144144144144,0.7916666666666666,0.42592592592592593,0.8047839506172839,0.3085169841364914,0,nan,nan,nan,nan,nan,nan,nan
no-bursts T=600s w=0.12,0,cch_gauss2,600,0.12,False,0.1,0.0,14.4,robust,240,24,19,81,5,25,0.19,0.44,0.7916666666666666,0.375,0.8052662037037037,0.35504213402298923,0,nan,nan,nan,nan,nan,nan,nan
no-bursts T=600s w=0.12,1,cch_gauss2,600,0.12,False,0.1,0.0,17.05,all,240,27,25,91,2,30,0.21551724137931033,0.47413793103448276,0.9259259259259259,0.4272300469483568,0.9247087463049904,0.3717731588350697,0,nan,nan,nan,nan,nan,nan,nan
no-bursts T=600s w=0.12,1,cch_gauss2,600,0.12,False,0.1,0.0,17.05,no_bursts,240,27,25,92,2,31,0.21367521367521367,0.47863247863247865,0.9259259259259259,0.431924882629108,0.923491566684055,0.38908462088689344,0,nan,nan,nan,nan,nan,nan,nan
no-bursts T=600s w=0.12,1,cch_gauss2,600,0.12,False,0.1,0.0,17.05,robust,240,27,25,90,2,30,0.21739130434782608,0.4782608695652174,0.9259259259259259,0.4225352112676056,0.9247087463049904,0.3717731588350697,0,nan,nan,nan,nan,nan,nan,nan
no-bursts T=600s w=0.12,2,cch_gauss2,600,0.12,False,0.1,0.0,21.92,all,240,24,22,93,2,28,0.19130434782608696,0.43478260869565216,0.9166666666666666,0.4305555555555556,0.9151234567901234,0.23994744305999527,0,nan,nan,nan,nan,nan,nan,nan
no-bursts T=600s w=0.12,2,cch_gauss2,600,0.12,False,0.1,0.0,21.92,no_bursts,240,24,22,93,2,26,0.19130434782608696,0.41739130434782606,0.9166666666666666,0.4305555555555556,0.9056712962962963,0.23994744305999527,0,nan,nan,nan,nan,nan,nan,nan
no-bursts T=600s w=0.12,2,cch_gauss2,600,0.12,False,0.1,0.0,21.92,robust,240,24,22,85,2,26,0.205607476635514,0.4485981308411215,0.9166666666666666,0.39351851851851855,0.9151234567901234,0.23994744305999527,0,nan,nan,nan,nan,nan,nan,nan
no-bursts T=1800s w=0.03,0,cch_gauss2,1800,0.03,False,0.1,0.0,16.83,all,240,24,20,95,4,27,0.17391304347826086,0.40869565217391307,0.8333333333333334,0.4398148148148148,0.8624614197530864,0.28760163628990776,0,nan,nan,nan,nan,nan,nan,nan
no-bursts T=1800s w=0.03,0,cch_gauss2,1800,0.03,False,0.1,0.0,16.83,no_bursts,240,24,20,95,4,27,0.17391304347826086,0.40869565217391307,0.8333333333333334,0.4398148148148148,0.8595679012345679,0.28760163628990776,0,nan,nan,nan,nan,nan,nan,nan
no-bursts T=1800s w=0.03,0,cch_gauss2,1800,0.03,False,0.1,0.0,16.83,robust,240,24,20,94,4,26,0.17543859649122806,0.40350877192982454,0.8333333333333334,0.4351851851851852,0.8624614197530864,0.28760163628990776,0,nan,nan,nan,nan,nan,nan,nan
no-bursts T=1800s w=0.03,1,cch_gauss2,1800,0.03,False,0.1,0.0,13.41,all,240,27,25,94,2,27,0.21008403361344538,0.4369747899159664,0.9259259259259259,0.4413145539906103,0.8794992175273866,0.30333825203449116,0,nan,nan,nan,nan,nan,nan,nan
no-bursts T=1800s w=0.03,1,cch_gauss2,1800,0.03,False,0.1,0.0,13.41,no_bursts,240,27,25,93,2,26,0.211864406779661,0.4322033898305085,0.9259259259259259,0.43661971830985913,0.8774126238914971,0.30333825203449116,0,nan,nan,nan,nan,nan,nan,nan
no-bursts T=1800s w=0.03,1,cch_gauss2,1800,0.03,False,0.1,0.0,13.41,robust,240,27,25,91,2,26,0.21551724137931033,0.4396551724137931,0.9259259259259259,0.4272300469483568,0.8794992175273866,0.30333825203449116,0,nan,nan,nan,nan,nan,nan,nan
no-bursts T=1800s w=0.03,2,cch_gauss2,1800,0.03,False,0.1,0.0,27.69,all,240,24,22,97,2,28,0.18487394957983194,0.42016806722689076,0.9166666666666666,0.44907407407407407,0.8805941358024691,0.2563254882058076,0,nan,nan,nan,nan,nan,nan,nan
no-bursts T=1800s w=0.03,2,cch_gauss2,1800,0.03,False,0.1,0.0,27.69,no_bursts,240,24,22,97,2,28,0.18487394957983194,0.42016806722689076,0.9166666666666666,0.44907407407407407,0.8821373456790124,0.2563254882058076,0,nan,nan,nan,nan,nan,nan,nan
no-bursts T=1800s w=0.03,2,cch_gauss2,1800,0.03,False,0.1,0.0,27.69,robust,240,24,22,94,2,28,0.1896551724137931,0.43103448275862066,0.9166666666666666,0.4351851851851852,0.8805941358024691,0.2563254882058076,0,nan,nan,nan,nan,nan,nan,nan
no-bursts T=1800s w=0.06,0,cch_gauss2,1800,0.06,False,0.1,0.0,20.64,all,240,24,20,92,4,24,0.17857142857142858,0.39285714285714285,0.8333333333333334,0.42592592592592593,0.8640046296296297,0.3587130504686161,0,nan,nan,nan,nan,nan,nan,nan
no-bursts T=1800s w=0.06,0,cch_gauss2,1800,0.06,False,0.1,0.0,20.64,no_bursts,240,24,20,92,4,25,0.17857142857142858,0.4017857142857143,0.8333333333333334,0.42592592592592593,0.8663194444444444,0.3587130504686161,0,nan,nan,nan,nan,nan,nan,nan
no-bursts T=1800s w=0.06,0,cch_gauss2,1800,0.06,False,0.1,0.0,20.64,robust,240,24,20,88,4,23,0.18518518518518517,0.39814814814814814,0.8333333333333334,0.4074074074074074,0.8640046296296297,0.3587130504686161,0,nan,nan,nan,nan,nan,nan,nan
no-bursts T=1800s w=0.06,1,cch_gauss2,1800,0.06,False,0.1,0.0,16.64,all,240,27,24,90,3,27,0.21052631578947367,0.4473684210526316,0.8888888888888888,0.4225352112676056,0.8889758302903843,0.32943107437842567,0,nan,nan,nan,nan,nan,nan,nan
no-bursts T=1800s w=0.06,1,cch_gauss2,1800,0.06,False,0.1,0.0,16.64,no_bursts,240,27,24,90,3,27,0.21052631578947367,0.4473684210526316,0.8888888888888888,0.4225352112676056,0.8980177360459051,0.32943107437842567,0,nan,nan,nan,nan,nan,nan,nan
no-bursts T=1800s w=0.06,1,cch_gauss2,1800,0.06,False,0.1,0.0,16.64,robust,240,27,24,88,3,27,0.21428571428571427,0.45535714285714285,0.8888888888888888,0.4131455399061033,0.8889758302903843,0.32943107437842567,0,nan,nan,nan,nan,nan,nan,nan
no-bursts T=1800s w=0.06,2,cch_gauss2,1800,0.06,False,0.1,0.0,34.44,all,240,24,22,95,2,29,0.18803418803418803,0.4358974358974359,0.9166666666666666,0.4398148148148148,0.9203317901234568,0.23510824857888424,0,nan,nan,nan,nan,nan,nan,nan
no-bursts T=1800s w=0.06,2,cch_gauss2,1800,0.06,False,0.1,0.0,34.44,no_bursts,240,24,22,95,2,29,0.18803418803418803,0.4358974358974359,0.9166666666666666,0.4398148148148148,0.9197530864197531,0.23510824857888424,0,nan,nan,nan,nan,nan,nan,nan
no-bursts T=1800s w=0.06,2,cch_gauss2,1800,0.06,False,0.1,0.0,34.44,robust,240,24,22,93,2,29,0.19130434782608696,0.4434782608695652,0.9166666666666666,0.4305555555555556,0.9203317901234568,0.23510824857888424,0,nan,nan,nan,nan,nan,nan,nan
no-bursts T=1800s w=0.12,0,cch_gauss2,1800,0.12,False,0.1,0.0,11.62,all,240,24,20,82,4,22,0.19607843137254902,0.4117647058823529,0.8333333333333334,0.37962962962962965,0.8715277777777778,0.3587130504686161,0,nan,nan,nan,nan,nan,nan,nan
no-bursts T=1800s w=0.12,0,cch_gauss2,1800,0.12,False,0.1,0.0,11.62,no_bursts,240,24,20,85,4,23,0.19047619047619047,0.4095238095238095,0.8333333333333334,0.39351851851851855,0.8742283950617284,0.3587130504686161,0,nan,nan,nan,nan,nan,nan,nan
no-bursts T=1800s w=0.12,0,cch_gauss2,1800,0.12,False,0.1,0.0,11.62,robust,240,24,20,75,4,22,0.21052631578947367,0.4421052631578947,0.8333333333333334,0.3472222222222222,0.8715277777777778,0.3587130504686161,0,nan,nan,nan,nan,nan,nan,nan
no-bursts T=1800s w=0.12,1,cch_gauss2,1800,0.12,False,0.1,0.0,12.26,all,240,27,25,89,2,31,0.21929824561403508,0.49122807017543857,0.9259259259259259,0.41784037558685444,0.9240132150930273,0.35712821983524945,0,nan,nan,nan,nan,nan,nan,nan
no-bursts T=1800s w=0.12,1,cch_gauss2,1800,0.12,False,0.1,0.0,12.26,no_bursts,240,27,25,90,2,31,0.21739130434782608,0.48695652173913045,0.9259259259259259,0.4225352112676056,0.924187097896018,0.33127800366318727,0,nan,nan,nan,nan,nan,nan,nan
no-bursts T=1800s w=0.12,1,cch_gauss2,1800,0.12,False,0.1,0.0,12.26,robust,240,27,25,85,2,30,0.22727272727272727,0.5,0.9259259259259259,0.39906103286384975,0.9240132150930273,0.35712821983524945,0,nan,nan,nan,nan,nan,nan,nan
no-bursts T=1800s w=0.12,2,cch_gauss2,1800,0.12,False,0.1,0.0,26.29,all,240,24,22,93,2,30,0.19130434782608696,0.45217391304347826,0.9166666666666666,0.4305555555555556,0.9174382716049383,0.23510824857888424,0,nan,nan,nan,nan,nan,nan,nan
no-bursts T=1800s w=0.12,2,cch_gauss2,1800,0.12,False,0.1,0.0,26.29,no_bursts,240,24,22,92,2,30,0.19298245614035087,0.45614035087719296,0.9166666666666666,0.42592592592592593,0.9201388888888888,0.23124576676014075,0,nan,nan,nan,nan,nan,nan,nan
no-bursts T=1800s w=0.12,2,cch_gauss2,1800,0.12,False,0.1,0.0,26.29,robust,240,24,22,83,2,30,0.20952380952380953,0.49523809523809526,0.9166666666666666,0.38425925925925924,0.9174382716049383,0.23510824857888424,0,nan,nan,nan,nan,nan,nan,nan
no-bursts null T=600s,0,cch_gauss2,600.0,0.2,False,0.0,0.0,16.44,all,240,0,0,118,0,0,0.0,0.0,nan,0.49166666666666664,nan,nan,0,nan,nan,nan,nan,nan,nan,nan
no-bursts null T=600s,0,cch_gauss2,600.0,0.2,False,0.0,0.0,16.44,no_bursts,240,0,0,118,0,0,0.0,0.0,nan,0.49166666666666664,nan,nan,0,nan,nan,nan,nan,nan,nan,nan
no-bursts null T=600s,0,cch_gauss2,600.0,0.2,False,0.0,0.0,16.44,robust,240,0,0,118,0,0,0.0,0.0,nan,0.49166666666666664,nan,nan,0,nan,nan,nan,nan,nan,nan,nan
no-bursts null T=600s,1,cch_gauss2,600.0,0.2,False,0.0,0.0,22.68,all,240,0,0,120,0,0,0.0,0.0,nan,0.5,nan,nan,0,nan,nan,nan,nan,nan,nan,nan
no-bursts null T=600s,1,cch_gauss2,600.0,0.2,False,0.0,0.0,22.68,no_bursts,240,0,0,120,0,0,0.0,0.0,nan,0.5,nan,nan,0,nan,nan,nan,nan,nan,nan,nan
no-bursts null T=600s,1,cch_gauss2,600.0,0.2,False,0.0,0.0,22.68,robust,240,0,0,120,0,0,0.0,0.0,nan,0.5,nan,nan,0,nan,nan,nan,nan,nan,nan,nan
no-bursts null T=600s,2,cch_gauss2,600.0,0.2,False,0.0,0.0,25.02,all,240,0,0,118,0,0,0.0,0.0,nan,0.49166666666666664,nan,nan,0,nan,nan,nan,nan,nan,nan,nan
no-bursts null T=600s,2,cch_gauss2,600.0,0.2,False,0.0,0.0,25.02,no_bursts,240,0,0,118,0,0,0.0,0.0,nan,0.49166666666666664,nan,nan,0,nan,nan,nan,nan,nan,nan,nan
no-bursts null T=600s,2,cch_gauss2,600.0,0.2,False,0.0,0.0,25.02,robust,240,0,0,118,0,0,0.0,0.0,nan,0.49166666666666664,nan,nan,0,nan,nan,nan,nan,nan,nan,nan
bursts T=120s w=0.03,0,cch_gauss2,120,0.03,True,0.1,0.0,4.8,all,110,15,12,41,3,15,0.22641509433962265,0.5094339622641509,0.8,0.43157894736842106,0.8147368421052632,0.39954098910242486,0,nan,nan,nan,nan,nan,nan,nan
bursts T=120s w=0.03,0,cch_gauss2,120,0.03,True,0.1,0.0,4.8,no_bursts,72,7,7,29,0,9,0.19444444444444445,0.4444444444444444,1.0,0.4461538461538462,0.8989010989010989,0.4837994666770271,0,nan,nan,nan,nan,nan,nan,nan
bursts T=120s w=0.03,0,cch_gauss2,120,0.03,True,0.1,0.0,4.8,robust,110,15,7,21,8,6,0.25,0.4642857142857143,0.4666666666666667,0.22105263157894736,0.8147368421052632,0.42257846525412557,0,nan,nan,nan,nan,nan,nan,nan
bursts T=120s w=0.03,1,cch_gauss2,120,0.03,True,0.1,0.0,1.67,all,30,2,2,13,0,5,0.13333333333333333,0.4666666666666667,1.0,0.4642857142857143,0.9821428571428571,0.39644074996670575,0,nan,nan,nan,nan,nan,nan,nan
bursts T=120s w=0.03,1,cch_gauss2,120,0.03,True,0.1,0.0,1.67,no_bursts,20,2,2,8,0,4,0.2,0.6,1.0,0.4444444444444444,0.9444444444444444,0.49549027472908413,0,nan,nan,nan,nan,nan,nan,nan
bursts T=120s w=0.03,1,cch_gauss2,120,0.03,True,0.1,0.0,1.67,robust,30,2,2,3,0,1,0.4,0.6,1.0,0.10714285714285714,0.9821428571428571,0.39644074996670575,0,nan,nan,nan,nan,nan,nan,nan
bursts T=120s w=0.03,2,cch_gauss2,120,0.03,True,0.1,0.0,3.45,all,56,4,3,25,1,3,0.10714285714285714,0.21428571428571427,0.75,0.4807692307692308,0.5697115384615384,1.0250432398445304,0,nan,nan,nan,nan,nan,nan,nan
bursts T=120s w=0.03,2,cch_gauss2,120,0.03,True,0.1,0.0,3.45,no_bursts,42,3,2,19,1,3,0.09523809523809523,0.23809523809523808,0.6666666666666666,0.48717948717948717,0.7094017094017094,11.491302784497615,0,nan,nan,nan,nan,nan,nan,nan
bursts T=120s w=0.03,2,cch_gauss2,120,0.03,True,0.1,0.0,3.45,robust,56,4,2,11,2,0,0.15384615384615385,0.15384615384615385,0.5,0.21153846153846154,0.5697115384615384,11.34272849735404,0,nan,nan,nan,nan,nan,nan,nan
bursts T=120s w=0.06,0,cch_gauss2,120,0.06,True,0.1,0.0,7.83,all,110,15,13,38,2,15,0.2549019607843137,0.5490196078431373,0.8666666666666667,0.4,0.8919298245614035,0.40519031776469605,0,nan,nan,nan,nan,nan,nan,nan
bursts T=120s w=0.06,0,cch_gauss2,120,0.06,True,0.1,0.0,7.83,no_bursts,90,12,10,34,2,12,0.22727272727272727,0.5,0.8333333333333334,0.4358974358974359,0.7168803418803419,0.3244214257047324,0,nan,nan,nan,nan,nan,nan,nan
bursts T=120s w=0.06,0,cch_gauss2,120,0.06,True,0.1,0.0,7.83,robust,110,15,10,22,5,7,0.3125,0.53125,0.6666666666666666,0.23157894736842105,0.8919298245614035,0.3429564537029951,0,nan,nan,nan,nan,nan,nan,nan
bursts T=120s w=0.06,1,cch_gauss2,120,0.06,True,0.1,0.0,1.27,all,30,2,2,12,0,5,0.14285714285714285,0.5,1.0,0.42857142857142855,1.0,0.34691598758550946,0,nan,nan,nan,nan,nan,nan,nan
bursts T=120s w=0.06,1,cch_gauss2,120,0.06,True,0.1,0.0,1.27,no_bursts,20,2,2,8,0,3,0.2,0.5,1.0,0.4444444444444444,1.0,0.39644074996670575,0,nan,nan,nan,nan,nan,nan,nan
bursts T=120s w=0.06,1,cch_gauss2,120,0.06,True,0.1,0.0,1.27,robust,30,2,2,4,0,2,0.3333333333333333,0.6666666666666666,1.0,0.14285714285714285,1.0,0.34691598758550946,0,nan,nan,nan,nan,nan,nan,nan
bursts T=120s w=0.06,2,cch_gauss2,120,0.06,True,0.1,0.0,3.13,all,72,4,3,33,1,6,0.08333333333333333,0.25,0.75,0.4852941176470588,0.7555147058823529,0.2626005820664312,0,nan,nan,nan,nan,nan,nan,nan
bursts T=120s w=0.06,2,cch_gauss2,120,0.06,True,0.1,0.0,3.13,no_bursts,42,3,2,19,1,3,0.09523809523809523,0.23809523809523808,0.6666666666666666,0.48717948717948717,0.7435897435897436,0.44974692749369083,0,nan,nan,nan,nan,nan,nan,nan
bursts T=120s w=0.06,2,cch_gauss2,120,0.06,True,0.1,0.0,3.13,robust,72,4,2,11,2,0,0.15384615384615385,0.15384615384615385,0.5,0.16176470588235295,0.7555147058823529,0.5983212146372726,0,nan,nan,nan,nan,nan,nan,nan
bursts T=120s w=0.12,0,cch_gauss2,120,0.12,True,0.1,0.0,5.27,all,132,19,17,42,2,15,0.288135593220339,0.5423728813559322,0.8947368421052632,0.37168141592920356,0.912435957149511,0.362383966914243,0,nan,nan,nan,nan,nan,nan,nan
bursts T=120s w=0.12,0,cch_gauss2,120,0.12,True,0.1,0.0,5.27,no_bursts,110,15,13,35,2,14,0.2708333333333333,0.5625,0.8666666666666667,0.3684210526315789,0.8196491228070175,0.4075665088988698,0,nan,nan,nan,nan,nan,nan,nan
bursts T=120s w=0.12,0,cch_gauss2,120,0.12,True,0.1,0.0,5.27,robust,132,19,13,21,6,8,0.38235294117647056,0.6176470588235294,0.6842105263157895,0.18584070796460178,0.912435957149511,0.362383966914243,0,nan,nan,nan,nan,nan,nan,nan
bursts T=120s w=0.12,1,cch_gauss2,120,0.12,True,0.1,0.0,0.83,all,56,8,7,21,1,10,0.25,0.6071428571428571,0.875,0.4375,0.91015625,0.23617142476065478,0,nan,nan,nan,nan,nan,nan,nan
bursts T=120s w=0.12,1,cch_gauss2,120,0.12,True,0.1,0.0,0.83,no_bursts,20,2,2,8,0,3,0.2,0.5,1.0,0.4444444444444444,0.9722222222222222,0.34691598758550946,0,nan,nan,nan,nan,nan,nan,nan
bursts T=120s w=0.12,1,cch_gauss2,120,0.12,True,0.1,0.0,0.83,robust,56,8,2,2,6,1,0.5,0.75,0.25,0.041666666666666664,0.91015625,0.39644074996670575,0,nan,nan,nan,nan,nan,nan,nan
bursts T=120s w=0.12,2,cch_gauss2,120,0.12,True,0.1,0.0,4.66,all,110,10,8,46,2,12,0.14814814814814814,0.37037037037037035,0.8,0.46,0.792,0.25399358057762655,0,nan,nan,nan,nan,nan,nan,nan
bursts T=120s w=0.12,2,cch_gauss2,120,0.12,True,0.1,0.0,4.66,no_bursts,42,3,2,19,1,4,0.09523809523809523,0.2857142857142857,0.6666666666666666,0.48717948717948717,0.7521367521367521,0.24606589984455762,0,nan,nan,nan,nan,nan,nan,nan
bursts T=120s w=0.12,2,cch_gauss2,120,0.12,True,0.1,0.0,4.66,robust,110,10,2,7,8,1,0.2222222222222222,0.3333333333333333,0.2,0.07,0.792,0.18156436730289738,0,nan,nan,nan,nan,nan,nan,nan
bursts T=300s w=0.03,0,cch_gauss2,300,0.03,True,0.1,0.0,9.56,all,240,24,20,94,4,24,0.17543859649122806,0.38596491228070173,0.8333333333333334,0.4351851851851852,0.8362268518518519,0.3657728234868567,0,nan,nan,nan,nan,nan,nan,nan
bursts T=300s w=0.03,0,cch_gauss2,300,0.03,True,0.1,0.0,9.56,no_bursts,182,17,15,74,2,19,0.16853932584269662,0.38202247191011235,0.8823529411764706,0.4484848484848485,0.7857397504456328,0.2421578862768854,0,nan,nan,nan,nan,nan,nan,nan
bursts T=300s w=0.03,0,cch_gauss2,300,0.03,True,0.1,0.0,9.56,robust,240,24,14,33,10,8,0.2978723404255319,0.46808510638297873,0.5833333333333334,0.1527777777777778,0.8362268518518519,0.25189599211177827,0,nan,nan,nan,nan,nan,nan,nan
bursts T=300s w=0.03,1,cch_gauss2,300,0.03,True,0.1,0.0,12.5,all,240,27,20,91,7,28,0.18018018018018017,0.43243243243243246,0.7407407407407407,0.4272300469483568,0.7379586158928882,0.42848059914080405,0,nan,nan,nan,nan,nan,nan,nan
bursts T=300s w=0.03,1,cch_gauss2,300,0.03,True,0.1,0.0,12.5,no_bursts,156,16,13,64,3,19,0.16883116883116883,0.4155844155844156,0.8125,0.45714285714285713,0.7674107142857143,0.29190311741695263,0,nan,nan,nan,nan,nan,nan,nan
bursts T=300s w=0.03,1,cch_gauss2,300,0.03,True,0.1,0.0,12.5,robust,240,27,12,36,15,10,0.25,0.4583333333333333,0.4444444444444444,0.16901408450704225,0.7379586158928882,0.44051929025092174,0,nan,nan,nan,nan,nan,nan,nan
bursts T=300s w=0.03,2,cch_gauss2,300,0.03,True,0.1,0.0,15.89,all,240,24,17,100,7,27,0.1452991452991453,0.37606837606837606,0.7083333333333334,0.46296296296296297,0.6865354938271605,0.2767013822085167,0,nan,nan,nan,nan,nan,nan,nan
bursts T=300s w=0.03,2,cch_gauss2,300,0.03,True,0.1,0.0,15.89,no_bursts,156,13,11,67,2,19,0.14102564102564102,0.38461538461538464,0.8461538461538461,0.46853146853146854,0.7934373318988703,0.20655575656190228,0,nan,nan,nan,nan,nan,nan,nan
bursts T=300s w=0.03,2,cch_gauss2,300,0.03,True,0.1,0.0,15.89,robust,240,24,10,32,14,9,0.23809523809523808,0.4523809523809524,0.4166666666666667,0.14814814814814814,0.6865354938271605,0.15705265124808143,0,nan,nan,nan,nan,nan,nan,nan
bursts T=300s w=0.06,0,cch_gauss2,300,0.06,True,0.1,0.0,9.47,all,240,24,21,89,3,25,0.19090909090909092,0.41818181818181815,0.875,0.41203703703703703,0.8982445987654321,0.37650351295072415,0,nan,nan,nan,nan,nan,nan,nan
bursts T=300s w=0.06,0,cch_gauss2,300,0.06,True,0.1,0.0,9.47,no_bursts,210,21,19,81,2,18,0.19,0.37,0.9047619047619048,0.42857142857142855,0.871756109851348,0.2640929094948161,0,nan,nan,nan,nan,nan,nan,nan
bursts T=300s w=0.06,0,cch_gauss2,300,0.06,True,0.1,0.0,9.47,robust,240,24,19,35,5,7,0.35185185185185186,0.48148148148148145,0.7916666666666666,0.16203703703703703,0.8982445987654321,0.37650351295072415,0,nan,nan,nan,nan,nan,nan,nan
bursts T=300s w=0.06,1,cch_gauss2,300,0.06,True,0.1,0.0,14.95,all,240,27,24,86,3,24,0.21818181818181817,0.43636363636363634,0.8888888888888888,0.40375586854460094,0.8724569640062598,0.32448447978392814,0,nan,nan,nan,nan,nan,nan,nan
bursts T=300s w=0.06,1,cch_gauss2,300,0.06,True,0.1,0.0,14.95,no_bursts,182,20,19,72,1,23,0.2087912087912088,0.46153846153846156,0.95,0.4444444444444444,0.8478395061728395,0.33127800366318727,0,nan,nan,nan,nan,nan,nan,nan
bursts T=300s w=0.06,1,cch_gauss2,300,0.06,True,0.1,0.0,14.95,robust,240,27,17,36,10,9,0.32075471698113206,0.49056603773584906,0.6296296296296297,0.16901408450704225,0.8724569640062598,0.3215735145016074,0,nan,nan,nan,nan,nan,nan,nan
bursts T=300s w=0.06,2,cch_gauss2,300,0.06,True,0.1,0.0,14.38,all,240,24,22,94,2,30,0.1896551724137931,0.4482758620689655,0.9166666666666666,0.4351851851851852,0.8653549382716049,0.26726516129335054,0,nan,nan,nan,nan,nan,nan,nan
bursts T=300s w=0.06,2,cch_gauss2,300,0.06,True,0.1,0.0,14.38,no_bursts,182,16,14,76,2,22,0.15555555555555556,0.4,0.875,0.4578313253012048,0.8301957831325302,0.22636031705711535,0,nan,nan,nan,nan,nan,nan,nan
bursts T=300s w=0.06,2,cch_gauss2,300,0.06,True,0.1,0.0,14.38,robust,240,24,14,36,10,13,0.28,0.54,0.5833333333333334,0.16666666666666666,0.8653549382716049,0.22044434468752883,0,nan,nan,nan,nan,nan,nan,nan
bursts T=300s w=0.12,0,cch_gauss2,300,0.12,True,0.1,0.0,12.2,all,240,24,20,92,4,26,0.17857142857142858,0.4107142857142857,0.8333333333333334,0.42592592592592593,0.8796296296296297,0.349660842086863,0,nan,nan,nan,nan,nan,nan,nan
bursts T=300s w=0.12,0,cch_gauss2,300,0.12,True,0.1,0.0,12.2,no_bursts,240,24,20,94,4,24,0.17543859649122806,0.38596491228070173,0.8333333333333334,0.4351851851851852,0.8451003086419753,0.30506079067686653,0,nan,nan,nan,nan,nan,nan,nan
bursts T=300s w=0.12,0,cch_gauss2,300,0.12,True,0.1,0.0,12.2,robust,240,24,20,59,4,16,0.25316455696202533,0.45569620253164556,0.8333333333333334,0.27314814814814814,0.8796296296296297,0.349660842086863,0,nan,nan,nan,nan,nan,nan,nan
bursts T=300s w=0.12,1,cch_gauss2,300,0.12,True,0.1,0.0,10.26,all,240,27,25,88,2,27,0.22123893805309736,0.46017699115044247,0.9259259259259259,0.4131455399061033,0.9346200660754651,0.3511104492828472,0,nan,nan,nan,nan,nan,nan,nan
bursts T=300s w=0.12,1,cch_gauss2,300,0.12,True,0.1,0.0,10.26,no_bursts,240,27,25,92,2,28,0.21367521367521367,0.452991452991453,0.9259259259259259,0.431924882629108,0.8770648582855156,0.3511104492828472,0,nan,nan,nan,nan,nan,nan,nan
bursts T=300s w=0.12,1,cch_gauss2,300,0.12,True,0.1,0.0,10.26,robust,240,27,25,51,2,15,0.32894736842105265,0.5263157894736842,0.9259259259259259,0.23943661971830985,0.9346200660754651,0.3511104492828472,0,nan,nan,nan,nan,nan,nan,nan
bursts T=300s w=0.12,2,cch_gauss2,300,0.12,True,0.1,0.0,15.7,all,240,24,22,93,2,27,0.19130434782608696,0.4260869565217391,0.9166666666666666,0.4305555555555556,0.902391975308642,0.2702777475048823,0,nan,nan,nan,nan,nan,nan,nan
bursts T=300s w=0.12,2,cch_gauss2,300,0.12,True,0.1,0.0,15.7,no_bursts,182,16,14,75,2,25,0.15730337078651685,0.43820224719101125,0.875,0.45180722891566266,0.8599397590361446,0.22636031705711535,0,nan,nan,nan,nan,nan,nan,nan
bursts T=300s w=0.12,2,cch_gauss2,300,0.12,True,0.1,0.0,15.7,robust,240,24,14,37,10,15,0.27450980392156865,0.5686274509803921,0.5833333333333334,0.1712962962962963,0.902391975308642,0.23510824857888424,0,nan,nan,nan,nan,nan,nan,nan
bursts T=600s w=0.03,0,cch_gauss2,600,0.03,True,0.1,0.0,16.27,all,240,24,18,89,6,23,0.16822429906542055,0.38317757009345793,0.75,0.41203703703703703,0.7816358024691358,0.5143471106304243,0,nan,nan,nan,nan,nan,nan,nan
bursts T=600s w=0.03,0,cch_gauss2,600,0.03,True,0.1,0.0,16.27,no_bursts,240,24,21,97,3,25,0.17796610169491525,0.3898305084745763,0.875,0.44907407407407407,0.8457754629629629,0.341207411039278,0,nan,nan,nan,nan,nan,nan,nan
bursts T=600s w=0.03,0,cch_gauss2,600,0.03,True,0.1,0.0,16.27,robust,240,24,18,50,6,17,0.2647058823529412,0.5147058823529411,0.75,0.23148148148148148,0.7816358024691358,0.5143471106304243,0,nan,nan,nan,nan,nan,nan,nan
bursts T=600s w=0.03,1,cch_gauss2,600,0.03,True,0.1,0.0,11.55,all,240,27,24,92,3,26,0.20689655172413793,0.43103448275862066,0.8888888888888888,0.431924882629108,0.8472439575725961,0.2925995753696944,0,nan,nan,nan,nan,nan,nan,nan
bursts T=600s w=0.03,1,cch_gauss2,600,0.03,True,0.1,0.0,11.55,no_bursts,240,27,23,96,4,26,0.19327731092436976,0.4117647058823529,0.8518518518518519,0.4507042253521127,0.7890801599721787,0.25846847472764845,0,nan,nan,nan,nan,nan,nan,nan
bursts T=600s w=0.03,1,cch_gauss2,600,0.03,True,0.1,0.0,11.55,robust,240,27,22,48,5,14,0.3142857142857143,0.5142857142857142,0.8148148148148148,0.22535211267605634,0.8472439575725961,0.26763325436672103,0,nan,nan,nan,nan,nan,nan,nan
bursts T=600s w=0.03,2,cch_gauss2,600,0.03,True,0.1,0.0,13.45,all,240,24,19,94,5,28,0.168141592920354,0.415929203539823,0.7916666666666666,0.4351851851851852,0.7662037037037037,0.26960454050749405,0,nan,nan,nan,nan,nan,nan,nan
bursts T=600s w=0.03,2,cch_gauss2,600,0.03,True,0.1,0.0,13.45,no_bursts,240,24,20,99,4,30,0.16806722689075632,0.42016806722689076,0.8333333333333334,0.4583333333333333,0.8180941358024691,0.24767583229496837,0,nan,nan,nan,nan,nan,nan,nan
bursts T=600s w=0.03,2,cch_gauss2,600,0.03,True,0.1,0.0,13.45,robust,240,24,18,53,6,18,0.2535211267605634,0.5070422535211268,0.75,0.24537037037037038,0.7662037037037037,0.23089857518113366,0,nan,nan,nan,nan,nan,nan,nan
bursts T=600s w=0.06,0,cch_gauss2,600,0.06,True,0.1,0.0,7.36,all,240,24,20,87,4,23,0.18691588785046728,0.40186915887850466,0.8333333333333334,0.4027777777777778,0.8709490740740741,0.3551129082663431,0,nan,nan,nan,nan,nan,nan,nan
bursts T=600s w=0.06,0,cch_gauss2,600,0.06,True,0.1,0.0,7.36,no_bursts,240,24,20,93,4,21,0.17699115044247787,0.36283185840707965,0.8333333333333334,0.4305555555555556,0.8271604938271605,0.3457391660235438,0,nan,nan,nan,nan,nan,nan,nan
bursts T=600s w=0.06,0,cch_gauss2,600,0.06,True,0.1,0.0,7.36,robust,240,24,20,43,4,10,0.31746031746031744,0.47619047619047616,0.8333333333333334,0.19907407407407407,0.8709490740740741,0.3551129082663431,0,nan,nan,nan,nan,nan,nan,nan
bursts T=600s w=0.06,1,cch_gauss2,600,0.06,True,0.1,0.0,17.53,all,240,27,25,88,2,22,0.22123893805309736,0.415929203539823,0.9259259259259259,0.4131455399061033,0.9229699182750826,0.2817529952184521,0,nan,nan,nan,nan,nan,nan,nan
bursts T=600s w=0.06,1,cch_gauss2,600,0.06,True,0.1,0.0,17.53,no_bursts,240,27,25,93,2,25,0.211864406779661,0.423728813559322,0.9259259259259259,0.43661971830985913,0.87584767866458,0.2817529952184521,0,nan,nan,nan,nan,nan,nan,nan
bursts T=600s w=0.06,1,cch_gauss2,600,0.06,True,0.1,0.0,17.53,robust,240,27,25,46,2,10,0.352112676056338,0.49295774647887325,0.9259259259259259,0.215962441314554,0.9229699182750826,0.2817529952184521,0,nan,nan,nan,nan,nan,nan,nan
bursts T=600s w=0.06,2,cch_gauss2,600,0.06,True,0.1,0.0,14.11,all,240,24,22,92,2,27,0.19298245614035087,0.4298245614035088,0.9166666666666666,0.42592592592592593,0.8998842592592593,0.23510824857888424,0,nan,nan,nan,nan,nan,nan,nan
bursts T=600s w=0.06,2,cch_gauss2,600,0.06,True,0.1,0.0,14.11,no_bursts,240,24,21,97,3,26,0.17796610169491525,0.3983050847457627,0.875,0.44907407407407407,0.8615933641975309,0.26960454050749405,0,nan,nan,nan,nan,nan,nan,nan
bursts T=600s w=0.06,2,cch_gauss2,600,0.06,True,0.1,0.0,14.11,robust,240,24,21,46,3,13,0.31343283582089554,0.5074626865671642,0.875,0.21296296296296297,0.8998842592592593,0.23203425663715294,0,nan,nan,nan,nan,nan,nan,nan
bursts T=600s w=0.12,0,cch_gauss2,600,0.12,True,0.1,0.0,11.68,all,240,24,19,85,5,23,0.18269230769230768,0.40384615384615385,0.7916666666666666,0.39351851851851855,0.8532986111111112,0.3085169841364914,0,nan,nan,nan,nan,nan,nan,nan
bursts T=600s w=0.12,0,cch_gauss2,600,0.12,True,0.1,0.0,11.68,no_bursts,240,24,20,92,4,25,0.17857142857142858,0.4017857142857143,0.8333333333333334,0.42592592592592593,0.8501157407407407,0.30506079067686653,0,nan,nan,nan,nan,nan,nan,nan
bursts T=600s w=0.12,0,cch_gauss2,600,0.12,True,0.1,0.0,11.68,robust,240,24,19,54,5,21,0.2602739726027397,0.547945205479452,0.7916666666666666,0.25,0.8532986111111112,0.3085169841364914,0,nan,nan,nan,nan,nan,nan,nan
bursts T=600s w=0.12,1,cch_gauss2,600,0.12,True,0.1,0.0,9.17,all,240,27,25,86,2,27,0.22522522522522523,0.46846846846846846,0.9259259259259259,0.40375586854460094,0.9431403234220136,0.31494096990353526,0,nan,nan,nan,nan,nan,nan,nan
bursts T=600s w=0.12,1,cch_gauss2,600,0.12,True,0.1,0.0,9.17,no_bursts,240,27,25,91,2,28,0.21551724137931033,0.45689655172413796,0.9259259259259259,0.4272300469483568,0.917753434185359,0.33127800366318727,0,nan,nan,nan,nan,nan,nan,nan
bursts T=600s w=0.12,1,cch_gauss2,600,0.12,True,0.1,0.0,9.17,robust,240,27,24,56,3,21,0.3,0.5625,0.8888888888888888,0.26291079812206575,0.9431403234220136,0.2938323019881133,0,nan,nan,nan,nan,nan,nan,nan
bursts T=600s w=0.12,2,cch_gauss2,600,0.12,True,0.1,0.0,11.49,all,240,24,22,85,2,20,0.205607476635514,0.3925233644859813,0.9166666666666666,0.39351851851851855,0.9292052469135802,0.22700628280209,0,nan,nan,nan,nan,nan,nan,nan
bursts T=600s w=0.12,2,cch_gauss2,600,0.12,True,0.1,0.0,11.49,no_bursts,240,24,22,90,2,23,0.19642857142857142,0.4017857142857143,0.9166666666666666,0.4166666666666667,0.9137731481481481,0.24302143500172657,0,nan,nan,nan,nan,nan,nan,nan
bursts T=600s w=0.12,2,cch_gauss2,600,0.12,True,0.1,0.0,11.49,robust,240,24,21,49,3,12,0.3,0.4714285714285714,0.875,0.22685185185185186,0.9292052469135802,0.23203425663715294,0,nan,nan,nan,nan,nan,nan,nan
bursts T=1800s w=0.03,0,cch_gauss2,1800,0.03,True,0.1,0.0,9.0,all,240,24,20,86,4,21,0.18867924528301888,0.3867924528301887,0.8333333333333334,0.39814814814814814,0.8668981481481481,0.2828487533560289,0,nan,nan,nan,nan,nan,nan,nan
bursts T=1800s w=0.03,0,cch_gauss2,1800,0.03,True,0.1,0.0,9.0,no_bursts,240,24,19,96,5,28,0.16521739130434782,0.40869565217391307,0.7916666666666666,0.4444444444444444,0.8375771604938271,0.3364361980240984,0,nan,nan,nan,nan,nan,nan,nan
bursts T=1800s w=0.03,0,cch_gauss2,1800,0.03,True,0.1,0.0,9.0,robust,240,24,19,40,5,10,0.3220338983050847,0.4915254237288136,0.7916666666666666,0.18518518518518517,0.8668981481481481,0.2640929094948161,0,nan,nan,nan,nan,nan,nan,nan
bursts T=1800s w=0.03,1,cch_gauss2,1800,0.03,True,0.1,0.0,14.1,all,240,27,23,89,4,25,0.20535714285714285,0.42857142857142855,0.8518518518518519,0.41784037558685444,0.8699356633628934,0.33670137738206307,0,nan,nan,nan,nan,nan,nan,nan
bursts T=1800s w=0.03,1,cch_gauss2,1800,0.03,True,0.1,0.0,14.1,no_bursts,240,27,24,93,3,26,0.20512820512820512,0.42735042735042733,0.8888888888888888,0.43661971830985913,0.8779342723004695,0.3411942264730172,0,nan,nan,nan,nan,nan,nan,nan
bursts T=1800s w=0.03,1,cch_gauss2,1800,0.03,True,0.1,0.0,14.1,robust,240,27,23,49,4,13,0.3194444444444444,0.5,0.8518518518518519,0.2300469483568075,0.8699356633628934,0.33670137738206307,0,nan,nan,nan,nan,nan,nan,nan
bursts T=1800s w=0.03,2,cch_gauss2,1800,0.03,True,0.1,0.0,11.43,all,240,24,21,84,3,19,0.2,0.38095238095238093,0.875,0.3888888888888889,0.8524305555555556,0.19401493514028711,0,nan,nan,nan,nan,nan,nan,nan
bursts T=1800s w=0.03,2,cch_gauss2,1800,0.03,True,0.1,0.0,11.43,no_bursts,240,24,21,98,3,28,0.17647058823529413,0.4117647058823529,0.875,0.4537037037037037,0.8458719135802469,0.20655575656190228,0,nan,nan,nan,nan,nan,nan,nan
bursts T=1800s w=0.03,2,cch_gauss2,1800,0.03,True,0.1,0.0,11.43,robust,240,24,21,42,3,10,0.3333333333333333,0.49206349206349204,0.875,0.19444444444444445,0.8524305555555556,0.19401493514028711,0,nan,nan,nan,nan,nan,nan,nan
bursts T=1800s w=0.06,0,cch_gauss2,1800,0.06,True,0.1,0.0,11.69,all,240,24,20,85,4,21,0.19047619047619047,0.3904761904761905,0.8333333333333334,0.39351851851851855,0.8792438271604939,0.2637136758233404,0,nan,nan,nan,nan,nan,nan,nan
bursts T=1800s w=0.06,0,cch_gauss2,1800,0.06,True,0.1,0.0,11.69,no_bursts,240,24,19,90,5,25,0.1743119266055046,0.4036697247706422,0.7916666666666666,0.4166666666666667,0.8339120370370371,0.30160459721724164,0,nan,nan,nan,nan,nan,nan,nan
bursts T=1800s w=0.06,0,cch_gauss2,1800,0.06,True,0.1,0.0,11.69,robust,240,24,19,43,5,9,0.3064516129032258,0.45161290322580644,0.7916666666666666,0.19907407407407407,0.8792438271604939,0.26333444215186463,0,nan,nan,nan,nan,nan,nan,nan
bursts T=1800s w=0.06,1,cch_gauss2,1800,0.06,True,0.1,0.0,14.41,all,240,27,23,86,4,23,0.21100917431192662,0.42201834862385323,0.8518518518518519,0.40375586854460094,0.8888888888888888,0.33127800366318727,0,nan,nan,nan,nan,nan,nan,nan
bursts T=1800s w=0.06,1,cch_gauss2,1800,0.06,True,0.1,0.0,14.41,no_bursts,240,27,24,91,3,22,0.20869565217391303,0.4,0.8888888888888888,0.4272300469483568,0.8876717092679534,0.32943107437842567,0,nan,nan,nan,nan,nan,nan,nan
bursts T=1800s w=0.06,1,cch_gauss2,1800,0.06,True,0.1,0.0,14.41,robust,240,27,23,49,4,11,0.3194444444444444,0.4722222222222222,0.8518518518518519,0.2300469483568075,0.8888888888888888,0.33127800366318727,0,nan,nan,nan,nan,nan,nan,nan
bursts T=1800s w=0.06,2,cch_gauss2,1800,0.06,True,0.1,0.0,13.84,all,240,24,22,88,2,24,0.2,0.41818181818181815,0.9166666666666666,0.4074074074074074,0.9077932098765432,0.23510824857888424,0,nan,nan,nan,nan,nan,nan,nan
bursts T=1800s w=0.06,2,cch_gauss2,1800,0.06,True,0.1,0.0,13.84,no_bursts,240,24,22,95,2,25,0.18803418803418803,0.4017094017094017,0.9166666666666666,0.4398148148148148,0.8967978395061729,0.21362106701949002,0,nan,nan,nan,nan,nan,nan,nan
bursts T=1800s w=0.06,2,cch_gauss2,1800,0.06,True,0.1,0.0,13.84,robust,240,24,21,46,3,15,0.31343283582089554,0.5373134328358209,0.875,0.21296296296296297,0.9077932098765432,0.23203425663715294,0,nan,nan,nan,nan,nan,nan,nan
bursts T=1800s w=0.12,0,cch_gauss2,1800,0.12,True,0.1,0.0,7.44,all,240,24,20,82,4,23,0.19607843137254902,0.4215686274509804,0.8333333333333334,0.37962962962962965,0.8829089506172839,0.3392855372573682,0,nan,nan,nan,nan,nan,nan,nan
bursts T=1800s w=0.12,0,cch_gauss2,1800,0.12,True,0.1,0.0,7.44,no_bursts,240,24,20,85,4,22,0.19047619047619047,0.4,0.8333333333333334,0.39351851851851855,0.8753858024691358,0.3587130504686161,0,nan,nan,nan,nan,nan,nan,nan
bursts T=1800s w=0.12,0,cch_gauss2,1800,0.12,True,0.1,0.0,7.44,robust,240,24,20,56,4,21,0.2631578947368421,0.5394736842105263,0.8333333333333334,0.25925925925925924,0.8829089506172839,0.3392855372573682,0,nan,nan,nan,nan,nan,nan,nan
bursts T=1800s w=0.12,1,cch_gauss2,1800,0.12,True,0.1,0.0,6.84,all,240,27,25,82,2,27,0.2336448598130841,0.48598130841121495,0.9259259259259259,0.38497652582159625,0.9462702138758476,0.3511104492828472,0,nan,nan,nan,nan,nan,nan,nan
bursts T=1800s w=0.12,1,cch_gauss2,1800,0.12,True,0.1,0.0,6.84,no_bursts,240,27,25,90,2,29,0.21739130434782608,0.46956521739130436,0.9259259259259259,0.4225352112676056,0.8989740914623544,0.32758414509366407,0,nan,nan,nan,nan,nan,nan,nan
bursts T=1800s w=0.12,1,cch_gauss2,1800,0.12,True,0.1,0.0,6.84,robust,240,27,24,54,3,22,0.3076923076923077,0.5897435897435898,0.8888888888888888,0.2535211267605634,0.9462702138758476,0.3411942264730172,0,nan,nan,nan,nan,nan,nan,nan
bursts T=1800s w=0.12,2,cch_gauss2,1800,0.12,True,0.1,0.0,15.24,all,240,24,22,83,2,27,0.20952380952380953,0.4666666666666667,0.9166666666666666,0.38425925925925924,0.9292052469135802,0.23510824857888424,0,nan,nan,nan,nan,nan,nan,nan
bursts T=1800s w=0.12,2,cch_gauss2,1800,0.12,True,0.1,0.0,15.24,no_bursts,240,24,22,90,2,28,0.19642857142857142,0.44642857142857145,0.9166666666666666,0.4166666666666667,0.9108796296296297,0.22636031705711535,0,nan,nan,nan,nan,nan,nan,nan
bursts T=1800s w=0.12,2,cch_gauss2,1800,0.12,True,0.1,0.0,15.24,robust,240,24,22,53,2,22,0.29333333333333333,0.5866666666666667,0.9166666666666666,0.24537037037037038,0.9292052469135802,0.23510824857888424,0,nan,nan,nan,nan,nan,nan,nan
bursts null T=600s,0,cch_gauss2,600.0,0.2,True,0.0,0.0,14.37,all,240,0,0,113,0,0,0.0,0.0,nan,0.4708333333333333,nan,nan,0,nan,nan,nan,nan,nan,nan,nan
bursts null T=600s,0,cch_gauss2,600.0,0.2,True,0.0,0.0,14.37,no_bursts,240,0,0,118,0,0,0.0,0.0,nan,0.49166666666666664,nan,nan,0,nan,nan,nan,nan,nan,nan,nan
bursts null T=600s,0,cch_gauss2,600.0,0.2,True,0.0,0.0,14.37,robust,240,0,0,65,0,0,0.0,0.0,nan,0.2708333333333333,nan,nan,0,nan,nan,nan,nan,nan,nan,nan
bursts null T=600s,1,cch_gauss2,600.0,0.2,True,0.0,0.0,11.05,all,240,0,0,116,0,0,0.0,0.0,nan,0.48333333333333334,nan,nan,0,nan,nan,nan,nan,nan,nan,nan
bursts null T=600s,1,cch_gauss2,600.0,0.2,True,0.0,0.0,11.05,no_bursts,240,0,0,120,0,0,0.0,0.0,nan,0.5,nan,nan,0,nan,nan,nan,nan,nan,nan,nan
bursts null T=600s,1,cch_gauss2,600.0,0.2,True,0.0,0.0,11.05,robust,240,0,0,51,0,0,0.0,0.0,nan,0.2125,nan,nan,0,nan,nan,nan,nan,nan,nan,nan
bursts null T=600s,2,cch_gauss2,600.0,0.2,True,0.0,0.0,18.37,all,240,0,0,116,0,0,0.0,0.0,nan,0.48333333333333334,nan,nan,0,nan,nan,nan,nan,nan,nan,nan
bursts null T=600s,2,cch_gauss2,600.0,0.2,True,0.0,0.0,18.37,no_bursts,240,0,0,119,0,0,0.0,0.0,nan,0.49583333333333335,nan,nan,0,nan,nan,nan,nan,nan,nan,nan
bursts null T=600s,2,cch_gauss2,600.0,0.2,True,0.0,0.0,18.37,robust,240,0,0,64,0,0,0.0,0.0,nan,0.26666666666666666,nan,nan,0,nan,nan,nan,nan,nan,nan,nan
stim null T=600s,0,cch_gauss2,600.0,0.2,False,0.0,0.0,8.17,all,240,0,0,91,0,0,0.0,0.0,nan,0.37916666666666665,nan,nan,0,nan,nan,nan,nan,nan,nan,nan
stim null T=600s,0,cch_gauss2,600.0,0.2,False,0.0,0.0,8.17,no_bursts,240,0,0,102,0,0,0.0,0.0,nan,0.425,nan,nan,0,nan,nan,nan,nan,nan,nan,nan
stim null T=600s,0,cch_gauss2,600.0,0.2,False,0.0,0.0,8.17,robust,240,0,0,69,0,0,0.0,0.0,nan,0.2875,nan,nan,0,nan,nan,nan,nan,nan,nan,nan
stim null T=600s,1,cch_gauss2,600.0,0.2,False,0.0,0.0,3.94,all,240,0,0,81,0,0,0.0,0.0,nan,0.3375,nan,nan,0,nan,nan,nan,nan,nan,nan,nan
stim null T=600s,1,cch_gauss2,600.0,0.2,False,0.0,0.0,3.94,no_bursts,240,0,0,99,0,0,0.0,0.0,nan,0.4125,nan,nan,0,nan,nan,nan,nan,nan,nan,nan
stim null T=600s,1,cch_gauss2,600.0,0.2,False,0.0,0.0,3.94,robust,240,0,0,69,0,0,0.0,0.0,nan,0.2875,nan,nan,0,nan,nan,nan,nan,nan,nan,nan
stim null T=600s,2,cch_gauss2,600.0,0.2,False,0.0,0.0,10.43,all,240,0,0,78,0,0,0.0,0.0,nan,0.325,nan,nan,0,nan,nan,nan,nan,nan,nan,nan
stim null T=600s,2,cch_gauss2,600.0,0.2,False,0.0,0.0,10.43,no_bursts,240,0,0,100,0,0,0.0,0.0,nan,0.4166666666666667,nan,nan,0,nan,nan,nan,nan,nan,nan,nan
stim null T=600s,2,cch_gauss2,600.0,0.2,False,0.0,0.0,10.43,robust,240,0,0,58,0,0,0.0,0.0,nan,0.24166666666666667,nan,nan,0,nan,nan,nan,nan,nan,nan,nan
inh no-bursts T=600s,0,cch_gauss2,600,0.06,False,0.1,0.2,31.54,all,240,18,16,103,2,21,0.13445378151260504,0.31092436974789917,0.8888888888888888,0.46396396396396394,0.8741241241241241,0.37393722110840844,6,nan,nan,nan,nan,nan,nan,nan
inh no-bursts T=600s,0,cch_gauss2,600,0.06,False,0.1,0.2,31.54,no_bursts,240,18,16,103,2,21,0.13445378151260504,0.31092436974789917,0.8888888888888888,0.46396396396396394,0.8741241241241241,0.37393722110840844,6,nan,nan,nan,nan,nan,nan,nan
inh no-bursts T=600s,0,cch_gauss2,600,0.06,False,0.1,0.2,31.54,robust,240,18,16,103,2,21,0.13445378151260504,0.31092436974789917,0.8888888888888888,0.46396396396396394,0.8741241241241241,0.37393722110840844,6,nan,nan,nan,nan,nan,nan,nan
inh no-bursts T=600s,1,cch_gauss2,600,0.06,False,0.1,0.2,25.41,all,240,20,18,102,2,21,0.15,0.325,0.9,0.4636363636363636,0.7952272727272728,0.4184283122879613,7,nan,nan,nan,nan,nan,nan,nan
inh no-bursts T=600s,1,cch_gauss2,600,0.06,False,0.1,0.2,25.41,no_bursts,240,20,18,102,2,21,0.15,0.325,0.9,0.4636363636363636,0.7952272727272728,0.4184283122879613,7,nan,nan,nan,nan,nan,nan,nan
inh no-bursts T=600s,1,cch_gauss2,600,0.06,False,0.1,0.2,25.41,robust,240,20,18,102,2,21,0.15,0.325,0.9,0.4636363636363636,0.7952272727272728,0.4184283122879613,7,nan,nan,nan,nan,nan,nan,nan
inh no-bursts T=600s,2,cch_gauss2,600,0.06,False,0.1,0.2,27.23,all,240,19,18,99,1,23,0.15384615384615385,0.3504273504273504,0.9473684210526315,0.4479638009049774,0.908073350797809,0.30991143850111413,5,nan,nan,nan,nan,nan,nan,nan
inh no-bursts T=600s,2,cch_gauss2,600,0.06,False,0.1,0.2,27.23,no_bursts,240,19,18,99,1,23,0.15384615384615385,0.3504273504273504,0.9473684210526315,0.4479638009049774,0.908073350797809,0.30991143850111413,5,nan,nan,nan,nan,nan,nan,nan
inh no-bursts T=600s,2,cch_gauss2,600,0.06,False,0.1,0.2,27.23,robust,240,19,18,99,1,23,0.15384615384615385,0.3504273504273504,0.9473684210526315,0.4479638009049774,0.908073350797809,0.30991143850111413,5,nan,nan,nan,nan,nan,nan,nan
inh no-bursts T=1800s,0,cch_gauss2,1800,0.06,False,0.1,0.2,14.14,all,240,18,17,96,1,16,0.1504424778761062,0.2920353982300885,0.9444444444444444,0.43243243243243246,0.9231731731731732,0.4354857227864768,6,nan,nan,nan,nan,nan,nan,nan
inh no-bursts T=1800s,0,cch_gauss2,1800,0.06,False,0.1,0.2,14.14,no_bursts,240,18,16,96,2,16,0.14285714285714285,0.2857142857142857,0.8888888888888888,0.43243243243243246,0.8828828828828829,0.379507331639112,6,nan,nan,nan,nan,nan,nan,nan
inh no-bursts T=1800s,0,cch_gauss2,1800,0.06,False,0.1,0.2,14.14,robust,240,18,16,96,2,16,0.14285714285714285,0.2857142857142857,0.8888888888888888,0.43243243243243246,0.9231731731731732,0.379507331639112,6,nan,nan,nan,nan,nan,nan,nan
inh no-bursts T=1800s,1,cch_gauss2,1800,0.06,False,0.1,0.2,20.55,all,240,20,18,97,2,20,0.1565217391304348,0.33043478260869563,0.9,0.4409090909090909,0.9136363636363637,0.27499090624490474,7,nan,nan,nan,nan,nan,nan,nan
inh no-bursts T=1800s,1,cch_gauss2,1800,0.06,False,0.1,0.2,20.55,no_bursts,240,20,18,97,2,20,0.1565217391304348,0.33043478260869563,0.9,0.4409090909090909,0.9131818181818182,0.27499090624490474,7,nan,nan,nan,nan,nan,nan,nan
inh no-bursts T=1800s,1,cch_gauss2,1800,0.06,False,0.1,0.2,20.55,robust,240,20,18,94,2,20,0.16071428571428573,0.3392857142857143,0.9,0.42727272727272725,0.9136363636363637,0.27499090624490474,7,nan,nan,nan,nan,nan,nan,nan
inh no-bursts T=1800s,2,cch_gauss2,1800,0.06,False,0.1,0.2,23.63,all,240,19,18,100,1,20,0.15254237288135594,0.3220338983050847,0.9473684210526315,0.45248868778280543,0.9179566563467493,0.23510824857888424,5,nan,nan,nan,nan,nan,nan,nan
inh no-bursts T=1800s,2,cch_gauss2,1800,0.06,False,0.1,0.2,23.63,no_bursts,240,19,18,100,1,20,0.15254237288135594,0.3220338983050847,0.9473684210526315,0.45248868778280543,0.9184329602286259,0.23510824857888424,5,nan,nan,nan,nan,nan,nan,nan
inh no-bursts T=1800s,2,cch_gauss2,1800,0.06,False,0.1,0.2,23.63,robust,240,19,18,97,1,19,0.1565217391304348,0.3217391304347826,0.9473684210526315,0.43891402714932126,0.9179566563467493,0.23510824857888424,5,nan,nan,nan,nan,nan,nan,nan
inh bursts T=600s,0,cch_gauss2,600,0.06,True,0.1,0.2,16.31,all,240,18,16,97,2,18,0.1415929203539823,0.3008849557522124,0.8888888888888888,0.4369369369369369,0.9001501501501501,0.38062672743268644,6,nan,nan,nan,nan,nan,nan,nan
inh bursts T=600s,0,cch_gauss2,600,0.06,True,0.1,0.2,16.31,no_bursts,240,18,16,101,2,20,0.13675213675213677,0.3076923076923077,0.8888888888888888,0.45495495495495497,0.8948948948948949,0.45551938024978966,6,nan,nan,nan,nan,nan,nan,nan
inh bursts T=600s,0,cch_gauss2,600,0.06,True,0.1,0.2,16.31,robust,240,18,16,55,2,12,0.22535211267605634,0.39436619718309857,0.8888888888888888,0.24774774774774774,0.9001501501501501,0.38062672743268644,6,nan,nan,nan,nan,nan,nan,nan
inh bursts T=600s,1,cch_gauss2,600,0.06,True,0.1,0.2,17.4,all,240,20,18,97,2,22,0.1565217391304348,0.34782608695652173,0.9,0.4409090909090909,0.9011363636363636,0.28602102451475653,7,nan,nan,nan,nan,nan,nan,nan
inh bursts T=600s,1,cch_gauss2,600,0.06,True,0.1,0.2,17.4,no_bursts,240,20,18,100,2,19,0.15254237288135594,0.3135593220338983,0.9,0.45454545454545453,0.8731818181818182,0.39415801026054786,7,nan,nan,nan,nan,nan,nan,nan
inh bursts T=600s,1,cch_gauss2,600,0.06,True,0.1,0.2,17.4,robust,240,20,18,53,2,11,0.2535211267605634,0.4084507042253521,0.9,0.2409090909090909,0.9011363636363636,0.28602102451475653,7,nan,nan,nan,nan,nan,nan,nan
inh bursts T=600s,2,cch_gauss2,600,0.06,True,0.1,0.2,19.01,all,240,19,18,99,1,19,0.15384615384615385,0.3162393162393162,0.9473684210526315,0.4479638009049774,0.8809240295308407,0.30888626104370953,5,nan,nan,nan,nan,nan,nan,nan
inh bursts T=600s,2,cch_gauss2,600,0.06,True,0.1,0.2,19.01,no_bursts,240,19,18,100,1,21,0.15254237288135594,0.3305084745762712,0.9473684210526315,0.45248868778280543,0.8510359609430816,0.28943021692034265,5,nan,nan,nan,nan,nan,nan,nan
inh bursts T=600s,2,cch_gauss2,600,0.06,True,0.1,0.2,19.01,robust,240,19,18,56,1,10,0.24324324324324326,0.3783783783783784,0.9473684210526315,0.25339366515837103,0.8809240295308407,0.30888626104370953,5,nan,nan,nan,nan,nan,nan,nan
inh bursts T=1800s,0,cch_gauss2,1800,0.06,True,0.1,0.2,13.29,all,240,18,16,93,2,19,0.14678899082568808,0.3211009174311927,0.8888888888888888,0.4189189189189189,0.9124124124124124,0.2828487533560289,6,nan,nan,nan,nan,nan,nan,nan
inh bursts T=1800s,0,cch_gauss2,1800,0.06,True,0.1,0.2,13.29,no_bursts,240,18,16,94,2,13,0.14545454545454545,0.2636363636363636,0.8888888888888888,0.42342342342342343,0.8881381381381381,0.22603890576663854,6,nan,nan,nan,nan,nan,nan,nan
inh bursts T=1800s,0,cch_gauss2,1800,0.06,True,0.1,0.2,13.29,robust,240,18,16,46,2,7,0.25806451612903225,0.3709677419354839,0.8888888888888888,0.2072072072072072,0.9124124124124124,0.2828487533560289,6,nan,nan,nan,nan,nan,nan,nan
inh bursts T=1800s,1,cch_gauss2,1800,0.06,True,0.1,0.2,15.62,all,240,20,15,93,5,18,0.1388888888888889,0.3055555555555556,0.75,0.42272727272727273,0.8144318181818182,0.22252398973921483,7,nan,nan,nan,nan,nan,nan,nan
inh bursts T=1800s,1,cch_gauss2,1800,0.06,True,0.1,0.2,15.62,no_bursts,240,20,16,98,4,18,0.14035087719298245,0.2982456140350877,0.8,0.44545454545454544,0.8022727272727272,0.36907246665089377,7,nan,nan,nan,nan,nan,nan,nan
inh bursts T=1800s,1,cch_gauss2,1800,0.06,True,0.1,0.2,15.62,robust,240,20,15,57,5,12,0.20833333333333334,0.375,0.75,0.2590909090909091,0.8144318181818182,0.22252398973921483,7,nan,nan,nan,nan,nan,nan,nan
inh bursts T=1800s,2,cch_gauss2,1800,0.06,True,0.1,0.2,12.51,all,240,19,18,94,1,18,0.16071428571428573,0.32142857142857145,0.9473684210526315,0.4253393665158371,0.9274827339842819,0.2223689985412589,5,nan,nan,nan,nan,nan,nan,nan
inh bursts T=1800s,2,cch_gauss2,1800,0.06,True,0.1,0.2,12.51,no_bursts,240,19,18,101,1,20,0.15126050420168066,0.31932773109243695,0.9473684210526315,0.45701357466063347,0.9206954036675399,0.27046254469275155,5,nan,nan,nan,nan,nan,nan,nan
inh bursts T=1800s,2,cch_gauss2,1800,0.06,True,0.1,0.2,12.51,robust,240,19,18,35,1,4,0.33962264150943394,0.41509433962264153,0.9473684210526315,0.1583710407239819,0.9274827339842819,0.2223689985412589,5,nan,nan,nan,nan,nan,nan,nan
inh high-rate T=600s,0,cch_gauss2,600.0,0.06,False,0.1,0.2,18.23,all,240,18,16,99,2,17,0.1391304347826087,0.28695652173913044,0.8888888888888888,0.44594594594594594,0.8711211211211212,0.29381092499328165,6,nan,nan,nan,nan,nan,nan,nan
inh high-rate T=600s,0,cch_gauss2,600.0,0.06,False,0.1,0.2,18.23,no_bursts,240,18,14,100,4,19,0.12280701754385964,0.2894736842105263,0.7777777777777778,0.45045045045045046,0.7627627627627628,0.4729867458707939,6,nan,nan,nan,nan,nan,nan,nan
inh high-rate T=600s,0,cch_gauss2,600.0,0.06,False,0.1,0.2,18.23,robust,240,18,14,50,4,7,0.21875,0.328125,0.7777777777777778,0.22522522522522523,0.8711211211211212,0.25312539788585076,6,nan,nan,nan,nan,nan,nan,nan
inh high-rate T=600s,1,cch_gauss2,600.0,0.06,False,0.1,0.2,16.18,all,240,20,18,100,2,17,0.15254237288135594,0.2966101694915254,0.9,0.45454545454545453,0.8720454545454546,0.28779413041414204,7,nan,nan,nan,nan,nan,nan,nan
inh high-rate T=600s,1,cch_gauss2,600.0,0.06,False,0.1,0.2,16.18,no_bursts,240,20,17,102,3,20,0.14285714285714285,0.31092436974789917,0.85,0.4636363636363636,0.8038636363636363,0.3511104492828472,7,nan,nan,nan,nan,nan,nan,nan
inh high-rate T=600s,1,cch_gauss2,600.0,0.06,False,0.1,0.2,16.18,robust,240,20,16,47,4,7,0.25396825396825395,0.36507936507936506,0.8,0.21363636363636362,0.8720454545454546,0.279881204089385,7,nan,nan,nan,nan,nan,nan,nan
inh high-rate T=600s,2,cch_gauss2,600.0,0.06,False,0.1,0.2,17.92,all,240,19,18,102,1,23,0.15,0.3416666666666667,0.9473684210526315,0.46153846153846156,0.8812812574422482,0.28943021692034265,5,nan,nan,nan,nan,nan,nan,nan
inh high-rate T=600s,2,cch_gauss2,600.0,0.06,False,0.1,0.2,17.92,no_bursts,240,19,16,102,3,22,0.13559322033898305,0.3220338983050847,0.8421052631578947,0.46153846153846156,0.7900690640628721,0.24102006727844438,5,nan,nan,nan,nan,nan,nan,nan
inh high-rate T=600s,2,cch_gauss2,600.0,0.06,False,0.1,0.2,17.92,robust,240,19,15,59,4,13,0.20270270270270271,0.3783783783783784,0.7894736842105263,0.2669683257918552,0.8812812574422482,0.28761829922353366,5,nan,nan,nan,nan,nan,nan,nan
